[2025-02-26 11:06:44] local.ERROR: View [frontend.index] not found. {"exception":"[object] (InvalidArgumentException(code: 0): View [frontend.index] not found. at C:\\xampp\\htdocs\\DailyInsure\\vendor\\laravel\\framework\\src\\Illuminate\\View\\FileViewFinder.php:137)
[stacktrace]
#0 C:\\xampp\\htdocs\\DailyInsure\\vendor\\laravel\\framework\\src\\Illuminate\\View\\FileViewFinder.php(79): Illuminate\\View\\FileViewFinder->findInPaths('frontend.index', Array)
#1 C:\\xampp\\htdocs\\DailyInsure\\vendor\\laravel\\framework\\src\\Illuminate\\View\\Factory.php(137): Illuminate\\View\\FileViewFinder->find('frontend.index')
#2 C:\\xampp\\htdocs\\DailyInsure\\vendor\\laravel\\framework\\src\\Illuminate\\Foundation\\helpers.php(932): Illuminate\\View\\Factory->make('frontend.index', Array, Array)
#3 C:\\xampp\\htdocs\\DailyInsure\\app\\Http\\Controllers\\Web\\WebsiteController.php(16): view('frontend.index', Array)
#4 C:\\xampp\\htdocs\\DailyInsure\\vendor\\laravel\\framework\\src\\Illuminate\\Routing\\Controller.php(54): App\\Http\\Controllers\\Web\\WebsiteController->webIndex()
#5 C:\\xampp\\htdocs\\DailyInsure\\vendor\\laravel\\framework\\src\\Illuminate\\Routing\\ControllerDispatcher.php(45): Illuminate\\Routing\\Controller->callAction('webIndex', Array)
#6 C:\\xampp\\htdocs\\DailyInsure\\vendor\\laravel\\framework\\src\\Illuminate\\Routing\\Route.php(261): Illuminate\\Routing\\ControllerDispatcher->dispatch(Object(Illuminate\\Routing\\Route), Object(App\\Http\\Controllers\\Web\\WebsiteController), 'webIndex')
#7 C:\\xampp\\htdocs\\DailyInsure\\vendor\\laravel\\framework\\src\\Illuminate\\Routing\\Route.php(205): Illuminate\\Routing\\Route->runController()
#8 C:\\xampp\\htdocs\\DailyInsure\\vendor\\laravel\\framework\\src\\Illuminate\\Routing\\Router.php(721): Illuminate\\Routing\\Route->run()
#9 C:\\xampp\\htdocs\\DailyInsure\\vendor\\laravel\\framework\\src\\Illuminate\\Pipeline\\Pipeline.php(128): Illuminate\\Routing\\Router->Illuminate\\Routing\\{closure}(Object(Illuminate\\Http\\Request))
#10 C:\\xampp\\htdocs\\DailyInsure\\vendor\\laravel\\framework\\src\\Illuminate\\Routing\\Middleware\\SubstituteBindings.php(50): Illuminate\\Pipeline\\Pipeline->Illuminate\\Pipeline\\{closure}(Object(Illuminate\\Http\\Request))
#11 C:\\xampp\\htdocs\\DailyInsure\\vendor\\laravel\\framework\\src\\Illuminate\\Pipeline\\Pipeline.php(167): Illuminate\\Routing\\Middleware\\SubstituteBindings->handle(Object(Illuminate\\Http\\Request), Object(Closure))
#12 C:\\xampp\\htdocs\\DailyInsure\\vendor\\laravel\\framework\\src\\Illuminate\\Foundation\\Http\\Middleware\\VerifyCsrfToken.php(78): Illuminate\\Pipeline\\Pipeline->Illuminate\\Pipeline\\{closure}(Object(Illuminate\\Http\\Request))
#13 C:\\xampp\\htdocs\\DailyInsure\\vendor\\laravel\\framework\\src\\Illuminate\\Pipeline\\Pipeline.php(167): Illuminate\\Foundation\\Http\\Middleware\\VerifyCsrfToken->handle(Object(Illuminate\\Http\\Request), Object(Closure))
#14 C:\\xampp\\htdocs\\DailyInsure\\vendor\\laravel\\framework\\src\\Illuminate\\View\\Middleware\\ShareErrorsFromSession.php(49): Illuminate\\Pipeline\\Pipeline->Illuminate\\Pipeline\\{closure}(Object(Illuminate\\Http\\Request))
#15 C:\\xampp\\htdocs\\DailyInsure\\vendor\\laravel\\framework\\src\\Illuminate\\Pipeline\\Pipeline.php(167): Illuminate\\View\\Middleware\\ShareErrorsFromSession->handle(Object(Illuminate\\Http\\Request), Object(Closure))
#16 C:\\xampp\\htdocs\\DailyInsure\\vendor\\laravel\\framework\\src\\Illuminate\\Session\\Middleware\\StartSession.php(121): Illuminate\\Pipeline\\Pipeline->Illuminate\\Pipeline\\{closure}(Object(Illuminate\\Http\\Request))
#17 C:\\xampp\\htdocs\\DailyInsure\\vendor\\laravel\\framework\\src\\Illuminate\\Session\\Middleware\\StartSession.php(64): Illuminate\\Session\\Middleware\\StartSession->handleStatefulRequest(Object(Illuminate\\Http\\Request), Object(Illuminate\\Session\\Store), Object(Closure))
#18 C:\\xampp\\htdocs\\DailyInsure\\vendor\\laravel\\framework\\src\\Illuminate\\Pipeline\\Pipeline.php(167): Illuminate\\Session\\Middleware\\StartSession->handle(Object(Illuminate\\Http\\Request), Object(Closure))
#19 C:\\xampp\\htdocs\\DailyInsure\\vendor\\laravel\\framework\\src\\Illuminate\\Cookie\\Middleware\\AddQueuedCookiesToResponse.php(37): Illuminate\\Pipeline\\Pipeline->Illuminate\\Pipeline\\{closure}(Object(Illuminate\\Http\\Request))
#20 C:\\xampp\\htdocs\\DailyInsure\\vendor\\laravel\\framework\\src\\Illuminate\\Pipeline\\Pipeline.php(167): Illuminate\\Cookie\\Middleware\\AddQueuedCookiesToResponse->handle(Object(Illuminate\\Http\\Request), Object(Closure))
#21 C:\\xampp\\htdocs\\DailyInsure\\vendor\\laravel\\framework\\src\\Illuminate\\Cookie\\Middleware\\EncryptCookies.php(67): Illuminate\\Pipeline\\Pipeline->Illuminate\\Pipeline\\{closure}(Object(Illuminate\\Http\\Request))
#22 C:\\xampp\\htdocs\\DailyInsure\\vendor\\laravel\\framework\\src\\Illuminate\\Pipeline\\Pipeline.php(167): Illuminate\\Cookie\\Middleware\\EncryptCookies->handle(Object(Illuminate\\Http\\Request), Object(Closure))
#23 C:\\xampp\\htdocs\\DailyInsure\\vendor\\laravel\\framework\\src\\Illuminate\\Pipeline\\Pipeline.php(103): Illuminate\\Pipeline\\Pipeline->Illuminate\\Pipeline\\{closure}(Object(Illuminate\\Http\\Request))
#24 C:\\xampp\\htdocs\\DailyInsure\\vendor\\laravel\\framework\\src\\Illuminate\\Routing\\Router.php(719): Illuminate\\Pipeline\\Pipeline->then(Object(Closure))
#25 C:\\xampp\\htdocs\\DailyInsure\\vendor\\laravel\\framework\\src\\Illuminate\\Routing\\Router.php(698): Illuminate\\Routing\\Router->runRouteWithinStack(Object(Illuminate\\Routing\\Route), Object(Illuminate\\Http\\Request))
#26 C:\\xampp\\htdocs\\DailyInsure\\vendor\\laravel\\framework\\src\\Illuminate\\Routing\\Router.php(662): Illuminate\\Routing\\Router->runRoute(Object(Illuminate\\Http\\Request), Object(Illuminate\\Routing\\Route))
#27 C:\\xampp\\htdocs\\DailyInsure\\vendor\\laravel\\framework\\src\\Illuminate\\Routing\\Router.php(651): Illuminate\\Routing\\Router->dispatchToRoute(Object(Illuminate\\Http\\Request))
#28 C:\\xampp\\htdocs\\DailyInsure\\vendor\\laravel\\framework\\src\\Illuminate\\Foundation\\Http\\Kernel.php(167): Illuminate\\Routing\\Router->dispatch(Object(Illuminate\\Http\\Request))
#29 C:\\xampp\\htdocs\\DailyInsure\\vendor\\laravel\\framework\\src\\Illuminate\\Pipeline\\Pipeline.php(128): Illuminate\\Foundation\\Http\\Kernel->Illuminate\\Foundation\\Http\\{closure}(Object(Illuminate\\Http\\Request))
#30 C:\\xampp\\htdocs\\DailyInsure\\vendor\\laravel\\framework\\src\\Illuminate\\Foundation\\Http\\Middleware\\TransformsRequest.php(21): Illuminate\\Pipeline\\Pipeline->Illuminate\\Pipeline\\{closure}(Object(Illuminate\\Http\\Request))
#31 C:\\xampp\\htdocs\\DailyInsure\\vendor\\laravel\\framework\\src\\Illuminate\\Foundation\\Http\\Middleware\\ConvertEmptyStringsToNull.php(31): Illuminate\\Foundation\\Http\\Middleware\\TransformsRequest->handle(Object(Illuminate\\Http\\Request), Object(Closure))
#32 C:\\xampp\\htdocs\\DailyInsure\\vendor\\laravel\\framework\\src\\Illuminate\\Pipeline\\Pipeline.php(167): Illuminate\\Foundation\\Http\\Middleware\\ConvertEmptyStringsToNull->handle(Object(Illuminate\\Http\\Request), Object(Closure))
#33 C:\\xampp\\htdocs\\DailyInsure\\vendor\\laravel\\framework\\src\\Illuminate\\Foundation\\Http\\Middleware\\TransformsRequest.php(21): Illuminate\\Pipeline\\Pipeline->Illuminate\\Pipeline\\{closure}(Object(Illuminate\\Http\\Request))
#34 C:\\xampp\\htdocs\\DailyInsure\\vendor\\laravel\\framework\\src\\Illuminate\\Foundation\\Http\\Middleware\\TrimStrings.php(40): Illuminate\\Foundation\\Http\\Middleware\\TransformsRequest->handle(Object(Illuminate\\Http\\Request), Object(Closure))
#35 C:\\xampp\\htdocs\\DailyInsure\\vendor\\laravel\\framework\\src\\Illuminate\\Pipeline\\Pipeline.php(167): Illuminate\\Foundation\\Http\\Middleware\\TrimStrings->handle(Object(Illuminate\\Http\\Request), Object(Closure))
#36 C:\\xampp\\htdocs\\DailyInsure\\vendor\\laravel\\framework\\src\\Illuminate\\Foundation\\Http\\Middleware\\ValidatePostSize.php(27): Illuminate\\Pipeline\\Pipeline->Illuminate\\Pipeline\\{closure}(Object(Illuminate\\Http\\Request))
#37 C:\\xampp\\htdocs\\DailyInsure\\vendor\\laravel\\framework\\src\\Illuminate\\Pipeline\\Pipeline.php(167): Illuminate\\Foundation\\Http\\Middleware\\ValidatePostSize->handle(Object(Illuminate\\Http\\Request), Object(Closure))
#38 C:\\xampp\\htdocs\\DailyInsure\\vendor\\laravel\\framework\\src\\Illuminate\\Foundation\\Http\\Middleware\\PreventRequestsDuringMaintenance.php(86): Illuminate\\Pipeline\\Pipeline->Illuminate\\Pipeline\\{closure}(Object(Illuminate\\Http\\Request))
#39 C:\\xampp\\htdocs\\DailyInsure\\vendor\\laravel\\framework\\src\\Illuminate\\Pipeline\\Pipeline.php(167): Illuminate\\Foundation\\Http\\Middleware\\PreventRequestsDuringMaintenance->handle(Object(Illuminate\\Http\\Request), Object(Closure))
#40 C:\\xampp\\htdocs\\DailyInsure\\vendor\\fruitcake\\laravel-cors\\src\\HandleCors.php(38): Illuminate\\Pipeline\\Pipeline->Illuminate\\Pipeline\\{closure}(Object(Illuminate\\Http\\Request))
#41 C:\\xampp\\htdocs\\DailyInsure\\vendor\\laravel\\framework\\src\\Illuminate\\Pipeline\\Pipeline.php(167): Fruitcake\\Cors\\HandleCors->handle(Object(Illuminate\\Http\\Request), Object(Closure))
#42 C:\\xampp\\htdocs\\DailyInsure\\vendor\\laravel\\framework\\src\\Illuminate\\Http\\Middleware\\TrustProxies.php(39): Illuminate\\Pipeline\\Pipeline->Illuminate\\Pipeline\\{closure}(Object(Illuminate\\Http\\Request))
#43 C:\\xampp\\htdocs\\DailyInsure\\vendor\\laravel\\framework\\src\\Illuminate\\Pipeline\\Pipeline.php(167): Illuminate\\Http\\Middleware\\TrustProxies->handle(Object(Illuminate\\Http\\Request), Object(Closure))
#44 C:\\xampp\\htdocs\\DailyInsure\\vendor\\laravel\\framework\\src\\Illuminate\\Pipeline\\Pipeline.php(103): Illuminate\\Pipeline\\Pipeline->Illuminate\\Pipeline\\{closure}(Object(Illuminate\\Http\\Request))
#45 C:\\xampp\\htdocs\\DailyInsure\\vendor\\laravel\\framework\\src\\Illuminate\\Foundation\\Http\\Kernel.php(142): Illuminate\\Pipeline\\Pipeline->then(Object(Closure))
#46 C:\\xampp\\htdocs\\DailyInsure\\vendor\\laravel\\framework\\src\\Illuminate\\Foundation\\Http\\Kernel.php(111): Illuminate\\Foundation\\Http\\Kernel->sendRequestThroughRouter(Object(Illuminate\\Http\\Request))
#47 C:\\xampp\\htdocs\\DailyInsure\\public\\index.php(51): Illuminate\\Foundation\\Http\\Kernel->handle(Object(Illuminate\\Http\\Request))
#48 C:\\xampp\\htdocs\\DailyInsure\\index.php(21): require_once('C:\\\\xampp\\\\htdocs...')
#49 {main}
"} 
[2025-02-26 11:06:46] local.ERROR: file_put_contents(C:\xampp\htdocs\veygo\storage\framework/sessions/1NNIl5OW5SMG1as3aXzhLE2FQqoP2QrOVEbTizkn): Failed to open stream: No such file or directory {"exception":"[object] (ErrorException(code: 0): file_put_contents(C:\\xampp\\htdocs\\veygo\\storage\\framework/sessions/1NNIl5OW5SMG1as3aXzhLE2FQqoP2QrOVEbTizkn): Failed to open stream: No such file or directory at C:\\xampp\\htdocs\\DailyInsure\\vendor\\laravel\\framework\\src\\Illuminate\\Filesystem\\Filesystem.php:187)
[stacktrace]
#0 [internal function]: Illuminate\\Foundation\\Bootstrap\\HandleExceptions->handleError(2, 'file_put_conten...', 'C:\\\\xampp\\\\htdocs...', 187)
#1 C:\\xampp\\htdocs\\DailyInsure\\vendor\\laravel\\framework\\src\\Illuminate\\Filesystem\\Filesystem.php(187): file_put_contents('C:\\\\xampp\\\\htdocs...', 'a:3:{s:6:\"_toke...', 2)
#2 C:\\xampp\\htdocs\\DailyInsure\\vendor\\laravel\\framework\\src\\Illuminate\\Session\\FileSessionHandler.php(95): Illuminate\\Filesystem\\Filesystem->put('C:\\\\xampp\\\\htdocs...', 'a:3:{s:6:\"_toke...', true)
#3 C:\\xampp\\htdocs\\DailyInsure\\vendor\\laravel\\framework\\src\\Illuminate\\Session\\Store.php(128): Illuminate\\Session\\FileSessionHandler->write('1NNIl5OW5SMG1as...', 'a:3:{s:6:\"_toke...')
#4 C:\\xampp\\htdocs\\DailyInsure\\vendor\\laravel\\framework\\src\\Illuminate\\Session\\Middleware\\StartSession.php(236): Illuminate\\Session\\Store->save()
#5 C:\\xampp\\htdocs\\DailyInsure\\vendor\\laravel\\framework\\src\\Illuminate\\Session\\Middleware\\StartSession.php(130): Illuminate\\Session\\Middleware\\StartSession->saveSession(Object(Illuminate\\Http\\Request))
#6 C:\\xampp\\htdocs\\DailyInsure\\vendor\\laravel\\framework\\src\\Illuminate\\Session\\Middleware\\StartSession.php(64): Illuminate\\Session\\Middleware\\StartSession->handleStatefulRequest(Object(Illuminate\\Http\\Request), Object(Illuminate\\Session\\Store), Object(Closure))
#7 C:\\xampp\\htdocs\\DailyInsure\\vendor\\laravel\\framework\\src\\Illuminate\\Pipeline\\Pipeline.php(167): Illuminate\\Session\\Middleware\\StartSession->handle(Object(Illuminate\\Http\\Request), Object(Closure))
#8 C:\\xampp\\htdocs\\DailyInsure\\vendor\\laravel\\framework\\src\\Illuminate\\Cookie\\Middleware\\AddQueuedCookiesToResponse.php(37): Illuminate\\Pipeline\\Pipeline->Illuminate\\Pipeline\\{closure}(Object(Illuminate\\Http\\Request))
#9 C:\\xampp\\htdocs\\DailyInsure\\vendor\\laravel\\framework\\src\\Illuminate\\Pipeline\\Pipeline.php(167): Illuminate\\Cookie\\Middleware\\AddQueuedCookiesToResponse->handle(Object(Illuminate\\Http\\Request), Object(Closure))
#10 C:\\xampp\\htdocs\\DailyInsure\\vendor\\laravel\\framework\\src\\Illuminate\\Cookie\\Middleware\\EncryptCookies.php(67): Illuminate\\Pipeline\\Pipeline->Illuminate\\Pipeline\\{closure}(Object(Illuminate\\Http\\Request))
#11 C:\\xampp\\htdocs\\DailyInsure\\vendor\\laravel\\framework\\src\\Illuminate\\Pipeline\\Pipeline.php(167): Illuminate\\Cookie\\Middleware\\EncryptCookies->handle(Object(Illuminate\\Http\\Request), Object(Closure))
#12 C:\\xampp\\htdocs\\DailyInsure\\vendor\\laravel\\framework\\src\\Illuminate\\Pipeline\\Pipeline.php(103): Illuminate\\Pipeline\\Pipeline->Illuminate\\Pipeline\\{closure}(Object(Illuminate\\Http\\Request))
#13 C:\\xampp\\htdocs\\DailyInsure\\vendor\\laravel\\framework\\src\\Illuminate\\Routing\\Router.php(719): Illuminate\\Pipeline\\Pipeline->then(Object(Closure))
#14 C:\\xampp\\htdocs\\DailyInsure\\vendor\\laravel\\framework\\src\\Illuminate\\Routing\\Router.php(698): Illuminate\\Routing\\Router->runRouteWithinStack(Object(Illuminate\\Routing\\Route), Object(Illuminate\\Http\\Request))
#15 C:\\xampp\\htdocs\\DailyInsure\\vendor\\laravel\\framework\\src\\Illuminate\\Routing\\Router.php(662): Illuminate\\Routing\\Router->runRoute(Object(Illuminate\\Http\\Request), Object(Illuminate\\Routing\\Route))
#16 C:\\xampp\\htdocs\\DailyInsure\\vendor\\laravel\\framework\\src\\Illuminate\\Routing\\Router.php(651): Illuminate\\Routing\\Router->dispatchToRoute(Object(Illuminate\\Http\\Request))
#17 C:\\xampp\\htdocs\\DailyInsure\\vendor\\laravel\\framework\\src\\Illuminate\\Foundation\\Http\\Kernel.php(167): Illuminate\\Routing\\Router->dispatch(Object(Illuminate\\Http\\Request))
#18 C:\\xampp\\htdocs\\DailyInsure\\vendor\\laravel\\framework\\src\\Illuminate\\Pipeline\\Pipeline.php(128): Illuminate\\Foundation\\Http\\Kernel->Illuminate\\Foundation\\Http\\{closure}(Object(Illuminate\\Http\\Request))
#19 C:\\xampp\\htdocs\\DailyInsure\\vendor\\laravel\\framework\\src\\Illuminate\\Foundation\\Http\\Middleware\\TransformsRequest.php(21): Illuminate\\Pipeline\\Pipeline->Illuminate\\Pipeline\\{closure}(Object(Illuminate\\Http\\Request))
#20 C:\\xampp\\htdocs\\DailyInsure\\vendor\\laravel\\framework\\src\\Illuminate\\Foundation\\Http\\Middleware\\ConvertEmptyStringsToNull.php(31): Illuminate\\Foundation\\Http\\Middleware\\TransformsRequest->handle(Object(Illuminate\\Http\\Request), Object(Closure))
#21 C:\\xampp\\htdocs\\DailyInsure\\vendor\\laravel\\framework\\src\\Illuminate\\Pipeline\\Pipeline.php(167): Illuminate\\Foundation\\Http\\Middleware\\ConvertEmptyStringsToNull->handle(Object(Illuminate\\Http\\Request), Object(Closure))
#22 C:\\xampp\\htdocs\\DailyInsure\\vendor\\laravel\\framework\\src\\Illuminate\\Foundation\\Http\\Middleware\\TransformsRequest.php(21): Illuminate\\Pipeline\\Pipeline->Illuminate\\Pipeline\\{closure}(Object(Illuminate\\Http\\Request))
#23 C:\\xampp\\htdocs\\DailyInsure\\vendor\\laravel\\framework\\src\\Illuminate\\Foundation\\Http\\Middleware\\TrimStrings.php(40): Illuminate\\Foundation\\Http\\Middleware\\TransformsRequest->handle(Object(Illuminate\\Http\\Request), Object(Closure))
#24 C:\\xampp\\htdocs\\DailyInsure\\vendor\\laravel\\framework\\src\\Illuminate\\Pipeline\\Pipeline.php(167): Illuminate\\Foundation\\Http\\Middleware\\TrimStrings->handle(Object(Illuminate\\Http\\Request), Object(Closure))
#25 C:\\xampp\\htdocs\\DailyInsure\\vendor\\laravel\\framework\\src\\Illuminate\\Foundation\\Http\\Middleware\\ValidatePostSize.php(27): Illuminate\\Pipeline\\Pipeline->Illuminate\\Pipeline\\{closure}(Object(Illuminate\\Http\\Request))
#26 C:\\xampp\\htdocs\\DailyInsure\\vendor\\laravel\\framework\\src\\Illuminate\\Pipeline\\Pipeline.php(167): Illuminate\\Foundation\\Http\\Middleware\\ValidatePostSize->handle(Object(Illuminate\\Http\\Request), Object(Closure))
#27 C:\\xampp\\htdocs\\DailyInsure\\vendor\\laravel\\framework\\src\\Illuminate\\Foundation\\Http\\Middleware\\PreventRequestsDuringMaintenance.php(86): Illuminate\\Pipeline\\Pipeline->Illuminate\\Pipeline\\{closure}(Object(Illuminate\\Http\\Request))
#28 C:\\xampp\\htdocs\\DailyInsure\\vendor\\laravel\\framework\\src\\Illuminate\\Pipeline\\Pipeline.php(167): Illuminate\\Foundation\\Http\\Middleware\\PreventRequestsDuringMaintenance->handle(Object(Illuminate\\Http\\Request), Object(Closure))
#29 C:\\xampp\\htdocs\\DailyInsure\\vendor\\fruitcake\\laravel-cors\\src\\HandleCors.php(38): Illuminate\\Pipeline\\Pipeline->Illuminate\\Pipeline\\{closure}(Object(Illuminate\\Http\\Request))
#30 C:\\xampp\\htdocs\\DailyInsure\\vendor\\laravel\\framework\\src\\Illuminate\\Pipeline\\Pipeline.php(167): Fruitcake\\Cors\\HandleCors->handle(Object(Illuminate\\Http\\Request), Object(Closure))
#31 C:\\xampp\\htdocs\\DailyInsure\\vendor\\laravel\\framework\\src\\Illuminate\\Http\\Middleware\\TrustProxies.php(39): Illuminate\\Pipeline\\Pipeline->Illuminate\\Pipeline\\{closure}(Object(Illuminate\\Http\\Request))
#32 C:\\xampp\\htdocs\\DailyInsure\\vendor\\laravel\\framework\\src\\Illuminate\\Pipeline\\Pipeline.php(167): Illuminate\\Http\\Middleware\\TrustProxies->handle(Object(Illuminate\\Http\\Request), Object(Closure))
#33 C:\\xampp\\htdocs\\DailyInsure\\vendor\\laravel\\framework\\src\\Illuminate\\Pipeline\\Pipeline.php(103): Illuminate\\Pipeline\\Pipeline->Illuminate\\Pipeline\\{closure}(Object(Illuminate\\Http\\Request))
#34 C:\\xampp\\htdocs\\DailyInsure\\vendor\\laravel\\framework\\src\\Illuminate\\Foundation\\Http\\Kernel.php(142): Illuminate\\Pipeline\\Pipeline->then(Object(Closure))
#35 C:\\xampp\\htdocs\\DailyInsure\\vendor\\laravel\\framework\\src\\Illuminate\\Foundation\\Http\\Kernel.php(111): Illuminate\\Foundation\\Http\\Kernel->sendRequestThroughRouter(Object(Illuminate\\Http\\Request))
#36 C:\\xampp\\htdocs\\DailyInsure\\public\\index.php(51): Illuminate\\Foundation\\Http\\Kernel->handle(Object(Illuminate\\Http\\Request))
#37 C:\\xampp\\htdocs\\DailyInsure\\index.php(21): require_once('C:\\\\xampp\\\\htdocs...')
#38 {main}
"} 
[2025-02-26 11:07:04] local.ERROR: View [frontend.index] not found. {"exception":"[object] (InvalidArgumentException(code: 0): View [frontend.index] not found. at C:\\xampp\\htdocs\\DailyInsure\\vendor\\laravel\\framework\\src\\Illuminate\\View\\FileViewFinder.php:137)
[stacktrace]
#0 C:\\xampp\\htdocs\\DailyInsure\\vendor\\laravel\\framework\\src\\Illuminate\\View\\FileViewFinder.php(79): Illuminate\\View\\FileViewFinder->findInPaths('frontend.index', Array)
#1 C:\\xampp\\htdocs\\DailyInsure\\vendor\\laravel\\framework\\src\\Illuminate\\View\\Factory.php(137): Illuminate\\View\\FileViewFinder->find('frontend.index')
#2 C:\\xampp\\htdocs\\DailyInsure\\vendor\\laravel\\framework\\src\\Illuminate\\Foundation\\helpers.php(932): Illuminate\\View\\Factory->make('frontend.index', Array, Array)
#3 C:\\xampp\\htdocs\\DailyInsure\\app\\Http\\Controllers\\Web\\WebsiteController.php(16): view('frontend.index', Array)
#4 C:\\xampp\\htdocs\\DailyInsure\\vendor\\laravel\\framework\\src\\Illuminate\\Routing\\Controller.php(54): App\\Http\\Controllers\\Web\\WebsiteController->webIndex()
#5 C:\\xampp\\htdocs\\DailyInsure\\vendor\\laravel\\framework\\src\\Illuminate\\Routing\\ControllerDispatcher.php(45): Illuminate\\Routing\\Controller->callAction('webIndex', Array)
#6 C:\\xampp\\htdocs\\DailyInsure\\vendor\\laravel\\framework\\src\\Illuminate\\Routing\\Route.php(261): Illuminate\\Routing\\ControllerDispatcher->dispatch(Object(Illuminate\\Routing\\Route), Object(App\\Http\\Controllers\\Web\\WebsiteController), 'webIndex')
#7 C:\\xampp\\htdocs\\DailyInsure\\vendor\\laravel\\framework\\src\\Illuminate\\Routing\\Route.php(205): Illuminate\\Routing\\Route->runController()
#8 C:\\xampp\\htdocs\\DailyInsure\\vendor\\laravel\\framework\\src\\Illuminate\\Routing\\Router.php(721): Illuminate\\Routing\\Route->run()
#9 C:\\xampp\\htdocs\\DailyInsure\\vendor\\laravel\\framework\\src\\Illuminate\\Pipeline\\Pipeline.php(128): Illuminate\\Routing\\Router->Illuminate\\Routing\\{closure}(Object(Illuminate\\Http\\Request))
#10 C:\\xampp\\htdocs\\DailyInsure\\vendor\\laravel\\framework\\src\\Illuminate\\Routing\\Middleware\\SubstituteBindings.php(50): Illuminate\\Pipeline\\Pipeline->Illuminate\\Pipeline\\{closure}(Object(Illuminate\\Http\\Request))
#11 C:\\xampp\\htdocs\\DailyInsure\\vendor\\laravel\\framework\\src\\Illuminate\\Pipeline\\Pipeline.php(167): Illuminate\\Routing\\Middleware\\SubstituteBindings->handle(Object(Illuminate\\Http\\Request), Object(Closure))
#12 C:\\xampp\\htdocs\\DailyInsure\\vendor\\laravel\\framework\\src\\Illuminate\\Foundation\\Http\\Middleware\\VerifyCsrfToken.php(78): Illuminate\\Pipeline\\Pipeline->Illuminate\\Pipeline\\{closure}(Object(Illuminate\\Http\\Request))
#13 C:\\xampp\\htdocs\\DailyInsure\\vendor\\laravel\\framework\\src\\Illuminate\\Pipeline\\Pipeline.php(167): Illuminate\\Foundation\\Http\\Middleware\\VerifyCsrfToken->handle(Object(Illuminate\\Http\\Request), Object(Closure))
#14 C:\\xampp\\htdocs\\DailyInsure\\vendor\\laravel\\framework\\src\\Illuminate\\View\\Middleware\\ShareErrorsFromSession.php(49): Illuminate\\Pipeline\\Pipeline->Illuminate\\Pipeline\\{closure}(Object(Illuminate\\Http\\Request))
#15 C:\\xampp\\htdocs\\DailyInsure\\vendor\\laravel\\framework\\src\\Illuminate\\Pipeline\\Pipeline.php(167): Illuminate\\View\\Middleware\\ShareErrorsFromSession->handle(Object(Illuminate\\Http\\Request), Object(Closure))
#16 C:\\xampp\\htdocs\\DailyInsure\\vendor\\laravel\\framework\\src\\Illuminate\\Session\\Middleware\\StartSession.php(121): Illuminate\\Pipeline\\Pipeline->Illuminate\\Pipeline\\{closure}(Object(Illuminate\\Http\\Request))
#17 C:\\xampp\\htdocs\\DailyInsure\\vendor\\laravel\\framework\\src\\Illuminate\\Session\\Middleware\\StartSession.php(64): Illuminate\\Session\\Middleware\\StartSession->handleStatefulRequest(Object(Illuminate\\Http\\Request), Object(Illuminate\\Session\\Store), Object(Closure))
#18 C:\\xampp\\htdocs\\DailyInsure\\vendor\\laravel\\framework\\src\\Illuminate\\Pipeline\\Pipeline.php(167): Illuminate\\Session\\Middleware\\StartSession->handle(Object(Illuminate\\Http\\Request), Object(Closure))
#19 C:\\xampp\\htdocs\\DailyInsure\\vendor\\laravel\\framework\\src\\Illuminate\\Cookie\\Middleware\\AddQueuedCookiesToResponse.php(37): Illuminate\\Pipeline\\Pipeline->Illuminate\\Pipeline\\{closure}(Object(Illuminate\\Http\\Request))
#20 C:\\xampp\\htdocs\\DailyInsure\\vendor\\laravel\\framework\\src\\Illuminate\\Pipeline\\Pipeline.php(167): Illuminate\\Cookie\\Middleware\\AddQueuedCookiesToResponse->handle(Object(Illuminate\\Http\\Request), Object(Closure))
#21 C:\\xampp\\htdocs\\DailyInsure\\vendor\\laravel\\framework\\src\\Illuminate\\Cookie\\Middleware\\EncryptCookies.php(67): Illuminate\\Pipeline\\Pipeline->Illuminate\\Pipeline\\{closure}(Object(Illuminate\\Http\\Request))
#22 C:\\xampp\\htdocs\\DailyInsure\\vendor\\laravel\\framework\\src\\Illuminate\\Pipeline\\Pipeline.php(167): Illuminate\\Cookie\\Middleware\\EncryptCookies->handle(Object(Illuminate\\Http\\Request), Object(Closure))
#23 C:\\xampp\\htdocs\\DailyInsure\\vendor\\laravel\\framework\\src\\Illuminate\\Pipeline\\Pipeline.php(103): Illuminate\\Pipeline\\Pipeline->Illuminate\\Pipeline\\{closure}(Object(Illuminate\\Http\\Request))
#24 C:\\xampp\\htdocs\\DailyInsure\\vendor\\laravel\\framework\\src\\Illuminate\\Routing\\Router.php(719): Illuminate\\Pipeline\\Pipeline->then(Object(Closure))
#25 C:\\xampp\\htdocs\\DailyInsure\\vendor\\laravel\\framework\\src\\Illuminate\\Routing\\Router.php(698): Illuminate\\Routing\\Router->runRouteWithinStack(Object(Illuminate\\Routing\\Route), Object(Illuminate\\Http\\Request))
#26 C:\\xampp\\htdocs\\DailyInsure\\vendor\\laravel\\framework\\src\\Illuminate\\Routing\\Router.php(662): Illuminate\\Routing\\Router->runRoute(Object(Illuminate\\Http\\Request), Object(Illuminate\\Routing\\Route))
#27 C:\\xampp\\htdocs\\DailyInsure\\vendor\\laravel\\framework\\src\\Illuminate\\Routing\\Router.php(651): Illuminate\\Routing\\Router->dispatchToRoute(Object(Illuminate\\Http\\Request))
#28 C:\\xampp\\htdocs\\DailyInsure\\vendor\\laravel\\framework\\src\\Illuminate\\Foundation\\Http\\Kernel.php(167): Illuminate\\Routing\\Router->dispatch(Object(Illuminate\\Http\\Request))
#29 C:\\xampp\\htdocs\\DailyInsure\\vendor\\laravel\\framework\\src\\Illuminate\\Pipeline\\Pipeline.php(128): Illuminate\\Foundation\\Http\\Kernel->Illuminate\\Foundation\\Http\\{closure}(Object(Illuminate\\Http\\Request))
#30 C:\\xampp\\htdocs\\DailyInsure\\vendor\\laravel\\framework\\src\\Illuminate\\Foundation\\Http\\Middleware\\TransformsRequest.php(21): Illuminate\\Pipeline\\Pipeline->Illuminate\\Pipeline\\{closure}(Object(Illuminate\\Http\\Request))
#31 C:\\xampp\\htdocs\\DailyInsure\\vendor\\laravel\\framework\\src\\Illuminate\\Foundation\\Http\\Middleware\\ConvertEmptyStringsToNull.php(31): Illuminate\\Foundation\\Http\\Middleware\\TransformsRequest->handle(Object(Illuminate\\Http\\Request), Object(Closure))
#32 C:\\xampp\\htdocs\\DailyInsure\\vendor\\laravel\\framework\\src\\Illuminate\\Pipeline\\Pipeline.php(167): Illuminate\\Foundation\\Http\\Middleware\\ConvertEmptyStringsToNull->handle(Object(Illuminate\\Http\\Request), Object(Closure))
#33 C:\\xampp\\htdocs\\DailyInsure\\vendor\\laravel\\framework\\src\\Illuminate\\Foundation\\Http\\Middleware\\TransformsRequest.php(21): Illuminate\\Pipeline\\Pipeline->Illuminate\\Pipeline\\{closure}(Object(Illuminate\\Http\\Request))
#34 C:\\xampp\\htdocs\\DailyInsure\\vendor\\laravel\\framework\\src\\Illuminate\\Foundation\\Http\\Middleware\\TrimStrings.php(40): Illuminate\\Foundation\\Http\\Middleware\\TransformsRequest->handle(Object(Illuminate\\Http\\Request), Object(Closure))
#35 C:\\xampp\\htdocs\\DailyInsure\\vendor\\laravel\\framework\\src\\Illuminate\\Pipeline\\Pipeline.php(167): Illuminate\\Foundation\\Http\\Middleware\\TrimStrings->handle(Object(Illuminate\\Http\\Request), Object(Closure))
#36 C:\\xampp\\htdocs\\DailyInsure\\vendor\\laravel\\framework\\src\\Illuminate\\Foundation\\Http\\Middleware\\ValidatePostSize.php(27): Illuminate\\Pipeline\\Pipeline->Illuminate\\Pipeline\\{closure}(Object(Illuminate\\Http\\Request))
#37 C:\\xampp\\htdocs\\DailyInsure\\vendor\\laravel\\framework\\src\\Illuminate\\Pipeline\\Pipeline.php(167): Illuminate\\Foundation\\Http\\Middleware\\ValidatePostSize->handle(Object(Illuminate\\Http\\Request), Object(Closure))
#38 C:\\xampp\\htdocs\\DailyInsure\\vendor\\laravel\\framework\\src\\Illuminate\\Foundation\\Http\\Middleware\\PreventRequestsDuringMaintenance.php(86): Illuminate\\Pipeline\\Pipeline->Illuminate\\Pipeline\\{closure}(Object(Illuminate\\Http\\Request))
#39 C:\\xampp\\htdocs\\DailyInsure\\vendor\\laravel\\framework\\src\\Illuminate\\Pipeline\\Pipeline.php(167): Illuminate\\Foundation\\Http\\Middleware\\PreventRequestsDuringMaintenance->handle(Object(Illuminate\\Http\\Request), Object(Closure))
#40 C:\\xampp\\htdocs\\DailyInsure\\vendor\\fruitcake\\laravel-cors\\src\\HandleCors.php(38): Illuminate\\Pipeline\\Pipeline->Illuminate\\Pipeline\\{closure}(Object(Illuminate\\Http\\Request))
#41 C:\\xampp\\htdocs\\DailyInsure\\vendor\\laravel\\framework\\src\\Illuminate\\Pipeline\\Pipeline.php(167): Fruitcake\\Cors\\HandleCors->handle(Object(Illuminate\\Http\\Request), Object(Closure))
#42 C:\\xampp\\htdocs\\DailyInsure\\vendor\\laravel\\framework\\src\\Illuminate\\Http\\Middleware\\TrustProxies.php(39): Illuminate\\Pipeline\\Pipeline->Illuminate\\Pipeline\\{closure}(Object(Illuminate\\Http\\Request))
#43 C:\\xampp\\htdocs\\DailyInsure\\vendor\\laravel\\framework\\src\\Illuminate\\Pipeline\\Pipeline.php(167): Illuminate\\Http\\Middleware\\TrustProxies->handle(Object(Illuminate\\Http\\Request), Object(Closure))
#44 C:\\xampp\\htdocs\\DailyInsure\\vendor\\laravel\\framework\\src\\Illuminate\\Pipeline\\Pipeline.php(103): Illuminate\\Pipeline\\Pipeline->Illuminate\\Pipeline\\{closure}(Object(Illuminate\\Http\\Request))
#45 C:\\xampp\\htdocs\\DailyInsure\\vendor\\laravel\\framework\\src\\Illuminate\\Foundation\\Http\\Kernel.php(142): Illuminate\\Pipeline\\Pipeline->then(Object(Closure))
#46 C:\\xampp\\htdocs\\DailyInsure\\vendor\\laravel\\framework\\src\\Illuminate\\Foundation\\Http\\Kernel.php(111): Illuminate\\Foundation\\Http\\Kernel->sendRequestThroughRouter(Object(Illuminate\\Http\\Request))
#47 C:\\xampp\\htdocs\\DailyInsure\\public\\index.php(51): Illuminate\\Foundation\\Http\\Kernel->handle(Object(Illuminate\\Http\\Request))
#48 C:\\xampp\\htdocs\\DailyInsure\\index.php(21): require_once('C:\\\\xampp\\\\htdocs...')
#49 {main}
"} 
[2025-02-26 11:07:04] local.ERROR: file_put_contents(C:\xampp\htdocs\veygo\storage\framework/sessions/1NNIl5OW5SMG1as3aXzhLE2FQqoP2QrOVEbTizkn): Failed to open stream: No such file or directory {"exception":"[object] (ErrorException(code: 0): file_put_contents(C:\\xampp\\htdocs\\veygo\\storage\\framework/sessions/1NNIl5OW5SMG1as3aXzhLE2FQqoP2QrOVEbTizkn): Failed to open stream: No such file or directory at C:\\xampp\\htdocs\\DailyInsure\\vendor\\laravel\\framework\\src\\Illuminate\\Filesystem\\Filesystem.php:187)
[stacktrace]
#0 [internal function]: Illuminate\\Foundation\\Bootstrap\\HandleExceptions->handleError(2, 'file_put_conten...', 'C:\\\\xampp\\\\htdocs...', 187)
#1 C:\\xampp\\htdocs\\DailyInsure\\vendor\\laravel\\framework\\src\\Illuminate\\Filesystem\\Filesystem.php(187): file_put_contents('C:\\\\xampp\\\\htdocs...', 'a:3:{s:6:\"_toke...', 2)
#2 C:\\xampp\\htdocs\\DailyInsure\\vendor\\laravel\\framework\\src\\Illuminate\\Session\\FileSessionHandler.php(95): Illuminate\\Filesystem\\Filesystem->put('C:\\\\xampp\\\\htdocs...', 'a:3:{s:6:\"_toke...', true)
#3 C:\\xampp\\htdocs\\DailyInsure\\vendor\\laravel\\framework\\src\\Illuminate\\Session\\Store.php(128): Illuminate\\Session\\FileSessionHandler->write('1NNIl5OW5SMG1as...', 'a:3:{s:6:\"_toke...')
#4 C:\\xampp\\htdocs\\DailyInsure\\vendor\\laravel\\framework\\src\\Illuminate\\Session\\Middleware\\StartSession.php(236): Illuminate\\Session\\Store->save()
#5 C:\\xampp\\htdocs\\DailyInsure\\vendor\\laravel\\framework\\src\\Illuminate\\Session\\Middleware\\StartSession.php(130): Illuminate\\Session\\Middleware\\StartSession->saveSession(Object(Illuminate\\Http\\Request))
#6 C:\\xampp\\htdocs\\DailyInsure\\vendor\\laravel\\framework\\src\\Illuminate\\Session\\Middleware\\StartSession.php(64): Illuminate\\Session\\Middleware\\StartSession->handleStatefulRequest(Object(Illuminate\\Http\\Request), Object(Illuminate\\Session\\Store), Object(Closure))
#7 C:\\xampp\\htdocs\\DailyInsure\\vendor\\laravel\\framework\\src\\Illuminate\\Pipeline\\Pipeline.php(167): Illuminate\\Session\\Middleware\\StartSession->handle(Object(Illuminate\\Http\\Request), Object(Closure))
#8 C:\\xampp\\htdocs\\DailyInsure\\vendor\\laravel\\framework\\src\\Illuminate\\Cookie\\Middleware\\AddQueuedCookiesToResponse.php(37): Illuminate\\Pipeline\\Pipeline->Illuminate\\Pipeline\\{closure}(Object(Illuminate\\Http\\Request))
#9 C:\\xampp\\htdocs\\DailyInsure\\vendor\\laravel\\framework\\src\\Illuminate\\Pipeline\\Pipeline.php(167): Illuminate\\Cookie\\Middleware\\AddQueuedCookiesToResponse->handle(Object(Illuminate\\Http\\Request), Object(Closure))
#10 C:\\xampp\\htdocs\\DailyInsure\\vendor\\laravel\\framework\\src\\Illuminate\\Cookie\\Middleware\\EncryptCookies.php(67): Illuminate\\Pipeline\\Pipeline->Illuminate\\Pipeline\\{closure}(Object(Illuminate\\Http\\Request))
#11 C:\\xampp\\htdocs\\DailyInsure\\vendor\\laravel\\framework\\src\\Illuminate\\Pipeline\\Pipeline.php(167): Illuminate\\Cookie\\Middleware\\EncryptCookies->handle(Object(Illuminate\\Http\\Request), Object(Closure))
#12 C:\\xampp\\htdocs\\DailyInsure\\vendor\\laravel\\framework\\src\\Illuminate\\Pipeline\\Pipeline.php(103): Illuminate\\Pipeline\\Pipeline->Illuminate\\Pipeline\\{closure}(Object(Illuminate\\Http\\Request))
#13 C:\\xampp\\htdocs\\DailyInsure\\vendor\\laravel\\framework\\src\\Illuminate\\Routing\\Router.php(719): Illuminate\\Pipeline\\Pipeline->then(Object(Closure))
#14 C:\\xampp\\htdocs\\DailyInsure\\vendor\\laravel\\framework\\src\\Illuminate\\Routing\\Router.php(698): Illuminate\\Routing\\Router->runRouteWithinStack(Object(Illuminate\\Routing\\Route), Object(Illuminate\\Http\\Request))
#15 C:\\xampp\\htdocs\\DailyInsure\\vendor\\laravel\\framework\\src\\Illuminate\\Routing\\Router.php(662): Illuminate\\Routing\\Router->runRoute(Object(Illuminate\\Http\\Request), Object(Illuminate\\Routing\\Route))
#16 C:\\xampp\\htdocs\\DailyInsure\\vendor\\laravel\\framework\\src\\Illuminate\\Routing\\Router.php(651): Illuminate\\Routing\\Router->dispatchToRoute(Object(Illuminate\\Http\\Request))
#17 C:\\xampp\\htdocs\\DailyInsure\\vendor\\laravel\\framework\\src\\Illuminate\\Foundation\\Http\\Kernel.php(167): Illuminate\\Routing\\Router->dispatch(Object(Illuminate\\Http\\Request))
#18 C:\\xampp\\htdocs\\DailyInsure\\vendor\\laravel\\framework\\src\\Illuminate\\Pipeline\\Pipeline.php(128): Illuminate\\Foundation\\Http\\Kernel->Illuminate\\Foundation\\Http\\{closure}(Object(Illuminate\\Http\\Request))
#19 C:\\xampp\\htdocs\\DailyInsure\\vendor\\laravel\\framework\\src\\Illuminate\\Foundation\\Http\\Middleware\\TransformsRequest.php(21): Illuminate\\Pipeline\\Pipeline->Illuminate\\Pipeline\\{closure}(Object(Illuminate\\Http\\Request))
#20 C:\\xampp\\htdocs\\DailyInsure\\vendor\\laravel\\framework\\src\\Illuminate\\Foundation\\Http\\Middleware\\ConvertEmptyStringsToNull.php(31): Illuminate\\Foundation\\Http\\Middleware\\TransformsRequest->handle(Object(Illuminate\\Http\\Request), Object(Closure))
#21 C:\\xampp\\htdocs\\DailyInsure\\vendor\\laravel\\framework\\src\\Illuminate\\Pipeline\\Pipeline.php(167): Illuminate\\Foundation\\Http\\Middleware\\ConvertEmptyStringsToNull->handle(Object(Illuminate\\Http\\Request), Object(Closure))
#22 C:\\xampp\\htdocs\\DailyInsure\\vendor\\laravel\\framework\\src\\Illuminate\\Foundation\\Http\\Middleware\\TransformsRequest.php(21): Illuminate\\Pipeline\\Pipeline->Illuminate\\Pipeline\\{closure}(Object(Illuminate\\Http\\Request))
#23 C:\\xampp\\htdocs\\DailyInsure\\vendor\\laravel\\framework\\src\\Illuminate\\Foundation\\Http\\Middleware\\TrimStrings.php(40): Illuminate\\Foundation\\Http\\Middleware\\TransformsRequest->handle(Object(Illuminate\\Http\\Request), Object(Closure))
#24 C:\\xampp\\htdocs\\DailyInsure\\vendor\\laravel\\framework\\src\\Illuminate\\Pipeline\\Pipeline.php(167): Illuminate\\Foundation\\Http\\Middleware\\TrimStrings->handle(Object(Illuminate\\Http\\Request), Object(Closure))
#25 C:\\xampp\\htdocs\\DailyInsure\\vendor\\laravel\\framework\\src\\Illuminate\\Foundation\\Http\\Middleware\\ValidatePostSize.php(27): Illuminate\\Pipeline\\Pipeline->Illuminate\\Pipeline\\{closure}(Object(Illuminate\\Http\\Request))
#26 C:\\xampp\\htdocs\\DailyInsure\\vendor\\laravel\\framework\\src\\Illuminate\\Pipeline\\Pipeline.php(167): Illuminate\\Foundation\\Http\\Middleware\\ValidatePostSize->handle(Object(Illuminate\\Http\\Request), Object(Closure))
#27 C:\\xampp\\htdocs\\DailyInsure\\vendor\\laravel\\framework\\src\\Illuminate\\Foundation\\Http\\Middleware\\PreventRequestsDuringMaintenance.php(86): Illuminate\\Pipeline\\Pipeline->Illuminate\\Pipeline\\{closure}(Object(Illuminate\\Http\\Request))
#28 C:\\xampp\\htdocs\\DailyInsure\\vendor\\laravel\\framework\\src\\Illuminate\\Pipeline\\Pipeline.php(167): Illuminate\\Foundation\\Http\\Middleware\\PreventRequestsDuringMaintenance->handle(Object(Illuminate\\Http\\Request), Object(Closure))
#29 C:\\xampp\\htdocs\\DailyInsure\\vendor\\fruitcake\\laravel-cors\\src\\HandleCors.php(38): Illuminate\\Pipeline\\Pipeline->Illuminate\\Pipeline\\{closure}(Object(Illuminate\\Http\\Request))
#30 C:\\xampp\\htdocs\\DailyInsure\\vendor\\laravel\\framework\\src\\Illuminate\\Pipeline\\Pipeline.php(167): Fruitcake\\Cors\\HandleCors->handle(Object(Illuminate\\Http\\Request), Object(Closure))
#31 C:\\xampp\\htdocs\\DailyInsure\\vendor\\laravel\\framework\\src\\Illuminate\\Http\\Middleware\\TrustProxies.php(39): Illuminate\\Pipeline\\Pipeline->Illuminate\\Pipeline\\{closure}(Object(Illuminate\\Http\\Request))
#32 C:\\xampp\\htdocs\\DailyInsure\\vendor\\laravel\\framework\\src\\Illuminate\\Pipeline\\Pipeline.php(167): Illuminate\\Http\\Middleware\\TrustProxies->handle(Object(Illuminate\\Http\\Request), Object(Closure))
#33 C:\\xampp\\htdocs\\DailyInsure\\vendor\\laravel\\framework\\src\\Illuminate\\Pipeline\\Pipeline.php(103): Illuminate\\Pipeline\\Pipeline->Illuminate\\Pipeline\\{closure}(Object(Illuminate\\Http\\Request))
#34 C:\\xampp\\htdocs\\DailyInsure\\vendor\\laravel\\framework\\src\\Illuminate\\Foundation\\Http\\Kernel.php(142): Illuminate\\Pipeline\\Pipeline->then(Object(Closure))
#35 C:\\xampp\\htdocs\\DailyInsure\\vendor\\laravel\\framework\\src\\Illuminate\\Foundation\\Http\\Kernel.php(111): Illuminate\\Foundation\\Http\\Kernel->sendRequestThroughRouter(Object(Illuminate\\Http\\Request))
#36 C:\\xampp\\htdocs\\DailyInsure\\public\\index.php(51): Illuminate\\Foundation\\Http\\Kernel->handle(Object(Illuminate\\Http\\Request))
#37 C:\\xampp\\htdocs\\DailyInsure\\index.php(21): require_once('C:\\\\xampp\\\\htdocs...')
#38 {main}
"} 
[2025-02-26 11:08:14] local.ERROR: View [frontend.index] not found. {"exception":"[object] (InvalidArgumentException(code: 0): View [frontend.index] not found. at C:\\xampp\\htdocs\\DailyInsure\\vendor\\laravel\\framework\\src\\Illuminate\\View\\FileViewFinder.php:137)
[stacktrace]
#0 C:\\xampp\\htdocs\\DailyInsure\\vendor\\laravel\\framework\\src\\Illuminate\\View\\FileViewFinder.php(79): Illuminate\\View\\FileViewFinder->findInPaths('frontend.index', Array)
#1 C:\\xampp\\htdocs\\DailyInsure\\vendor\\laravel\\framework\\src\\Illuminate\\View\\Factory.php(137): Illuminate\\View\\FileViewFinder->find('frontend.index')
#2 C:\\xampp\\htdocs\\DailyInsure\\vendor\\laravel\\framework\\src\\Illuminate\\Foundation\\helpers.php(932): Illuminate\\View\\Factory->make('frontend.index', Array, Array)
#3 C:\\xampp\\htdocs\\DailyInsure\\app\\Http\\Controllers\\Web\\WebsiteController.php(16): view('frontend.index', Array)
#4 C:\\xampp\\htdocs\\DailyInsure\\vendor\\laravel\\framework\\src\\Illuminate\\Routing\\Controller.php(54): App\\Http\\Controllers\\Web\\WebsiteController->webIndex()
#5 C:\\xampp\\htdocs\\DailyInsure\\vendor\\laravel\\framework\\src\\Illuminate\\Routing\\ControllerDispatcher.php(45): Illuminate\\Routing\\Controller->callAction('webIndex', Array)
#6 C:\\xampp\\htdocs\\DailyInsure\\vendor\\laravel\\framework\\src\\Illuminate\\Routing\\Route.php(261): Illuminate\\Routing\\ControllerDispatcher->dispatch(Object(Illuminate\\Routing\\Route), Object(App\\Http\\Controllers\\Web\\WebsiteController), 'webIndex')
#7 C:\\xampp\\htdocs\\DailyInsure\\vendor\\laravel\\framework\\src\\Illuminate\\Routing\\Route.php(205): Illuminate\\Routing\\Route->runController()
#8 C:\\xampp\\htdocs\\DailyInsure\\vendor\\laravel\\framework\\src\\Illuminate\\Routing\\Router.php(721): Illuminate\\Routing\\Route->run()
#9 C:\\xampp\\htdocs\\DailyInsure\\vendor\\laravel\\framework\\src\\Illuminate\\Pipeline\\Pipeline.php(128): Illuminate\\Routing\\Router->Illuminate\\Routing\\{closure}(Object(Illuminate\\Http\\Request))
#10 C:\\xampp\\htdocs\\DailyInsure\\vendor\\laravel\\framework\\src\\Illuminate\\Routing\\Middleware\\SubstituteBindings.php(50): Illuminate\\Pipeline\\Pipeline->Illuminate\\Pipeline\\{closure}(Object(Illuminate\\Http\\Request))
#11 C:\\xampp\\htdocs\\DailyInsure\\vendor\\laravel\\framework\\src\\Illuminate\\Pipeline\\Pipeline.php(167): Illuminate\\Routing\\Middleware\\SubstituteBindings->handle(Object(Illuminate\\Http\\Request), Object(Closure))
#12 C:\\xampp\\htdocs\\DailyInsure\\vendor\\laravel\\framework\\src\\Illuminate\\Foundation\\Http\\Middleware\\VerifyCsrfToken.php(78): Illuminate\\Pipeline\\Pipeline->Illuminate\\Pipeline\\{closure}(Object(Illuminate\\Http\\Request))
#13 C:\\xampp\\htdocs\\DailyInsure\\vendor\\laravel\\framework\\src\\Illuminate\\Pipeline\\Pipeline.php(167): Illuminate\\Foundation\\Http\\Middleware\\VerifyCsrfToken->handle(Object(Illuminate\\Http\\Request), Object(Closure))
#14 C:\\xampp\\htdocs\\DailyInsure\\vendor\\laravel\\framework\\src\\Illuminate\\View\\Middleware\\ShareErrorsFromSession.php(49): Illuminate\\Pipeline\\Pipeline->Illuminate\\Pipeline\\{closure}(Object(Illuminate\\Http\\Request))
#15 C:\\xampp\\htdocs\\DailyInsure\\vendor\\laravel\\framework\\src\\Illuminate\\Pipeline\\Pipeline.php(167): Illuminate\\View\\Middleware\\ShareErrorsFromSession->handle(Object(Illuminate\\Http\\Request), Object(Closure))
#16 C:\\xampp\\htdocs\\DailyInsure\\vendor\\laravel\\framework\\src\\Illuminate\\Session\\Middleware\\StartSession.php(121): Illuminate\\Pipeline\\Pipeline->Illuminate\\Pipeline\\{closure}(Object(Illuminate\\Http\\Request))
#17 C:\\xampp\\htdocs\\DailyInsure\\vendor\\laravel\\framework\\src\\Illuminate\\Session\\Middleware\\StartSession.php(64): Illuminate\\Session\\Middleware\\StartSession->handleStatefulRequest(Object(Illuminate\\Http\\Request), Object(Illuminate\\Session\\Store), Object(Closure))
#18 C:\\xampp\\htdocs\\DailyInsure\\vendor\\laravel\\framework\\src\\Illuminate\\Pipeline\\Pipeline.php(167): Illuminate\\Session\\Middleware\\StartSession->handle(Object(Illuminate\\Http\\Request), Object(Closure))
#19 C:\\xampp\\htdocs\\DailyInsure\\vendor\\laravel\\framework\\src\\Illuminate\\Cookie\\Middleware\\AddQueuedCookiesToResponse.php(37): Illuminate\\Pipeline\\Pipeline->Illuminate\\Pipeline\\{closure}(Object(Illuminate\\Http\\Request))
#20 C:\\xampp\\htdocs\\DailyInsure\\vendor\\laravel\\framework\\src\\Illuminate\\Pipeline\\Pipeline.php(167): Illuminate\\Cookie\\Middleware\\AddQueuedCookiesToResponse->handle(Object(Illuminate\\Http\\Request), Object(Closure))
#21 C:\\xampp\\htdocs\\DailyInsure\\vendor\\laravel\\framework\\src\\Illuminate\\Cookie\\Middleware\\EncryptCookies.php(67): Illuminate\\Pipeline\\Pipeline->Illuminate\\Pipeline\\{closure}(Object(Illuminate\\Http\\Request))
#22 C:\\xampp\\htdocs\\DailyInsure\\vendor\\laravel\\framework\\src\\Illuminate\\Pipeline\\Pipeline.php(167): Illuminate\\Cookie\\Middleware\\EncryptCookies->handle(Object(Illuminate\\Http\\Request), Object(Closure))
#23 C:\\xampp\\htdocs\\DailyInsure\\vendor\\laravel\\framework\\src\\Illuminate\\Pipeline\\Pipeline.php(103): Illuminate\\Pipeline\\Pipeline->Illuminate\\Pipeline\\{closure}(Object(Illuminate\\Http\\Request))
#24 C:\\xampp\\htdocs\\DailyInsure\\vendor\\laravel\\framework\\src\\Illuminate\\Routing\\Router.php(719): Illuminate\\Pipeline\\Pipeline->then(Object(Closure))
#25 C:\\xampp\\htdocs\\DailyInsure\\vendor\\laravel\\framework\\src\\Illuminate\\Routing\\Router.php(698): Illuminate\\Routing\\Router->runRouteWithinStack(Object(Illuminate\\Routing\\Route), Object(Illuminate\\Http\\Request))
#26 C:\\xampp\\htdocs\\DailyInsure\\vendor\\laravel\\framework\\src\\Illuminate\\Routing\\Router.php(662): Illuminate\\Routing\\Router->runRoute(Object(Illuminate\\Http\\Request), Object(Illuminate\\Routing\\Route))
#27 C:\\xampp\\htdocs\\DailyInsure\\vendor\\laravel\\framework\\src\\Illuminate\\Routing\\Router.php(651): Illuminate\\Routing\\Router->dispatchToRoute(Object(Illuminate\\Http\\Request))
#28 C:\\xampp\\htdocs\\DailyInsure\\vendor\\laravel\\framework\\src\\Illuminate\\Foundation\\Http\\Kernel.php(167): Illuminate\\Routing\\Router->dispatch(Object(Illuminate\\Http\\Request))
#29 C:\\xampp\\htdocs\\DailyInsure\\vendor\\laravel\\framework\\src\\Illuminate\\Pipeline\\Pipeline.php(128): Illuminate\\Foundation\\Http\\Kernel->Illuminate\\Foundation\\Http\\{closure}(Object(Illuminate\\Http\\Request))
#30 C:\\xampp\\htdocs\\DailyInsure\\vendor\\laravel\\framework\\src\\Illuminate\\Foundation\\Http\\Middleware\\TransformsRequest.php(21): Illuminate\\Pipeline\\Pipeline->Illuminate\\Pipeline\\{closure}(Object(Illuminate\\Http\\Request))
#31 C:\\xampp\\htdocs\\DailyInsure\\vendor\\laravel\\framework\\src\\Illuminate\\Foundation\\Http\\Middleware\\ConvertEmptyStringsToNull.php(31): Illuminate\\Foundation\\Http\\Middleware\\TransformsRequest->handle(Object(Illuminate\\Http\\Request), Object(Closure))
#32 C:\\xampp\\htdocs\\DailyInsure\\vendor\\laravel\\framework\\src\\Illuminate\\Pipeline\\Pipeline.php(167): Illuminate\\Foundation\\Http\\Middleware\\ConvertEmptyStringsToNull->handle(Object(Illuminate\\Http\\Request), Object(Closure))
#33 C:\\xampp\\htdocs\\DailyInsure\\vendor\\laravel\\framework\\src\\Illuminate\\Foundation\\Http\\Middleware\\TransformsRequest.php(21): Illuminate\\Pipeline\\Pipeline->Illuminate\\Pipeline\\{closure}(Object(Illuminate\\Http\\Request))
#34 C:\\xampp\\htdocs\\DailyInsure\\vendor\\laravel\\framework\\src\\Illuminate\\Foundation\\Http\\Middleware\\TrimStrings.php(40): Illuminate\\Foundation\\Http\\Middleware\\TransformsRequest->handle(Object(Illuminate\\Http\\Request), Object(Closure))
#35 C:\\xampp\\htdocs\\DailyInsure\\vendor\\laravel\\framework\\src\\Illuminate\\Pipeline\\Pipeline.php(167): Illuminate\\Foundation\\Http\\Middleware\\TrimStrings->handle(Object(Illuminate\\Http\\Request), Object(Closure))
#36 C:\\xampp\\htdocs\\DailyInsure\\vendor\\laravel\\framework\\src\\Illuminate\\Foundation\\Http\\Middleware\\ValidatePostSize.php(27): Illuminate\\Pipeline\\Pipeline->Illuminate\\Pipeline\\{closure}(Object(Illuminate\\Http\\Request))
#37 C:\\xampp\\htdocs\\DailyInsure\\vendor\\laravel\\framework\\src\\Illuminate\\Pipeline\\Pipeline.php(167): Illuminate\\Foundation\\Http\\Middleware\\ValidatePostSize->handle(Object(Illuminate\\Http\\Request), Object(Closure))
#38 C:\\xampp\\htdocs\\DailyInsure\\vendor\\laravel\\framework\\src\\Illuminate\\Foundation\\Http\\Middleware\\PreventRequestsDuringMaintenance.php(86): Illuminate\\Pipeline\\Pipeline->Illuminate\\Pipeline\\{closure}(Object(Illuminate\\Http\\Request))
#39 C:\\xampp\\htdocs\\DailyInsure\\vendor\\laravel\\framework\\src\\Illuminate\\Pipeline\\Pipeline.php(167): Illuminate\\Foundation\\Http\\Middleware\\PreventRequestsDuringMaintenance->handle(Object(Illuminate\\Http\\Request), Object(Closure))
#40 C:\\xampp\\htdocs\\DailyInsure\\vendor\\fruitcake\\laravel-cors\\src\\HandleCors.php(38): Illuminate\\Pipeline\\Pipeline->Illuminate\\Pipeline\\{closure}(Object(Illuminate\\Http\\Request))
#41 C:\\xampp\\htdocs\\DailyInsure\\vendor\\laravel\\framework\\src\\Illuminate\\Pipeline\\Pipeline.php(167): Fruitcake\\Cors\\HandleCors->handle(Object(Illuminate\\Http\\Request), Object(Closure))
#42 C:\\xampp\\htdocs\\DailyInsure\\vendor\\laravel\\framework\\src\\Illuminate\\Http\\Middleware\\TrustProxies.php(39): Illuminate\\Pipeline\\Pipeline->Illuminate\\Pipeline\\{closure}(Object(Illuminate\\Http\\Request))
#43 C:\\xampp\\htdocs\\DailyInsure\\vendor\\laravel\\framework\\src\\Illuminate\\Pipeline\\Pipeline.php(167): Illuminate\\Http\\Middleware\\TrustProxies->handle(Object(Illuminate\\Http\\Request), Object(Closure))
#44 C:\\xampp\\htdocs\\DailyInsure\\vendor\\laravel\\framework\\src\\Illuminate\\Pipeline\\Pipeline.php(103): Illuminate\\Pipeline\\Pipeline->Illuminate\\Pipeline\\{closure}(Object(Illuminate\\Http\\Request))
#45 C:\\xampp\\htdocs\\DailyInsure\\vendor\\laravel\\framework\\src\\Illuminate\\Foundation\\Http\\Kernel.php(142): Illuminate\\Pipeline\\Pipeline->then(Object(Closure))
#46 C:\\xampp\\htdocs\\DailyInsure\\vendor\\laravel\\framework\\src\\Illuminate\\Foundation\\Http\\Kernel.php(111): Illuminate\\Foundation\\Http\\Kernel->sendRequestThroughRouter(Object(Illuminate\\Http\\Request))
#47 C:\\xampp\\htdocs\\DailyInsure\\public\\index.php(51): Illuminate\\Foundation\\Http\\Kernel->handle(Object(Illuminate\\Http\\Request))
#48 C:\\xampp\\htdocs\\DailyInsure\\index.php(21): require_once('C:\\\\xampp\\\\htdocs...')
#49 {main}
"} 
[2025-02-26 11:08:14] local.ERROR: file_put_contents(C:\xampp\htdocs\veygo\storage\framework/sessions/1NNIl5OW5SMG1as3aXzhLE2FQqoP2QrOVEbTizkn): Failed to open stream: No such file or directory {"exception":"[object] (ErrorException(code: 0): file_put_contents(C:\\xampp\\htdocs\\veygo\\storage\\framework/sessions/1NNIl5OW5SMG1as3aXzhLE2FQqoP2QrOVEbTizkn): Failed to open stream: No such file or directory at C:\\xampp\\htdocs\\DailyInsure\\vendor\\laravel\\framework\\src\\Illuminate\\Filesystem\\Filesystem.php:187)
[stacktrace]
#0 [internal function]: Illuminate\\Foundation\\Bootstrap\\HandleExceptions->handleError(2, 'file_put_conten...', 'C:\\\\xampp\\\\htdocs...', 187)
#1 C:\\xampp\\htdocs\\DailyInsure\\vendor\\laravel\\framework\\src\\Illuminate\\Filesystem\\Filesystem.php(187): file_put_contents('C:\\\\xampp\\\\htdocs...', 'a:3:{s:6:\"_toke...', 2)
#2 C:\\xampp\\htdocs\\DailyInsure\\vendor\\laravel\\framework\\src\\Illuminate\\Session\\FileSessionHandler.php(95): Illuminate\\Filesystem\\Filesystem->put('C:\\\\xampp\\\\htdocs...', 'a:3:{s:6:\"_toke...', true)
#3 C:\\xampp\\htdocs\\DailyInsure\\vendor\\laravel\\framework\\src\\Illuminate\\Session\\Store.php(128): Illuminate\\Session\\FileSessionHandler->write('1NNIl5OW5SMG1as...', 'a:3:{s:6:\"_toke...')
#4 C:\\xampp\\htdocs\\DailyInsure\\vendor\\laravel\\framework\\src\\Illuminate\\Session\\Middleware\\StartSession.php(236): Illuminate\\Session\\Store->save()
#5 C:\\xampp\\htdocs\\DailyInsure\\vendor\\laravel\\framework\\src\\Illuminate\\Session\\Middleware\\StartSession.php(130): Illuminate\\Session\\Middleware\\StartSession->saveSession(Object(Illuminate\\Http\\Request))
#6 C:\\xampp\\htdocs\\DailyInsure\\vendor\\laravel\\framework\\src\\Illuminate\\Session\\Middleware\\StartSession.php(64): Illuminate\\Session\\Middleware\\StartSession->handleStatefulRequest(Object(Illuminate\\Http\\Request), Object(Illuminate\\Session\\Store), Object(Closure))
#7 C:\\xampp\\htdocs\\DailyInsure\\vendor\\laravel\\framework\\src\\Illuminate\\Pipeline\\Pipeline.php(167): Illuminate\\Session\\Middleware\\StartSession->handle(Object(Illuminate\\Http\\Request), Object(Closure))
#8 C:\\xampp\\htdocs\\DailyInsure\\vendor\\laravel\\framework\\src\\Illuminate\\Cookie\\Middleware\\AddQueuedCookiesToResponse.php(37): Illuminate\\Pipeline\\Pipeline->Illuminate\\Pipeline\\{closure}(Object(Illuminate\\Http\\Request))
#9 C:\\xampp\\htdocs\\DailyInsure\\vendor\\laravel\\framework\\src\\Illuminate\\Pipeline\\Pipeline.php(167): Illuminate\\Cookie\\Middleware\\AddQueuedCookiesToResponse->handle(Object(Illuminate\\Http\\Request), Object(Closure))
#10 C:\\xampp\\htdocs\\DailyInsure\\vendor\\laravel\\framework\\src\\Illuminate\\Cookie\\Middleware\\EncryptCookies.php(67): Illuminate\\Pipeline\\Pipeline->Illuminate\\Pipeline\\{closure}(Object(Illuminate\\Http\\Request))
#11 C:\\xampp\\htdocs\\DailyInsure\\vendor\\laravel\\framework\\src\\Illuminate\\Pipeline\\Pipeline.php(167): Illuminate\\Cookie\\Middleware\\EncryptCookies->handle(Object(Illuminate\\Http\\Request), Object(Closure))
#12 C:\\xampp\\htdocs\\DailyInsure\\vendor\\laravel\\framework\\src\\Illuminate\\Pipeline\\Pipeline.php(103): Illuminate\\Pipeline\\Pipeline->Illuminate\\Pipeline\\{closure}(Object(Illuminate\\Http\\Request))
#13 C:\\xampp\\htdocs\\DailyInsure\\vendor\\laravel\\framework\\src\\Illuminate\\Routing\\Router.php(719): Illuminate\\Pipeline\\Pipeline->then(Object(Closure))
#14 C:\\xampp\\htdocs\\DailyInsure\\vendor\\laravel\\framework\\src\\Illuminate\\Routing\\Router.php(698): Illuminate\\Routing\\Router->runRouteWithinStack(Object(Illuminate\\Routing\\Route), Object(Illuminate\\Http\\Request))
#15 C:\\xampp\\htdocs\\DailyInsure\\vendor\\laravel\\framework\\src\\Illuminate\\Routing\\Router.php(662): Illuminate\\Routing\\Router->runRoute(Object(Illuminate\\Http\\Request), Object(Illuminate\\Routing\\Route))
#16 C:\\xampp\\htdocs\\DailyInsure\\vendor\\laravel\\framework\\src\\Illuminate\\Routing\\Router.php(651): Illuminate\\Routing\\Router->dispatchToRoute(Object(Illuminate\\Http\\Request))
#17 C:\\xampp\\htdocs\\DailyInsure\\vendor\\laravel\\framework\\src\\Illuminate\\Foundation\\Http\\Kernel.php(167): Illuminate\\Routing\\Router->dispatch(Object(Illuminate\\Http\\Request))
#18 C:\\xampp\\htdocs\\DailyInsure\\vendor\\laravel\\framework\\src\\Illuminate\\Pipeline\\Pipeline.php(128): Illuminate\\Foundation\\Http\\Kernel->Illuminate\\Foundation\\Http\\{closure}(Object(Illuminate\\Http\\Request))
#19 C:\\xampp\\htdocs\\DailyInsure\\vendor\\laravel\\framework\\src\\Illuminate\\Foundation\\Http\\Middleware\\TransformsRequest.php(21): Illuminate\\Pipeline\\Pipeline->Illuminate\\Pipeline\\{closure}(Object(Illuminate\\Http\\Request))
#20 C:\\xampp\\htdocs\\DailyInsure\\vendor\\laravel\\framework\\src\\Illuminate\\Foundation\\Http\\Middleware\\ConvertEmptyStringsToNull.php(31): Illuminate\\Foundation\\Http\\Middleware\\TransformsRequest->handle(Object(Illuminate\\Http\\Request), Object(Closure))
#21 C:\\xampp\\htdocs\\DailyInsure\\vendor\\laravel\\framework\\src\\Illuminate\\Pipeline\\Pipeline.php(167): Illuminate\\Foundation\\Http\\Middleware\\ConvertEmptyStringsToNull->handle(Object(Illuminate\\Http\\Request), Object(Closure))
#22 C:\\xampp\\htdocs\\DailyInsure\\vendor\\laravel\\framework\\src\\Illuminate\\Foundation\\Http\\Middleware\\TransformsRequest.php(21): Illuminate\\Pipeline\\Pipeline->Illuminate\\Pipeline\\{closure}(Object(Illuminate\\Http\\Request))
#23 C:\\xampp\\htdocs\\DailyInsure\\vendor\\laravel\\framework\\src\\Illuminate\\Foundation\\Http\\Middleware\\TrimStrings.php(40): Illuminate\\Foundation\\Http\\Middleware\\TransformsRequest->handle(Object(Illuminate\\Http\\Request), Object(Closure))
#24 C:\\xampp\\htdocs\\DailyInsure\\vendor\\laravel\\framework\\src\\Illuminate\\Pipeline\\Pipeline.php(167): Illuminate\\Foundation\\Http\\Middleware\\TrimStrings->handle(Object(Illuminate\\Http\\Request), Object(Closure))
#25 C:\\xampp\\htdocs\\DailyInsure\\vendor\\laravel\\framework\\src\\Illuminate\\Foundation\\Http\\Middleware\\ValidatePostSize.php(27): Illuminate\\Pipeline\\Pipeline->Illuminate\\Pipeline\\{closure}(Object(Illuminate\\Http\\Request))
#26 C:\\xampp\\htdocs\\DailyInsure\\vendor\\laravel\\framework\\src\\Illuminate\\Pipeline\\Pipeline.php(167): Illuminate\\Foundation\\Http\\Middleware\\ValidatePostSize->handle(Object(Illuminate\\Http\\Request), Object(Closure))
#27 C:\\xampp\\htdocs\\DailyInsure\\vendor\\laravel\\framework\\src\\Illuminate\\Foundation\\Http\\Middleware\\PreventRequestsDuringMaintenance.php(86): Illuminate\\Pipeline\\Pipeline->Illuminate\\Pipeline\\{closure}(Object(Illuminate\\Http\\Request))
#28 C:\\xampp\\htdocs\\DailyInsure\\vendor\\laravel\\framework\\src\\Illuminate\\Pipeline\\Pipeline.php(167): Illuminate\\Foundation\\Http\\Middleware\\PreventRequestsDuringMaintenance->handle(Object(Illuminate\\Http\\Request), Object(Closure))
#29 C:\\xampp\\htdocs\\DailyInsure\\vendor\\fruitcake\\laravel-cors\\src\\HandleCors.php(38): Illuminate\\Pipeline\\Pipeline->Illuminate\\Pipeline\\{closure}(Object(Illuminate\\Http\\Request))
#30 C:\\xampp\\htdocs\\DailyInsure\\vendor\\laravel\\framework\\src\\Illuminate\\Pipeline\\Pipeline.php(167): Fruitcake\\Cors\\HandleCors->handle(Object(Illuminate\\Http\\Request), Object(Closure))
#31 C:\\xampp\\htdocs\\DailyInsure\\vendor\\laravel\\framework\\src\\Illuminate\\Http\\Middleware\\TrustProxies.php(39): Illuminate\\Pipeline\\Pipeline->Illuminate\\Pipeline\\{closure}(Object(Illuminate\\Http\\Request))
#32 C:\\xampp\\htdocs\\DailyInsure\\vendor\\laravel\\framework\\src\\Illuminate\\Pipeline\\Pipeline.php(167): Illuminate\\Http\\Middleware\\TrustProxies->handle(Object(Illuminate\\Http\\Request), Object(Closure))
#33 C:\\xampp\\htdocs\\DailyInsure\\vendor\\laravel\\framework\\src\\Illuminate\\Pipeline\\Pipeline.php(103): Illuminate\\Pipeline\\Pipeline->Illuminate\\Pipeline\\{closure}(Object(Illuminate\\Http\\Request))
#34 C:\\xampp\\htdocs\\DailyInsure\\vendor\\laravel\\framework\\src\\Illuminate\\Foundation\\Http\\Kernel.php(142): Illuminate\\Pipeline\\Pipeline->then(Object(Closure))
#35 C:\\xampp\\htdocs\\DailyInsure\\vendor\\laravel\\framework\\src\\Illuminate\\Foundation\\Http\\Kernel.php(111): Illuminate\\Foundation\\Http\\Kernel->sendRequestThroughRouter(Object(Illuminate\\Http\\Request))
#36 C:\\xampp\\htdocs\\DailyInsure\\public\\index.php(51): Illuminate\\Foundation\\Http\\Kernel->handle(Object(Illuminate\\Http\\Request))
#37 C:\\xampp\\htdocs\\DailyInsure\\index.php(21): require_once('C:\\\\xampp\\\\htdocs...')
#38 {main}
"} 
[2025-02-28 07:57:42] local.ERROR: Route [error.page] not defined. (View: C:\xampp\htdocs\insure_daily\resources\views\user\common\side_menu.blade.php) {"view":{"view":"C:\\xampp\\htdocs\\insure_daily\\vendor\\laravel\\framework\\src\\Illuminate\\Routing\\UrlGenerator.php","data":[]},"userId":10,"exception":"[object] (Facade\\Ignition\\Exceptions\\ViewException(code: 0): Route [error.page] not defined. (View: C:\\xampp\\htdocs\\insure_daily\\resources\\views\\user\\common\\side_menu.blade.php) at C:\\xampp\\htdocs\\insure_daily\\vendor\\laravel\\framework\\src\\Illuminate\\Routing\\UrlGenerator.php:444)
[stacktrace]
#0 C:\\xampp\\htdocs\\insure_daily\\vendor\\laravel\\framework\\src\\Illuminate\\Foundation\\helpers.php(739): Illuminate\\Routing\\UrlGenerator->route('error.page', Array, true)
#1 C:\\xampp\\htdocs\\insure_daily\\resources\\views/user/common/side_menu.blade.php(43): route('error.page')
#2 C:\\xampp\\htdocs\\insure_daily\\vendor\\laravel\\framework\\src\\Illuminate\\Filesystem\\Filesystem.php(107): require('C:\\\\xampp\\\\htdocs...')
#3 C:\\xampp\\htdocs\\insure_daily\\vendor\\laravel\\framework\\src\\Illuminate\\Filesystem\\Filesystem.php(108): Illuminate\\Filesystem\\Filesystem::Illuminate\\Filesystem\\{closure}()
#4 C:\\xampp\\htdocs\\insure_daily\\vendor\\laravel\\framework\\src\\Illuminate\\View\\Engines\\PhpEngine.php(58): Illuminate\\Filesystem\\Filesystem->getRequire('C:\\\\xampp\\\\htdocs...', Array)
#5 C:\\xampp\\htdocs\\insure_daily\\vendor\\laravel\\framework\\src\\Illuminate\\View\\Engines\\CompilerEngine.php(61): Illuminate\\View\\Engines\\PhpEngine->evaluatePath('C:\\\\xampp\\\\htdocs...', Array)
#6 C:\\xampp\\htdocs\\insure_daily\\vendor\\facade\\ignition\\src\\Views\\Engines\\CompilerEngine.php(37): Illuminate\\View\\Engines\\CompilerEngine->get('C:\\\\xampp\\\\htdocs...', Array)
#7 C:\\xampp\\htdocs\\insure_daily\\vendor\\laravel\\framework\\src\\Illuminate\\View\\View.php(139): Facade\\Ignition\\Views\\Engines\\CompilerEngine->get('C:\\\\xampp\\\\htdocs...', Array)
#8 C:\\xampp\\htdocs\\insure_daily\\vendor\\laravel\\framework\\src\\Illuminate\\View\\View.php(122): Illuminate\\View\\View->getContents()
#9 C:\\xampp\\htdocs\\insure_daily\\vendor\\laravel\\framework\\src\\Illuminate\\View\\View.php(91): Illuminate\\View\\View->renderContents()
#10 C:\\xampp\\htdocs\\insure_daily\\resources\\views/user/layout/app.blade.php(34): Illuminate\\View\\View->render()
#11 C:\\xampp\\htdocs\\insure_daily\\vendor\\laravel\\framework\\src\\Illuminate\\Filesystem\\Filesystem.php(107): require('C:\\\\xampp\\\\htdocs...')
#12 C:\\xampp\\htdocs\\insure_daily\\vendor\\laravel\\framework\\src\\Illuminate\\Filesystem\\Filesystem.php(108): Illuminate\\Filesystem\\Filesystem::Illuminate\\Filesystem\\{closure}()
#13 C:\\xampp\\htdocs\\insure_daily\\vendor\\laravel\\framework\\src\\Illuminate\\View\\Engines\\PhpEngine.php(58): Illuminate\\Filesystem\\Filesystem->getRequire('C:\\\\xampp\\\\htdocs...', Array)
#14 C:\\xampp\\htdocs\\insure_daily\\vendor\\laravel\\framework\\src\\Illuminate\\View\\Engines\\CompilerEngine.php(61): Illuminate\\View\\Engines\\PhpEngine->evaluatePath('C:\\\\xampp\\\\htdocs...', Array)
#15 C:\\xampp\\htdocs\\insure_daily\\vendor\\facade\\ignition\\src\\Views\\Engines\\CompilerEngine.php(37): Illuminate\\View\\Engines\\CompilerEngine->get('C:\\\\xampp\\\\htdocs...', Array)
#16 C:\\xampp\\htdocs\\insure_daily\\vendor\\laravel\\framework\\src\\Illuminate\\View\\View.php(139): Facade\\Ignition\\Views\\Engines\\CompilerEngine->get('C:\\\\xampp\\\\htdocs...', Array)
#17 C:\\xampp\\htdocs\\insure_daily\\vendor\\laravel\\framework\\src\\Illuminate\\View\\View.php(122): Illuminate\\View\\View->getContents()
#18 C:\\xampp\\htdocs\\insure_daily\\vendor\\laravel\\framework\\src\\Illuminate\\View\\View.php(91): Illuminate\\View\\View->renderContents()
#19 C:\\xampp\\htdocs\\insure_daily\\resources\\views/user/files/index.blade.php(75): Illuminate\\View\\View->render()
#20 C:\\xampp\\htdocs\\insure_daily\\vendor\\laravel\\framework\\src\\Illuminate\\Filesystem\\Filesystem.php(107): require('C:\\\\xampp\\\\htdocs...')
#21 C:\\xampp\\htdocs\\insure_daily\\vendor\\laravel\\framework\\src\\Illuminate\\Filesystem\\Filesystem.php(108): Illuminate\\Filesystem\\Filesystem::Illuminate\\Filesystem\\{closure}()
#22 C:\\xampp\\htdocs\\insure_daily\\vendor\\laravel\\framework\\src\\Illuminate\\View\\Engines\\PhpEngine.php(58): Illuminate\\Filesystem\\Filesystem->getRequire('C:\\\\xampp\\\\htdocs...', Array)
#23 C:\\xampp\\htdocs\\insure_daily\\vendor\\laravel\\framework\\src\\Illuminate\\View\\Engines\\CompilerEngine.php(61): Illuminate\\View\\Engines\\PhpEngine->evaluatePath('C:\\\\xampp\\\\htdocs...', Array)
#24 C:\\xampp\\htdocs\\insure_daily\\vendor\\facade\\ignition\\src\\Views\\Engines\\CompilerEngine.php(37): Illuminate\\View\\Engines\\CompilerEngine->get('C:\\\\xampp\\\\htdocs...', Array)
#25 C:\\xampp\\htdocs\\insure_daily\\vendor\\laravel\\framework\\src\\Illuminate\\View\\View.php(139): Facade\\Ignition\\Views\\Engines\\CompilerEngine->get('C:\\\\xampp\\\\htdocs...', Array)
#26 C:\\xampp\\htdocs\\insure_daily\\vendor\\laravel\\framework\\src\\Illuminate\\View\\View.php(122): Illuminate\\View\\View->getContents()
#27 C:\\xampp\\htdocs\\insure_daily\\vendor\\laravel\\framework\\src\\Illuminate\\View\\View.php(91): Illuminate\\View\\View->renderContents()
#28 C:\\xampp\\htdocs\\insure_daily\\vendor\\laravel\\framework\\src\\Illuminate\\Http\\Response.php(69): Illuminate\\View\\View->render()
#29 C:\\xampp\\htdocs\\insure_daily\\vendor\\laravel\\framework\\src\\Illuminate\\Http\\Response.php(35): Illuminate\\Http\\Response->setContent(Object(Illuminate\\View\\View))
#30 C:\\xampp\\htdocs\\insure_daily\\vendor\\laravel\\framework\\src\\Illuminate\\Routing\\Router.php(820): Illuminate\\Http\\Response->__construct(Object(Illuminate\\View\\View), 200, Array)
#31 C:\\xampp\\htdocs\\insure_daily\\vendor\\laravel\\framework\\src\\Illuminate\\Routing\\Router.php(789): Illuminate\\Routing\\Router::toResponse(Object(Illuminate\\Http\\Request), Object(Illuminate\\View\\View))
#32 C:\\xampp\\htdocs\\insure_daily\\vendor\\laravel\\framework\\src\\Illuminate\\Routing\\Router.php(720): Illuminate\\Routing\\Router->prepareResponse(Object(Illuminate\\Http\\Request), Object(Illuminate\\View\\View))
#33 C:\\xampp\\htdocs\\insure_daily\\vendor\\laravel\\framework\\src\\Illuminate\\Pipeline\\Pipeline.php(128): Illuminate\\Routing\\Router->Illuminate\\Routing\\{closure}(Object(Illuminate\\Http\\Request))
#34 C:\\xampp\\htdocs\\insure_daily\\app\\Http\\Middleware\\User.php(22): Illuminate\\Pipeline\\Pipeline->Illuminate\\Pipeline\\{closure}(Object(Illuminate\\Http\\Request))
#35 C:\\xampp\\htdocs\\insure_daily\\vendor\\laravel\\framework\\src\\Illuminate\\Pipeline\\Pipeline.php(167): App\\Http\\Middleware\\User->handle(Object(Illuminate\\Http\\Request), Object(Closure))
#36 C:\\xampp\\htdocs\\insure_daily\\vendor\\laravel\\framework\\src\\Illuminate\\Routing\\Middleware\\SubstituteBindings.php(50): Illuminate\\Pipeline\\Pipeline->Illuminate\\Pipeline\\{closure}(Object(Illuminate\\Http\\Request))
#37 C:\\xampp\\htdocs\\insure_daily\\vendor\\laravel\\framework\\src\\Illuminate\\Pipeline\\Pipeline.php(167): Illuminate\\Routing\\Middleware\\SubstituteBindings->handle(Object(Illuminate\\Http\\Request), Object(Closure))
#38 C:\\xampp\\htdocs\\insure_daily\\vendor\\laravel\\framework\\src\\Illuminate\\Foundation\\Http\\Middleware\\VerifyCsrfToken.php(78): Illuminate\\Pipeline\\Pipeline->Illuminate\\Pipeline\\{closure}(Object(Illuminate\\Http\\Request))
#39 C:\\xampp\\htdocs\\insure_daily\\vendor\\laravel\\framework\\src\\Illuminate\\Pipeline\\Pipeline.php(167): Illuminate\\Foundation\\Http\\Middleware\\VerifyCsrfToken->handle(Object(Illuminate\\Http\\Request), Object(Closure))
#40 C:\\xampp\\htdocs\\insure_daily\\vendor\\laravel\\framework\\src\\Illuminate\\View\\Middleware\\ShareErrorsFromSession.php(49): Illuminate\\Pipeline\\Pipeline->Illuminate\\Pipeline\\{closure}(Object(Illuminate\\Http\\Request))
#41 C:\\xampp\\htdocs\\insure_daily\\vendor\\laravel\\framework\\src\\Illuminate\\Pipeline\\Pipeline.php(167): Illuminate\\View\\Middleware\\ShareErrorsFromSession->handle(Object(Illuminate\\Http\\Request), Object(Closure))
#42 C:\\xampp\\htdocs\\insure_daily\\vendor\\laravel\\framework\\src\\Illuminate\\Session\\Middleware\\StartSession.php(121): Illuminate\\Pipeline\\Pipeline->Illuminate\\Pipeline\\{closure}(Object(Illuminate\\Http\\Request))
#43 C:\\xampp\\htdocs\\insure_daily\\vendor\\laravel\\framework\\src\\Illuminate\\Session\\Middleware\\StartSession.php(64): Illuminate\\Session\\Middleware\\StartSession->handleStatefulRequest(Object(Illuminate\\Http\\Request), Object(Illuminate\\Session\\Store), Object(Closure))
#44 C:\\xampp\\htdocs\\insure_daily\\vendor\\laravel\\framework\\src\\Illuminate\\Pipeline\\Pipeline.php(167): Illuminate\\Session\\Middleware\\StartSession->handle(Object(Illuminate\\Http\\Request), Object(Closure))
#45 C:\\xampp\\htdocs\\insure_daily\\vendor\\laravel\\framework\\src\\Illuminate\\Cookie\\Middleware\\AddQueuedCookiesToResponse.php(37): Illuminate\\Pipeline\\Pipeline->Illuminate\\Pipeline\\{closure}(Object(Illuminate\\Http\\Request))
#46 C:\\xampp\\htdocs\\insure_daily\\vendor\\laravel\\framework\\src\\Illuminate\\Pipeline\\Pipeline.php(167): Illuminate\\Cookie\\Middleware\\AddQueuedCookiesToResponse->handle(Object(Illuminate\\Http\\Request), Object(Closure))
#47 C:\\xampp\\htdocs\\insure_daily\\vendor\\laravel\\framework\\src\\Illuminate\\Cookie\\Middleware\\EncryptCookies.php(67): Illuminate\\Pipeline\\Pipeline->Illuminate\\Pipeline\\{closure}(Object(Illuminate\\Http\\Request))
#48 C:\\xampp\\htdocs\\insure_daily\\vendor\\laravel\\framework\\src\\Illuminate\\Pipeline\\Pipeline.php(167): Illuminate\\Cookie\\Middleware\\EncryptCookies->handle(Object(Illuminate\\Http\\Request), Object(Closure))
#49 C:\\xampp\\htdocs\\insure_daily\\vendor\\laravel\\framework\\src\\Illuminate\\Pipeline\\Pipeline.php(103): Illuminate\\Pipeline\\Pipeline->Illuminate\\Pipeline\\{closure}(Object(Illuminate\\Http\\Request))
#50 C:\\xampp\\htdocs\\insure_daily\\vendor\\laravel\\framework\\src\\Illuminate\\Routing\\Router.php(719): Illuminate\\Pipeline\\Pipeline->then(Object(Closure))
#51 C:\\xampp\\htdocs\\insure_daily\\vendor\\laravel\\framework\\src\\Illuminate\\Routing\\Router.php(698): Illuminate\\Routing\\Router->runRouteWithinStack(Object(Illuminate\\Routing\\Route), Object(Illuminate\\Http\\Request))
#52 C:\\xampp\\htdocs\\insure_daily\\vendor\\laravel\\framework\\src\\Illuminate\\Routing\\Router.php(662): Illuminate\\Routing\\Router->runRoute(Object(Illuminate\\Http\\Request), Object(Illuminate\\Routing\\Route))
#53 C:\\xampp\\htdocs\\insure_daily\\vendor\\laravel\\framework\\src\\Illuminate\\Routing\\Router.php(651): Illuminate\\Routing\\Router->dispatchToRoute(Object(Illuminate\\Http\\Request))
#54 C:\\xampp\\htdocs\\insure_daily\\vendor\\laravel\\framework\\src\\Illuminate\\Foundation\\Http\\Kernel.php(167): Illuminate\\Routing\\Router->dispatch(Object(Illuminate\\Http\\Request))
#55 C:\\xampp\\htdocs\\insure_daily\\vendor\\laravel\\framework\\src\\Illuminate\\Pipeline\\Pipeline.php(128): Illuminate\\Foundation\\Http\\Kernel->Illuminate\\Foundation\\Http\\{closure}(Object(Illuminate\\Http\\Request))
#56 C:\\xampp\\htdocs\\insure_daily\\vendor\\laravel\\framework\\src\\Illuminate\\Foundation\\Http\\Middleware\\TransformsRequest.php(21): Illuminate\\Pipeline\\Pipeline->Illuminate\\Pipeline\\{closure}(Object(Illuminate\\Http\\Request))
#57 C:\\xampp\\htdocs\\insure_daily\\vendor\\laravel\\framework\\src\\Illuminate\\Foundation\\Http\\Middleware\\ConvertEmptyStringsToNull.php(31): Illuminate\\Foundation\\Http\\Middleware\\TransformsRequest->handle(Object(Illuminate\\Http\\Request), Object(Closure))
#58 C:\\xampp\\htdocs\\insure_daily\\vendor\\laravel\\framework\\src\\Illuminate\\Pipeline\\Pipeline.php(167): Illuminate\\Foundation\\Http\\Middleware\\ConvertEmptyStringsToNull->handle(Object(Illuminate\\Http\\Request), Object(Closure))
#59 C:\\xampp\\htdocs\\insure_daily\\vendor\\laravel\\framework\\src\\Illuminate\\Foundation\\Http\\Middleware\\TransformsRequest.php(21): Illuminate\\Pipeline\\Pipeline->Illuminate\\Pipeline\\{closure}(Object(Illuminate\\Http\\Request))
#60 C:\\xampp\\htdocs\\insure_daily\\vendor\\laravel\\framework\\src\\Illuminate\\Foundation\\Http\\Middleware\\TrimStrings.php(40): Illuminate\\Foundation\\Http\\Middleware\\TransformsRequest->handle(Object(Illuminate\\Http\\Request), Object(Closure))
#61 C:\\xampp\\htdocs\\insure_daily\\vendor\\laravel\\framework\\src\\Illuminate\\Pipeline\\Pipeline.php(167): Illuminate\\Foundation\\Http\\Middleware\\TrimStrings->handle(Object(Illuminate\\Http\\Request), Object(Closure))
#62 C:\\xampp\\htdocs\\insure_daily\\vendor\\laravel\\framework\\src\\Illuminate\\Foundation\\Http\\Middleware\\ValidatePostSize.php(27): Illuminate\\Pipeline\\Pipeline->Illuminate\\Pipeline\\{closure}(Object(Illuminate\\Http\\Request))
#63 C:\\xampp\\htdocs\\insure_daily\\vendor\\laravel\\framework\\src\\Illuminate\\Pipeline\\Pipeline.php(167): Illuminate\\Foundation\\Http\\Middleware\\ValidatePostSize->handle(Object(Illuminate\\Http\\Request), Object(Closure))
#64 C:\\xampp\\htdocs\\insure_daily\\vendor\\laravel\\framework\\src\\Illuminate\\Foundation\\Http\\Middleware\\PreventRequestsDuringMaintenance.php(86): Illuminate\\Pipeline\\Pipeline->Illuminate\\Pipeline\\{closure}(Object(Illuminate\\Http\\Request))
#65 C:\\xampp\\htdocs\\insure_daily\\vendor\\laravel\\framework\\src\\Illuminate\\Pipeline\\Pipeline.php(167): Illuminate\\Foundation\\Http\\Middleware\\PreventRequestsDuringMaintenance->handle(Object(Illuminate\\Http\\Request), Object(Closure))
#66 C:\\xampp\\htdocs\\insure_daily\\vendor\\fruitcake\\laravel-cors\\src\\HandleCors.php(38): Illuminate\\Pipeline\\Pipeline->Illuminate\\Pipeline\\{closure}(Object(Illuminate\\Http\\Request))
#67 C:\\xampp\\htdocs\\insure_daily\\vendor\\laravel\\framework\\src\\Illuminate\\Pipeline\\Pipeline.php(167): Fruitcake\\Cors\\HandleCors->handle(Object(Illuminate\\Http\\Request), Object(Closure))
#68 C:\\xampp\\htdocs\\insure_daily\\vendor\\laravel\\framework\\src\\Illuminate\\Http\\Middleware\\TrustProxies.php(39): Illuminate\\Pipeline\\Pipeline->Illuminate\\Pipeline\\{closure}(Object(Illuminate\\Http\\Request))
#69 C:\\xampp\\htdocs\\insure_daily\\vendor\\laravel\\framework\\src\\Illuminate\\Pipeline\\Pipeline.php(167): Illuminate\\Http\\Middleware\\TrustProxies->handle(Object(Illuminate\\Http\\Request), Object(Closure))
#70 C:\\xampp\\htdocs\\insure_daily\\vendor\\laravel\\framework\\src\\Illuminate\\Pipeline\\Pipeline.php(103): Illuminate\\Pipeline\\Pipeline->Illuminate\\Pipeline\\{closure}(Object(Illuminate\\Http\\Request))
#71 C:\\xampp\\htdocs\\insure_daily\\vendor\\laravel\\framework\\src\\Illuminate\\Foundation\\Http\\Kernel.php(142): Illuminate\\Pipeline\\Pipeline->then(Object(Closure))
#72 C:\\xampp\\htdocs\\insure_daily\\vendor\\laravel\\framework\\src\\Illuminate\\Foundation\\Http\\Kernel.php(111): Illuminate\\Foundation\\Http\\Kernel->sendRequestThroughRouter(Object(Illuminate\\Http\\Request))
#73 C:\\xampp\\htdocs\\insure_daily\\public\\index.php(51): Illuminate\\Foundation\\Http\\Kernel->handle(Object(Illuminate\\Http\\Request))
#74 C:\\xampp\\htdocs\\insure_daily\\index.php(21): require_once('C:\\\\xampp\\\\htdocs...')
#75 {main}

[previous exception] [object] (Symfony\\Component\\Routing\\Exception\\RouteNotFoundException(code: 0): Route [error.page] not defined. at C:\\xampp\\htdocs\\insure_daily\\vendor\\laravel\\framework\\src\\Illuminate\\Routing\\UrlGenerator.php:444)
[stacktrace]
#0 C:\\xampp\\htdocs\\insure_daily\\vendor\\laravel\\framework\\src\\Illuminate\\Foundation\\helpers.php(739): Illuminate\\Routing\\UrlGenerator->route('error.page', Array, true)
#1 C:\\xampp\\htdocs\\insure_daily\\storage\\framework\\views\\7b54d0875f100b5b4fed2502430ca59bfd595946.php(23): route('error.page')
#2 C:\\xampp\\htdocs\\insure_daily\\vendor\\laravel\\framework\\src\\Illuminate\\Filesystem\\Filesystem.php(107): require('C:\\\\xampp\\\\htdocs...')
#3 C:\\xampp\\htdocs\\insure_daily\\vendor\\laravel\\framework\\src\\Illuminate\\Filesystem\\Filesystem.php(108): Illuminate\\Filesystem\\Filesystem::Illuminate\\Filesystem\\{closure}()
#4 C:\\xampp\\htdocs\\insure_daily\\vendor\\laravel\\framework\\src\\Illuminate\\View\\Engines\\PhpEngine.php(58): Illuminate\\Filesystem\\Filesystem->getRequire('C:\\\\xampp\\\\htdocs...', Array)
#5 C:\\xampp\\htdocs\\insure_daily\\vendor\\laravel\\framework\\src\\Illuminate\\View\\Engines\\CompilerEngine.php(61): Illuminate\\View\\Engines\\PhpEngine->evaluatePath('C:\\\\xampp\\\\htdocs...', Array)
#6 C:\\xampp\\htdocs\\insure_daily\\vendor\\facade\\ignition\\src\\Views\\Engines\\CompilerEngine.php(37): Illuminate\\View\\Engines\\CompilerEngine->get('C:\\\\xampp\\\\htdocs...', Array)
#7 C:\\xampp\\htdocs\\insure_daily\\vendor\\laravel\\framework\\src\\Illuminate\\View\\View.php(139): Facade\\Ignition\\Views\\Engines\\CompilerEngine->get('C:\\\\xampp\\\\htdocs...', Array)
#8 C:\\xampp\\htdocs\\insure_daily\\vendor\\laravel\\framework\\src\\Illuminate\\View\\View.php(122): Illuminate\\View\\View->getContents()
#9 C:\\xampp\\htdocs\\insure_daily\\vendor\\laravel\\framework\\src\\Illuminate\\View\\View.php(91): Illuminate\\View\\View->renderContents()
#10 C:\\xampp\\htdocs\\insure_daily\\storage\\framework\\views\\d348b9e539d24ab0ca18af158465759fd3671292.php(34): Illuminate\\View\\View->render()
#11 C:\\xampp\\htdocs\\insure_daily\\vendor\\laravel\\framework\\src\\Illuminate\\Filesystem\\Filesystem.php(107): require('C:\\\\xampp\\\\htdocs...')
#12 C:\\xampp\\htdocs\\insure_daily\\vendor\\laravel\\framework\\src\\Illuminate\\Filesystem\\Filesystem.php(108): Illuminate\\Filesystem\\Filesystem::Illuminate\\Filesystem\\{closure}()
#13 C:\\xampp\\htdocs\\insure_daily\\vendor\\laravel\\framework\\src\\Illuminate\\View\\Engines\\PhpEngine.php(58): Illuminate\\Filesystem\\Filesystem->getRequire('C:\\\\xampp\\\\htdocs...', Array)
#14 C:\\xampp\\htdocs\\insure_daily\\vendor\\laravel\\framework\\src\\Illuminate\\View\\Engines\\CompilerEngine.php(61): Illuminate\\View\\Engines\\PhpEngine->evaluatePath('C:\\\\xampp\\\\htdocs...', Array)
#15 C:\\xampp\\htdocs\\insure_daily\\vendor\\facade\\ignition\\src\\Views\\Engines\\CompilerEngine.php(37): Illuminate\\View\\Engines\\CompilerEngine->get('C:\\\\xampp\\\\htdocs...', Array)
#16 C:\\xampp\\htdocs\\insure_daily\\vendor\\laravel\\framework\\src\\Illuminate\\View\\View.php(139): Facade\\Ignition\\Views\\Engines\\CompilerEngine->get('C:\\\\xampp\\\\htdocs...', Array)
#17 C:\\xampp\\htdocs\\insure_daily\\vendor\\laravel\\framework\\src\\Illuminate\\View\\View.php(122): Illuminate\\View\\View->getContents()
#18 C:\\xampp\\htdocs\\insure_daily\\vendor\\laravel\\framework\\src\\Illuminate\\View\\View.php(91): Illuminate\\View\\View->renderContents()
#19 C:\\xampp\\htdocs\\insure_daily\\storage\\framework\\views\\a0730e401d24e1cd93253daadb5642df207d6619.php(75): Illuminate\\View\\View->render()
#20 C:\\xampp\\htdocs\\insure_daily\\vendor\\laravel\\framework\\src\\Illuminate\\Filesystem\\Filesystem.php(107): require('C:\\\\xampp\\\\htdocs...')
#21 C:\\xampp\\htdocs\\insure_daily\\vendor\\laravel\\framework\\src\\Illuminate\\Filesystem\\Filesystem.php(108): Illuminate\\Filesystem\\Filesystem::Illuminate\\Filesystem\\{closure}()
#22 C:\\xampp\\htdocs\\insure_daily\\vendor\\laravel\\framework\\src\\Illuminate\\View\\Engines\\PhpEngine.php(58): Illuminate\\Filesystem\\Filesystem->getRequire('C:\\\\xampp\\\\htdocs...', Array)
#23 C:\\xampp\\htdocs\\insure_daily\\vendor\\laravel\\framework\\src\\Illuminate\\View\\Engines\\CompilerEngine.php(61): Illuminate\\View\\Engines\\PhpEngine->evaluatePath('C:\\\\xampp\\\\htdocs...', Array)
#24 C:\\xampp\\htdocs\\insure_daily\\vendor\\facade\\ignition\\src\\Views\\Engines\\CompilerEngine.php(37): Illuminate\\View\\Engines\\CompilerEngine->get('C:\\\\xampp\\\\htdocs...', Array)
#25 C:\\xampp\\htdocs\\insure_daily\\vendor\\laravel\\framework\\src\\Illuminate\\View\\View.php(139): Facade\\Ignition\\Views\\Engines\\CompilerEngine->get('C:\\\\xampp\\\\htdocs...', Array)
#26 C:\\xampp\\htdocs\\insure_daily\\vendor\\laravel\\framework\\src\\Illuminate\\View\\View.php(122): Illuminate\\View\\View->getContents()
#27 C:\\xampp\\htdocs\\insure_daily\\vendor\\laravel\\framework\\src\\Illuminate\\View\\View.php(91): Illuminate\\View\\View->renderContents()
#28 C:\\xampp\\htdocs\\insure_daily\\vendor\\laravel\\framework\\src\\Illuminate\\Http\\Response.php(69): Illuminate\\View\\View->render()
#29 C:\\xampp\\htdocs\\insure_daily\\vendor\\laravel\\framework\\src\\Illuminate\\Http\\Response.php(35): Illuminate\\Http\\Response->setContent(Object(Illuminate\\View\\View))
#30 C:\\xampp\\htdocs\\insure_daily\\vendor\\laravel\\framework\\src\\Illuminate\\Routing\\Router.php(820): Illuminate\\Http\\Response->__construct(Object(Illuminate\\View\\View), 200, Array)
#31 C:\\xampp\\htdocs\\insure_daily\\vendor\\laravel\\framework\\src\\Illuminate\\Routing\\Router.php(789): Illuminate\\Routing\\Router::toResponse(Object(Illuminate\\Http\\Request), Object(Illuminate\\View\\View))
#32 C:\\xampp\\htdocs\\insure_daily\\vendor\\laravel\\framework\\src\\Illuminate\\Routing\\Router.php(720): Illuminate\\Routing\\Router->prepareResponse(Object(Illuminate\\Http\\Request), Object(Illuminate\\View\\View))
#33 C:\\xampp\\htdocs\\insure_daily\\vendor\\laravel\\framework\\src\\Illuminate\\Pipeline\\Pipeline.php(128): Illuminate\\Routing\\Router->Illuminate\\Routing\\{closure}(Object(Illuminate\\Http\\Request))
#34 C:\\xampp\\htdocs\\insure_daily\\app\\Http\\Middleware\\User.php(22): Illuminate\\Pipeline\\Pipeline->Illuminate\\Pipeline\\{closure}(Object(Illuminate\\Http\\Request))
#35 C:\\xampp\\htdocs\\insure_daily\\vendor\\laravel\\framework\\src\\Illuminate\\Pipeline\\Pipeline.php(167): App\\Http\\Middleware\\User->handle(Object(Illuminate\\Http\\Request), Object(Closure))
#36 C:\\xampp\\htdocs\\insure_daily\\vendor\\laravel\\framework\\src\\Illuminate\\Routing\\Middleware\\SubstituteBindings.php(50): Illuminate\\Pipeline\\Pipeline->Illuminate\\Pipeline\\{closure}(Object(Illuminate\\Http\\Request))
#37 C:\\xampp\\htdocs\\insure_daily\\vendor\\laravel\\framework\\src\\Illuminate\\Pipeline\\Pipeline.php(167): Illuminate\\Routing\\Middleware\\SubstituteBindings->handle(Object(Illuminate\\Http\\Request), Object(Closure))
#38 C:\\xampp\\htdocs\\insure_daily\\vendor\\laravel\\framework\\src\\Illuminate\\Foundation\\Http\\Middleware\\VerifyCsrfToken.php(78): Illuminate\\Pipeline\\Pipeline->Illuminate\\Pipeline\\{closure}(Object(Illuminate\\Http\\Request))
#39 C:\\xampp\\htdocs\\insure_daily\\vendor\\laravel\\framework\\src\\Illuminate\\Pipeline\\Pipeline.php(167): Illuminate\\Foundation\\Http\\Middleware\\VerifyCsrfToken->handle(Object(Illuminate\\Http\\Request), Object(Closure))
#40 C:\\xampp\\htdocs\\insure_daily\\vendor\\laravel\\framework\\src\\Illuminate\\View\\Middleware\\ShareErrorsFromSession.php(49): Illuminate\\Pipeline\\Pipeline->Illuminate\\Pipeline\\{closure}(Object(Illuminate\\Http\\Request))
#41 C:\\xampp\\htdocs\\insure_daily\\vendor\\laravel\\framework\\src\\Illuminate\\Pipeline\\Pipeline.php(167): Illuminate\\View\\Middleware\\ShareErrorsFromSession->handle(Object(Illuminate\\Http\\Request), Object(Closure))
#42 C:\\xampp\\htdocs\\insure_daily\\vendor\\laravel\\framework\\src\\Illuminate\\Session\\Middleware\\StartSession.php(121): Illuminate\\Pipeline\\Pipeline->Illuminate\\Pipeline\\{closure}(Object(Illuminate\\Http\\Request))
#43 C:\\xampp\\htdocs\\insure_daily\\vendor\\laravel\\framework\\src\\Illuminate\\Session\\Middleware\\StartSession.php(64): Illuminate\\Session\\Middleware\\StartSession->handleStatefulRequest(Object(Illuminate\\Http\\Request), Object(Illuminate\\Session\\Store), Object(Closure))
#44 C:\\xampp\\htdocs\\insure_daily\\vendor\\laravel\\framework\\src\\Illuminate\\Pipeline\\Pipeline.php(167): Illuminate\\Session\\Middleware\\StartSession->handle(Object(Illuminate\\Http\\Request), Object(Closure))
#45 C:\\xampp\\htdocs\\insure_daily\\vendor\\laravel\\framework\\src\\Illuminate\\Cookie\\Middleware\\AddQueuedCookiesToResponse.php(37): Illuminate\\Pipeline\\Pipeline->Illuminate\\Pipeline\\{closure}(Object(Illuminate\\Http\\Request))
#46 C:\\xampp\\htdocs\\insure_daily\\vendor\\laravel\\framework\\src\\Illuminate\\Pipeline\\Pipeline.php(167): Illuminate\\Cookie\\Middleware\\AddQueuedCookiesToResponse->handle(Object(Illuminate\\Http\\Request), Object(Closure))
#47 C:\\xampp\\htdocs\\insure_daily\\vendor\\laravel\\framework\\src\\Illuminate\\Cookie\\Middleware\\EncryptCookies.php(67): Illuminate\\Pipeline\\Pipeline->Illuminate\\Pipeline\\{closure}(Object(Illuminate\\Http\\Request))
#48 C:\\xampp\\htdocs\\insure_daily\\vendor\\laravel\\framework\\src\\Illuminate\\Pipeline\\Pipeline.php(167): Illuminate\\Cookie\\Middleware\\EncryptCookies->handle(Object(Illuminate\\Http\\Request), Object(Closure))
#49 C:\\xampp\\htdocs\\insure_daily\\vendor\\laravel\\framework\\src\\Illuminate\\Pipeline\\Pipeline.php(103): Illuminate\\Pipeline\\Pipeline->Illuminate\\Pipeline\\{closure}(Object(Illuminate\\Http\\Request))
#50 C:\\xampp\\htdocs\\insure_daily\\vendor\\laravel\\framework\\src\\Illuminate\\Routing\\Router.php(719): Illuminate\\Pipeline\\Pipeline->then(Object(Closure))
#51 C:\\xampp\\htdocs\\insure_daily\\vendor\\laravel\\framework\\src\\Illuminate\\Routing\\Router.php(698): Illuminate\\Routing\\Router->runRouteWithinStack(Object(Illuminate\\Routing\\Route), Object(Illuminate\\Http\\Request))
#52 C:\\xampp\\htdocs\\insure_daily\\vendor\\laravel\\framework\\src\\Illuminate\\Routing\\Router.php(662): Illuminate\\Routing\\Router->runRoute(Object(Illuminate\\Http\\Request), Object(Illuminate\\Routing\\Route))
#53 C:\\xampp\\htdocs\\insure_daily\\vendor\\laravel\\framework\\src\\Illuminate\\Routing\\Router.php(651): Illuminate\\Routing\\Router->dispatchToRoute(Object(Illuminate\\Http\\Request))
#54 C:\\xampp\\htdocs\\insure_daily\\vendor\\laravel\\framework\\src\\Illuminate\\Foundation\\Http\\Kernel.php(167): Illuminate\\Routing\\Router->dispatch(Object(Illuminate\\Http\\Request))
#55 C:\\xampp\\htdocs\\insure_daily\\vendor\\laravel\\framework\\src\\Illuminate\\Pipeline\\Pipeline.php(128): Illuminate\\Foundation\\Http\\Kernel->Illuminate\\Foundation\\Http\\{closure}(Object(Illuminate\\Http\\Request))
#56 C:\\xampp\\htdocs\\insure_daily\\vendor\\laravel\\framework\\src\\Illuminate\\Foundation\\Http\\Middleware\\TransformsRequest.php(21): Illuminate\\Pipeline\\Pipeline->Illuminate\\Pipeline\\{closure}(Object(Illuminate\\Http\\Request))
#57 C:\\xampp\\htdocs\\insure_daily\\vendor\\laravel\\framework\\src\\Illuminate\\Foundation\\Http\\Middleware\\ConvertEmptyStringsToNull.php(31): Illuminate\\Foundation\\Http\\Middleware\\TransformsRequest->handle(Object(Illuminate\\Http\\Request), Object(Closure))
#58 C:\\xampp\\htdocs\\insure_daily\\vendor\\laravel\\framework\\src\\Illuminate\\Pipeline\\Pipeline.php(167): Illuminate\\Foundation\\Http\\Middleware\\ConvertEmptyStringsToNull->handle(Object(Illuminate\\Http\\Request), Object(Closure))
#59 C:\\xampp\\htdocs\\insure_daily\\vendor\\laravel\\framework\\src\\Illuminate\\Foundation\\Http\\Middleware\\TransformsRequest.php(21): Illuminate\\Pipeline\\Pipeline->Illuminate\\Pipeline\\{closure}(Object(Illuminate\\Http\\Request))
#60 C:\\xampp\\htdocs\\insure_daily\\vendor\\laravel\\framework\\src\\Illuminate\\Foundation\\Http\\Middleware\\TrimStrings.php(40): Illuminate\\Foundation\\Http\\Middleware\\TransformsRequest->handle(Object(Illuminate\\Http\\Request), Object(Closure))
#61 C:\\xampp\\htdocs\\insure_daily\\vendor\\laravel\\framework\\src\\Illuminate\\Pipeline\\Pipeline.php(167): Illuminate\\Foundation\\Http\\Middleware\\TrimStrings->handle(Object(Illuminate\\Http\\Request), Object(Closure))
#62 C:\\xampp\\htdocs\\insure_daily\\vendor\\laravel\\framework\\src\\Illuminate\\Foundation\\Http\\Middleware\\ValidatePostSize.php(27): Illuminate\\Pipeline\\Pipeline->Illuminate\\Pipeline\\{closure}(Object(Illuminate\\Http\\Request))
#63 C:\\xampp\\htdocs\\insure_daily\\vendor\\laravel\\framework\\src\\Illuminate\\Pipeline\\Pipeline.php(167): Illuminate\\Foundation\\Http\\Middleware\\ValidatePostSize->handle(Object(Illuminate\\Http\\Request), Object(Closure))
#64 C:\\xampp\\htdocs\\insure_daily\\vendor\\laravel\\framework\\src\\Illuminate\\Foundation\\Http\\Middleware\\PreventRequestsDuringMaintenance.php(86): Illuminate\\Pipeline\\Pipeline->Illuminate\\Pipeline\\{closure}(Object(Illuminate\\Http\\Request))
#65 C:\\xampp\\htdocs\\insure_daily\\vendor\\laravel\\framework\\src\\Illuminate\\Pipeline\\Pipeline.php(167): Illuminate\\Foundation\\Http\\Middleware\\PreventRequestsDuringMaintenance->handle(Object(Illuminate\\Http\\Request), Object(Closure))
#66 C:\\xampp\\htdocs\\insure_daily\\vendor\\fruitcake\\laravel-cors\\src\\HandleCors.php(38): Illuminate\\Pipeline\\Pipeline->Illuminate\\Pipeline\\{closure}(Object(Illuminate\\Http\\Request))
#67 C:\\xampp\\htdocs\\insure_daily\\vendor\\laravel\\framework\\src\\Illuminate\\Pipeline\\Pipeline.php(167): Fruitcake\\Cors\\HandleCors->handle(Object(Illuminate\\Http\\Request), Object(Closure))
#68 C:\\xampp\\htdocs\\insure_daily\\vendor\\laravel\\framework\\src\\Illuminate\\Http\\Middleware\\TrustProxies.php(39): Illuminate\\Pipeline\\Pipeline->Illuminate\\Pipeline\\{closure}(Object(Illuminate\\Http\\Request))
#69 C:\\xampp\\htdocs\\insure_daily\\vendor\\laravel\\framework\\src\\Illuminate\\Pipeline\\Pipeline.php(167): Illuminate\\Http\\Middleware\\TrustProxies->handle(Object(Illuminate\\Http\\Request), Object(Closure))
#70 C:\\xampp\\htdocs\\insure_daily\\vendor\\laravel\\framework\\src\\Illuminate\\Pipeline\\Pipeline.php(103): Illuminate\\Pipeline\\Pipeline->Illuminate\\Pipeline\\{closure}(Object(Illuminate\\Http\\Request))
#71 C:\\xampp\\htdocs\\insure_daily\\vendor\\laravel\\framework\\src\\Illuminate\\Foundation\\Http\\Kernel.php(142): Illuminate\\Pipeline\\Pipeline->then(Object(Closure))
#72 C:\\xampp\\htdocs\\insure_daily\\vendor\\laravel\\framework\\src\\Illuminate\\Foundation\\Http\\Kernel.php(111): Illuminate\\Foundation\\Http\\Kernel->sendRequestThroughRouter(Object(Illuminate\\Http\\Request))
#73 C:\\xampp\\htdocs\\insure_daily\\public\\index.php(51): Illuminate\\Foundation\\Http\\Kernel->handle(Object(Illuminate\\Http\\Request))
#74 C:\\xampp\\htdocs\\insure_daily\\index.php(21): require_once('C:\\\\xampp\\\\htdocs...')
#75 {main}
"} 
[2025-02-28 07:59:40] local.ERROR: Method App\Http\Controllers\User\UserController::error2Page does not exist. {"userId":10,"exception":"[object] (BadMethodCallException(code: 0): Method App\\Http\\Controllers\\User\\UserController::error2Page does not exist. at C:\\xampp\\htdocs\\insure_daily\\vendor\\laravel\\framework\\src\\Illuminate\\Routing\\Controller.php:68)
[stacktrace]
#0 C:\\xampp\\htdocs\\insure_daily\\vendor\\laravel\\framework\\src\\Illuminate\\Routing\\Controller.php(54): Illuminate\\Routing\\Controller->__call('error2Page', Array)
#1 C:\\xampp\\htdocs\\insure_daily\\vendor\\laravel\\framework\\src\\Illuminate\\Routing\\ControllerDispatcher.php(45): Illuminate\\Routing\\Controller->callAction('error2Page', Array)
#2 C:\\xampp\\htdocs\\insure_daily\\vendor\\laravel\\framework\\src\\Illuminate\\Routing\\Route.php(261): Illuminate\\Routing\\ControllerDispatcher->dispatch(Object(Illuminate\\Routing\\Route), Object(App\\Http\\Controllers\\User\\UserController), 'error2Page')
#3 C:\\xampp\\htdocs\\insure_daily\\vendor\\laravel\\framework\\src\\Illuminate\\Routing\\Route.php(205): Illuminate\\Routing\\Route->runController()
#4 C:\\xampp\\htdocs\\insure_daily\\vendor\\laravel\\framework\\src\\Illuminate\\Routing\\Router.php(721): Illuminate\\Routing\\Route->run()
#5 C:\\xampp\\htdocs\\insure_daily\\vendor\\laravel\\framework\\src\\Illuminate\\Pipeline\\Pipeline.php(128): Illuminate\\Routing\\Router->Illuminate\\Routing\\{closure}(Object(Illuminate\\Http\\Request))
#6 C:\\xampp\\htdocs\\insure_daily\\app\\Http\\Middleware\\User.php(22): Illuminate\\Pipeline\\Pipeline->Illuminate\\Pipeline\\{closure}(Object(Illuminate\\Http\\Request))
#7 C:\\xampp\\htdocs\\insure_daily\\vendor\\laravel\\framework\\src\\Illuminate\\Pipeline\\Pipeline.php(167): App\\Http\\Middleware\\User->handle(Object(Illuminate\\Http\\Request), Object(Closure))
#8 C:\\xampp\\htdocs\\insure_daily\\vendor\\laravel\\framework\\src\\Illuminate\\Routing\\Middleware\\SubstituteBindings.php(50): Illuminate\\Pipeline\\Pipeline->Illuminate\\Pipeline\\{closure}(Object(Illuminate\\Http\\Request))
#9 C:\\xampp\\htdocs\\insure_daily\\vendor\\laravel\\framework\\src\\Illuminate\\Pipeline\\Pipeline.php(167): Illuminate\\Routing\\Middleware\\SubstituteBindings->handle(Object(Illuminate\\Http\\Request), Object(Closure))
#10 C:\\xampp\\htdocs\\insure_daily\\vendor\\laravel\\framework\\src\\Illuminate\\Foundation\\Http\\Middleware\\VerifyCsrfToken.php(78): Illuminate\\Pipeline\\Pipeline->Illuminate\\Pipeline\\{closure}(Object(Illuminate\\Http\\Request))
#11 C:\\xampp\\htdocs\\insure_daily\\vendor\\laravel\\framework\\src\\Illuminate\\Pipeline\\Pipeline.php(167): Illuminate\\Foundation\\Http\\Middleware\\VerifyCsrfToken->handle(Object(Illuminate\\Http\\Request), Object(Closure))
#12 C:\\xampp\\htdocs\\insure_daily\\vendor\\laravel\\framework\\src\\Illuminate\\View\\Middleware\\ShareErrorsFromSession.php(49): Illuminate\\Pipeline\\Pipeline->Illuminate\\Pipeline\\{closure}(Object(Illuminate\\Http\\Request))
#13 C:\\xampp\\htdocs\\insure_daily\\vendor\\laravel\\framework\\src\\Illuminate\\Pipeline\\Pipeline.php(167): Illuminate\\View\\Middleware\\ShareErrorsFromSession->handle(Object(Illuminate\\Http\\Request), Object(Closure))
#14 C:\\xampp\\htdocs\\insure_daily\\vendor\\laravel\\framework\\src\\Illuminate\\Session\\Middleware\\StartSession.php(121): Illuminate\\Pipeline\\Pipeline->Illuminate\\Pipeline\\{closure}(Object(Illuminate\\Http\\Request))
#15 C:\\xampp\\htdocs\\insure_daily\\vendor\\laravel\\framework\\src\\Illuminate\\Session\\Middleware\\StartSession.php(64): Illuminate\\Session\\Middleware\\StartSession->handleStatefulRequest(Object(Illuminate\\Http\\Request), Object(Illuminate\\Session\\Store), Object(Closure))
#16 C:\\xampp\\htdocs\\insure_daily\\vendor\\laravel\\framework\\src\\Illuminate\\Pipeline\\Pipeline.php(167): Illuminate\\Session\\Middleware\\StartSession->handle(Object(Illuminate\\Http\\Request), Object(Closure))
#17 C:\\xampp\\htdocs\\insure_daily\\vendor\\laravel\\framework\\src\\Illuminate\\Cookie\\Middleware\\AddQueuedCookiesToResponse.php(37): Illuminate\\Pipeline\\Pipeline->Illuminate\\Pipeline\\{closure}(Object(Illuminate\\Http\\Request))
#18 C:\\xampp\\htdocs\\insure_daily\\vendor\\laravel\\framework\\src\\Illuminate\\Pipeline\\Pipeline.php(167): Illuminate\\Cookie\\Middleware\\AddQueuedCookiesToResponse->handle(Object(Illuminate\\Http\\Request), Object(Closure))
#19 C:\\xampp\\htdocs\\insure_daily\\vendor\\laravel\\framework\\src\\Illuminate\\Cookie\\Middleware\\EncryptCookies.php(67): Illuminate\\Pipeline\\Pipeline->Illuminate\\Pipeline\\{closure}(Object(Illuminate\\Http\\Request))
#20 C:\\xampp\\htdocs\\insure_daily\\vendor\\laravel\\framework\\src\\Illuminate\\Pipeline\\Pipeline.php(167): Illuminate\\Cookie\\Middleware\\EncryptCookies->handle(Object(Illuminate\\Http\\Request), Object(Closure))
#21 C:\\xampp\\htdocs\\insure_daily\\vendor\\laravel\\framework\\src\\Illuminate\\Pipeline\\Pipeline.php(103): Illuminate\\Pipeline\\Pipeline->Illuminate\\Pipeline\\{closure}(Object(Illuminate\\Http\\Request))
#22 C:\\xampp\\htdocs\\insure_daily\\vendor\\laravel\\framework\\src\\Illuminate\\Routing\\Router.php(719): Illuminate\\Pipeline\\Pipeline->then(Object(Closure))
#23 C:\\xampp\\htdocs\\insure_daily\\vendor\\laravel\\framework\\src\\Illuminate\\Routing\\Router.php(698): Illuminate\\Routing\\Router->runRouteWithinStack(Object(Illuminate\\Routing\\Route), Object(Illuminate\\Http\\Request))
#24 C:\\xampp\\htdocs\\insure_daily\\vendor\\laravel\\framework\\src\\Illuminate\\Routing\\Router.php(662): Illuminate\\Routing\\Router->runRoute(Object(Illuminate\\Http\\Request), Object(Illuminate\\Routing\\Route))
#25 C:\\xampp\\htdocs\\insure_daily\\vendor\\laravel\\framework\\src\\Illuminate\\Routing\\Router.php(651): Illuminate\\Routing\\Router->dispatchToRoute(Object(Illuminate\\Http\\Request))
#26 C:\\xampp\\htdocs\\insure_daily\\vendor\\laravel\\framework\\src\\Illuminate\\Foundation\\Http\\Kernel.php(167): Illuminate\\Routing\\Router->dispatch(Object(Illuminate\\Http\\Request))
#27 C:\\xampp\\htdocs\\insure_daily\\vendor\\laravel\\framework\\src\\Illuminate\\Pipeline\\Pipeline.php(128): Illuminate\\Foundation\\Http\\Kernel->Illuminate\\Foundation\\Http\\{closure}(Object(Illuminate\\Http\\Request))
#28 C:\\xampp\\htdocs\\insure_daily\\vendor\\laravel\\framework\\src\\Illuminate\\Foundation\\Http\\Middleware\\TransformsRequest.php(21): Illuminate\\Pipeline\\Pipeline->Illuminate\\Pipeline\\{closure}(Object(Illuminate\\Http\\Request))
#29 C:\\xampp\\htdocs\\insure_daily\\vendor\\laravel\\framework\\src\\Illuminate\\Foundation\\Http\\Middleware\\ConvertEmptyStringsToNull.php(31): Illuminate\\Foundation\\Http\\Middleware\\TransformsRequest->handle(Object(Illuminate\\Http\\Request), Object(Closure))
#30 C:\\xampp\\htdocs\\insure_daily\\vendor\\laravel\\framework\\src\\Illuminate\\Pipeline\\Pipeline.php(167): Illuminate\\Foundation\\Http\\Middleware\\ConvertEmptyStringsToNull->handle(Object(Illuminate\\Http\\Request), Object(Closure))
#31 C:\\xampp\\htdocs\\insure_daily\\vendor\\laravel\\framework\\src\\Illuminate\\Foundation\\Http\\Middleware\\TransformsRequest.php(21): Illuminate\\Pipeline\\Pipeline->Illuminate\\Pipeline\\{closure}(Object(Illuminate\\Http\\Request))
#32 C:\\xampp\\htdocs\\insure_daily\\vendor\\laravel\\framework\\src\\Illuminate\\Foundation\\Http\\Middleware\\TrimStrings.php(40): Illuminate\\Foundation\\Http\\Middleware\\TransformsRequest->handle(Object(Illuminate\\Http\\Request), Object(Closure))
#33 C:\\xampp\\htdocs\\insure_daily\\vendor\\laravel\\framework\\src\\Illuminate\\Pipeline\\Pipeline.php(167): Illuminate\\Foundation\\Http\\Middleware\\TrimStrings->handle(Object(Illuminate\\Http\\Request), Object(Closure))
#34 C:\\xampp\\htdocs\\insure_daily\\vendor\\laravel\\framework\\src\\Illuminate\\Foundation\\Http\\Middleware\\ValidatePostSize.php(27): Illuminate\\Pipeline\\Pipeline->Illuminate\\Pipeline\\{closure}(Object(Illuminate\\Http\\Request))
#35 C:\\xampp\\htdocs\\insure_daily\\vendor\\laravel\\framework\\src\\Illuminate\\Pipeline\\Pipeline.php(167): Illuminate\\Foundation\\Http\\Middleware\\ValidatePostSize->handle(Object(Illuminate\\Http\\Request), Object(Closure))
#36 C:\\xampp\\htdocs\\insure_daily\\vendor\\laravel\\framework\\src\\Illuminate\\Foundation\\Http\\Middleware\\PreventRequestsDuringMaintenance.php(86): Illuminate\\Pipeline\\Pipeline->Illuminate\\Pipeline\\{closure}(Object(Illuminate\\Http\\Request))
#37 C:\\xampp\\htdocs\\insure_daily\\vendor\\laravel\\framework\\src\\Illuminate\\Pipeline\\Pipeline.php(167): Illuminate\\Foundation\\Http\\Middleware\\PreventRequestsDuringMaintenance->handle(Object(Illuminate\\Http\\Request), Object(Closure))
#38 C:\\xampp\\htdocs\\insure_daily\\vendor\\fruitcake\\laravel-cors\\src\\HandleCors.php(38): Illuminate\\Pipeline\\Pipeline->Illuminate\\Pipeline\\{closure}(Object(Illuminate\\Http\\Request))
#39 C:\\xampp\\htdocs\\insure_daily\\vendor\\laravel\\framework\\src\\Illuminate\\Pipeline\\Pipeline.php(167): Fruitcake\\Cors\\HandleCors->handle(Object(Illuminate\\Http\\Request), Object(Closure))
#40 C:\\xampp\\htdocs\\insure_daily\\vendor\\laravel\\framework\\src\\Illuminate\\Http\\Middleware\\TrustProxies.php(39): Illuminate\\Pipeline\\Pipeline->Illuminate\\Pipeline\\{closure}(Object(Illuminate\\Http\\Request))
#41 C:\\xampp\\htdocs\\insure_daily\\vendor\\laravel\\framework\\src\\Illuminate\\Pipeline\\Pipeline.php(167): Illuminate\\Http\\Middleware\\TrustProxies->handle(Object(Illuminate\\Http\\Request), Object(Closure))
#42 C:\\xampp\\htdocs\\insure_daily\\vendor\\laravel\\framework\\src\\Illuminate\\Pipeline\\Pipeline.php(103): Illuminate\\Pipeline\\Pipeline->Illuminate\\Pipeline\\{closure}(Object(Illuminate\\Http\\Request))
#43 C:\\xampp\\htdocs\\insure_daily\\vendor\\laravel\\framework\\src\\Illuminate\\Foundation\\Http\\Kernel.php(142): Illuminate\\Pipeline\\Pipeline->then(Object(Closure))
#44 C:\\xampp\\htdocs\\insure_daily\\vendor\\laravel\\framework\\src\\Illuminate\\Foundation\\Http\\Kernel.php(111): Illuminate\\Foundation\\Http\\Kernel->sendRequestThroughRouter(Object(Illuminate\\Http\\Request))
#45 C:\\xampp\\htdocs\\insure_daily\\public\\index.php(51): Illuminate\\Foundation\\Http\\Kernel->handle(Object(Illuminate\\Http\\Request))
#46 C:\\xampp\\htdocs\\insure_daily\\index.php(21): require_once('C:\\\\xampp\\\\htdocs...')
#47 {main}
"} 
[2025-02-28 08:00:37] local.ERROR: Method App\Http\Controllers\User\UserController::error2Page does not exist. {"userId":10,"exception":"[object] (BadMethodCallException(code: 0): Method App\\Http\\Controllers\\User\\UserController::error2Page does not exist. at C:\\xampp\\htdocs\\insure_daily\\vendor\\laravel\\framework\\src\\Illuminate\\Routing\\Controller.php:68)
[stacktrace]
#0 C:\\xampp\\htdocs\\insure_daily\\vendor\\laravel\\framework\\src\\Illuminate\\Routing\\Controller.php(54): Illuminate\\Routing\\Controller->__call('error2Page', Array)
#1 C:\\xampp\\htdocs\\insure_daily\\vendor\\laravel\\framework\\src\\Illuminate\\Routing\\ControllerDispatcher.php(45): Illuminate\\Routing\\Controller->callAction('error2Page', Array)
#2 C:\\xampp\\htdocs\\insure_daily\\vendor\\laravel\\framework\\src\\Illuminate\\Routing\\Route.php(261): Illuminate\\Routing\\ControllerDispatcher->dispatch(Object(Illuminate\\Routing\\Route), Object(App\\Http\\Controllers\\User\\UserController), 'error2Page')
#3 C:\\xampp\\htdocs\\insure_daily\\vendor\\laravel\\framework\\src\\Illuminate\\Routing\\Route.php(205): Illuminate\\Routing\\Route->runController()
#4 C:\\xampp\\htdocs\\insure_daily\\vendor\\laravel\\framework\\src\\Illuminate\\Routing\\Router.php(721): Illuminate\\Routing\\Route->run()
#5 C:\\xampp\\htdocs\\insure_daily\\vendor\\laravel\\framework\\src\\Illuminate\\Pipeline\\Pipeline.php(128): Illuminate\\Routing\\Router->Illuminate\\Routing\\{closure}(Object(Illuminate\\Http\\Request))
#6 C:\\xampp\\htdocs\\insure_daily\\app\\Http\\Middleware\\User.php(22): Illuminate\\Pipeline\\Pipeline->Illuminate\\Pipeline\\{closure}(Object(Illuminate\\Http\\Request))
#7 C:\\xampp\\htdocs\\insure_daily\\vendor\\laravel\\framework\\src\\Illuminate\\Pipeline\\Pipeline.php(167): App\\Http\\Middleware\\User->handle(Object(Illuminate\\Http\\Request), Object(Closure))
#8 C:\\xampp\\htdocs\\insure_daily\\vendor\\laravel\\framework\\src\\Illuminate\\Routing\\Middleware\\SubstituteBindings.php(50): Illuminate\\Pipeline\\Pipeline->Illuminate\\Pipeline\\{closure}(Object(Illuminate\\Http\\Request))
#9 C:\\xampp\\htdocs\\insure_daily\\vendor\\laravel\\framework\\src\\Illuminate\\Pipeline\\Pipeline.php(167): Illuminate\\Routing\\Middleware\\SubstituteBindings->handle(Object(Illuminate\\Http\\Request), Object(Closure))
#10 C:\\xampp\\htdocs\\insure_daily\\vendor\\laravel\\framework\\src\\Illuminate\\Foundation\\Http\\Middleware\\VerifyCsrfToken.php(78): Illuminate\\Pipeline\\Pipeline->Illuminate\\Pipeline\\{closure}(Object(Illuminate\\Http\\Request))
#11 C:\\xampp\\htdocs\\insure_daily\\vendor\\laravel\\framework\\src\\Illuminate\\Pipeline\\Pipeline.php(167): Illuminate\\Foundation\\Http\\Middleware\\VerifyCsrfToken->handle(Object(Illuminate\\Http\\Request), Object(Closure))
#12 C:\\xampp\\htdocs\\insure_daily\\vendor\\laravel\\framework\\src\\Illuminate\\View\\Middleware\\ShareErrorsFromSession.php(49): Illuminate\\Pipeline\\Pipeline->Illuminate\\Pipeline\\{closure}(Object(Illuminate\\Http\\Request))
#13 C:\\xampp\\htdocs\\insure_daily\\vendor\\laravel\\framework\\src\\Illuminate\\Pipeline\\Pipeline.php(167): Illuminate\\View\\Middleware\\ShareErrorsFromSession->handle(Object(Illuminate\\Http\\Request), Object(Closure))
#14 C:\\xampp\\htdocs\\insure_daily\\vendor\\laravel\\framework\\src\\Illuminate\\Session\\Middleware\\StartSession.php(121): Illuminate\\Pipeline\\Pipeline->Illuminate\\Pipeline\\{closure}(Object(Illuminate\\Http\\Request))
#15 C:\\xampp\\htdocs\\insure_daily\\vendor\\laravel\\framework\\src\\Illuminate\\Session\\Middleware\\StartSession.php(64): Illuminate\\Session\\Middleware\\StartSession->handleStatefulRequest(Object(Illuminate\\Http\\Request), Object(Illuminate\\Session\\Store), Object(Closure))
#16 C:\\xampp\\htdocs\\insure_daily\\vendor\\laravel\\framework\\src\\Illuminate\\Pipeline\\Pipeline.php(167): Illuminate\\Session\\Middleware\\StartSession->handle(Object(Illuminate\\Http\\Request), Object(Closure))
#17 C:\\xampp\\htdocs\\insure_daily\\vendor\\laravel\\framework\\src\\Illuminate\\Cookie\\Middleware\\AddQueuedCookiesToResponse.php(37): Illuminate\\Pipeline\\Pipeline->Illuminate\\Pipeline\\{closure}(Object(Illuminate\\Http\\Request))
#18 C:\\xampp\\htdocs\\insure_daily\\vendor\\laravel\\framework\\src\\Illuminate\\Pipeline\\Pipeline.php(167): Illuminate\\Cookie\\Middleware\\AddQueuedCookiesToResponse->handle(Object(Illuminate\\Http\\Request), Object(Closure))
#19 C:\\xampp\\htdocs\\insure_daily\\vendor\\laravel\\framework\\src\\Illuminate\\Cookie\\Middleware\\EncryptCookies.php(67): Illuminate\\Pipeline\\Pipeline->Illuminate\\Pipeline\\{closure}(Object(Illuminate\\Http\\Request))
#20 C:\\xampp\\htdocs\\insure_daily\\vendor\\laravel\\framework\\src\\Illuminate\\Pipeline\\Pipeline.php(167): Illuminate\\Cookie\\Middleware\\EncryptCookies->handle(Object(Illuminate\\Http\\Request), Object(Closure))
#21 C:\\xampp\\htdocs\\insure_daily\\vendor\\laravel\\framework\\src\\Illuminate\\Pipeline\\Pipeline.php(103): Illuminate\\Pipeline\\Pipeline->Illuminate\\Pipeline\\{closure}(Object(Illuminate\\Http\\Request))
#22 C:\\xampp\\htdocs\\insure_daily\\vendor\\laravel\\framework\\src\\Illuminate\\Routing\\Router.php(719): Illuminate\\Pipeline\\Pipeline->then(Object(Closure))
#23 C:\\xampp\\htdocs\\insure_daily\\vendor\\laravel\\framework\\src\\Illuminate\\Routing\\Router.php(698): Illuminate\\Routing\\Router->runRouteWithinStack(Object(Illuminate\\Routing\\Route), Object(Illuminate\\Http\\Request))
#24 C:\\xampp\\htdocs\\insure_daily\\vendor\\laravel\\framework\\src\\Illuminate\\Routing\\Router.php(662): Illuminate\\Routing\\Router->runRoute(Object(Illuminate\\Http\\Request), Object(Illuminate\\Routing\\Route))
#25 C:\\xampp\\htdocs\\insure_daily\\vendor\\laravel\\framework\\src\\Illuminate\\Routing\\Router.php(651): Illuminate\\Routing\\Router->dispatchToRoute(Object(Illuminate\\Http\\Request))
#26 C:\\xampp\\htdocs\\insure_daily\\vendor\\laravel\\framework\\src\\Illuminate\\Foundation\\Http\\Kernel.php(167): Illuminate\\Routing\\Router->dispatch(Object(Illuminate\\Http\\Request))
#27 C:\\xampp\\htdocs\\insure_daily\\vendor\\laravel\\framework\\src\\Illuminate\\Pipeline\\Pipeline.php(128): Illuminate\\Foundation\\Http\\Kernel->Illuminate\\Foundation\\Http\\{closure}(Object(Illuminate\\Http\\Request))
#28 C:\\xampp\\htdocs\\insure_daily\\vendor\\laravel\\framework\\src\\Illuminate\\Foundation\\Http\\Middleware\\TransformsRequest.php(21): Illuminate\\Pipeline\\Pipeline->Illuminate\\Pipeline\\{closure}(Object(Illuminate\\Http\\Request))
#29 C:\\xampp\\htdocs\\insure_daily\\vendor\\laravel\\framework\\src\\Illuminate\\Foundation\\Http\\Middleware\\ConvertEmptyStringsToNull.php(31): Illuminate\\Foundation\\Http\\Middleware\\TransformsRequest->handle(Object(Illuminate\\Http\\Request), Object(Closure))
#30 C:\\xampp\\htdocs\\insure_daily\\vendor\\laravel\\framework\\src\\Illuminate\\Pipeline\\Pipeline.php(167): Illuminate\\Foundation\\Http\\Middleware\\ConvertEmptyStringsToNull->handle(Object(Illuminate\\Http\\Request), Object(Closure))
#31 C:\\xampp\\htdocs\\insure_daily\\vendor\\laravel\\framework\\src\\Illuminate\\Foundation\\Http\\Middleware\\TransformsRequest.php(21): Illuminate\\Pipeline\\Pipeline->Illuminate\\Pipeline\\{closure}(Object(Illuminate\\Http\\Request))
#32 C:\\xampp\\htdocs\\insure_daily\\vendor\\laravel\\framework\\src\\Illuminate\\Foundation\\Http\\Middleware\\TrimStrings.php(40): Illuminate\\Foundation\\Http\\Middleware\\TransformsRequest->handle(Object(Illuminate\\Http\\Request), Object(Closure))
#33 C:\\xampp\\htdocs\\insure_daily\\vendor\\laravel\\framework\\src\\Illuminate\\Pipeline\\Pipeline.php(167): Illuminate\\Foundation\\Http\\Middleware\\TrimStrings->handle(Object(Illuminate\\Http\\Request), Object(Closure))
#34 C:\\xampp\\htdocs\\insure_daily\\vendor\\laravel\\framework\\src\\Illuminate\\Foundation\\Http\\Middleware\\ValidatePostSize.php(27): Illuminate\\Pipeline\\Pipeline->Illuminate\\Pipeline\\{closure}(Object(Illuminate\\Http\\Request))
#35 C:\\xampp\\htdocs\\insure_daily\\vendor\\laravel\\framework\\src\\Illuminate\\Pipeline\\Pipeline.php(167): Illuminate\\Foundation\\Http\\Middleware\\ValidatePostSize->handle(Object(Illuminate\\Http\\Request), Object(Closure))
#36 C:\\xampp\\htdocs\\insure_daily\\vendor\\laravel\\framework\\src\\Illuminate\\Foundation\\Http\\Middleware\\PreventRequestsDuringMaintenance.php(86): Illuminate\\Pipeline\\Pipeline->Illuminate\\Pipeline\\{closure}(Object(Illuminate\\Http\\Request))
#37 C:\\xampp\\htdocs\\insure_daily\\vendor\\laravel\\framework\\src\\Illuminate\\Pipeline\\Pipeline.php(167): Illuminate\\Foundation\\Http\\Middleware\\PreventRequestsDuringMaintenance->handle(Object(Illuminate\\Http\\Request), Object(Closure))
#38 C:\\xampp\\htdocs\\insure_daily\\vendor\\fruitcake\\laravel-cors\\src\\HandleCors.php(38): Illuminate\\Pipeline\\Pipeline->Illuminate\\Pipeline\\{closure}(Object(Illuminate\\Http\\Request))
#39 C:\\xampp\\htdocs\\insure_daily\\vendor\\laravel\\framework\\src\\Illuminate\\Pipeline\\Pipeline.php(167): Fruitcake\\Cors\\HandleCors->handle(Object(Illuminate\\Http\\Request), Object(Closure))
#40 C:\\xampp\\htdocs\\insure_daily\\vendor\\laravel\\framework\\src\\Illuminate\\Http\\Middleware\\TrustProxies.php(39): Illuminate\\Pipeline\\Pipeline->Illuminate\\Pipeline\\{closure}(Object(Illuminate\\Http\\Request))
#41 C:\\xampp\\htdocs\\insure_daily\\vendor\\laravel\\framework\\src\\Illuminate\\Pipeline\\Pipeline.php(167): Illuminate\\Http\\Middleware\\TrustProxies->handle(Object(Illuminate\\Http\\Request), Object(Closure))
#42 C:\\xampp\\htdocs\\insure_daily\\vendor\\laravel\\framework\\src\\Illuminate\\Pipeline\\Pipeline.php(103): Illuminate\\Pipeline\\Pipeline->Illuminate\\Pipeline\\{closure}(Object(Illuminate\\Http\\Request))
#43 C:\\xampp\\htdocs\\insure_daily\\vendor\\laravel\\framework\\src\\Illuminate\\Foundation\\Http\\Kernel.php(142): Illuminate\\Pipeline\\Pipeline->then(Object(Closure))
#44 C:\\xampp\\htdocs\\insure_daily\\vendor\\laravel\\framework\\src\\Illuminate\\Foundation\\Http\\Kernel.php(111): Illuminate\\Foundation\\Http\\Kernel->sendRequestThroughRouter(Object(Illuminate\\Http\\Request))
#45 C:\\xampp\\htdocs\\insure_daily\\public\\index.php(51): Illuminate\\Foundation\\Http\\Kernel->handle(Object(Illuminate\\Http\\Request))
#46 C:\\xampp\\htdocs\\insure_daily\\index.php(21): require_once('C:\\\\xampp\\\\htdocs...')
#47 {main}
"} 
[2025-02-28 08:00:50] local.ERROR: Route [error.page1] not defined. (View: C:\xampp\htdocs\insure_daily\resources\views\user\common\side_menu.blade.php) {"view":{"view":"C:\\xampp\\htdocs\\insure_daily\\vendor\\laravel\\framework\\src\\Illuminate\\Routing\\UrlGenerator.php","data":[]},"userId":10,"exception":"[object] (Facade\\Ignition\\Exceptions\\ViewException(code: 0): Route [error.page1] not defined. (View: C:\\xampp\\htdocs\\insure_daily\\resources\\views\\user\\common\\side_menu.blade.php) at C:\\xampp\\htdocs\\insure_daily\\vendor\\laravel\\framework\\src\\Illuminate\\Routing\\UrlGenerator.php:444)
[stacktrace]
#0 C:\\xampp\\htdocs\\insure_daily\\vendor\\laravel\\framework\\src\\Illuminate\\Foundation\\helpers.php(739): Illuminate\\Routing\\UrlGenerator->route('error.page1', Array, true)
#1 C:\\xampp\\htdocs\\insure_daily\\resources\\views/user/common/side_menu.blade.php(43): route('error.page1')
#2 C:\\xampp\\htdocs\\insure_daily\\vendor\\laravel\\framework\\src\\Illuminate\\Filesystem\\Filesystem.php(107): require('C:\\\\xampp\\\\htdocs...')
#3 C:\\xampp\\htdocs\\insure_daily\\vendor\\laravel\\framework\\src\\Illuminate\\Filesystem\\Filesystem.php(108): Illuminate\\Filesystem\\Filesystem::Illuminate\\Filesystem\\{closure}()
#4 C:\\xampp\\htdocs\\insure_daily\\vendor\\laravel\\framework\\src\\Illuminate\\View\\Engines\\PhpEngine.php(58): Illuminate\\Filesystem\\Filesystem->getRequire('C:\\\\xampp\\\\htdocs...', Array)
#5 C:\\xampp\\htdocs\\insure_daily\\vendor\\laravel\\framework\\src\\Illuminate\\View\\Engines\\CompilerEngine.php(61): Illuminate\\View\\Engines\\PhpEngine->evaluatePath('C:\\\\xampp\\\\htdocs...', Array)
#6 C:\\xampp\\htdocs\\insure_daily\\vendor\\facade\\ignition\\src\\Views\\Engines\\CompilerEngine.php(37): Illuminate\\View\\Engines\\CompilerEngine->get('C:\\\\xampp\\\\htdocs...', Array)
#7 C:\\xampp\\htdocs\\insure_daily\\vendor\\laravel\\framework\\src\\Illuminate\\View\\View.php(139): Facade\\Ignition\\Views\\Engines\\CompilerEngine->get('C:\\\\xampp\\\\htdocs...', Array)
#8 C:\\xampp\\htdocs\\insure_daily\\vendor\\laravel\\framework\\src\\Illuminate\\View\\View.php(122): Illuminate\\View\\View->getContents()
#9 C:\\xampp\\htdocs\\insure_daily\\vendor\\laravel\\framework\\src\\Illuminate\\View\\View.php(91): Illuminate\\View\\View->renderContents()
#10 C:\\xampp\\htdocs\\insure_daily\\resources\\views/user/layout/app.blade.php(34): Illuminate\\View\\View->render()
#11 C:\\xampp\\htdocs\\insure_daily\\vendor\\laravel\\framework\\src\\Illuminate\\Filesystem\\Filesystem.php(107): require('C:\\\\xampp\\\\htdocs...')
#12 C:\\xampp\\htdocs\\insure_daily\\vendor\\laravel\\framework\\src\\Illuminate\\Filesystem\\Filesystem.php(108): Illuminate\\Filesystem\\Filesystem::Illuminate\\Filesystem\\{closure}()
#13 C:\\xampp\\htdocs\\insure_daily\\vendor\\laravel\\framework\\src\\Illuminate\\View\\Engines\\PhpEngine.php(58): Illuminate\\Filesystem\\Filesystem->getRequire('C:\\\\xampp\\\\htdocs...', Array)
#14 C:\\xampp\\htdocs\\insure_daily\\vendor\\laravel\\framework\\src\\Illuminate\\View\\Engines\\CompilerEngine.php(61): Illuminate\\View\\Engines\\PhpEngine->evaluatePath('C:\\\\xampp\\\\htdocs...', Array)
#15 C:\\xampp\\htdocs\\insure_daily\\vendor\\facade\\ignition\\src\\Views\\Engines\\CompilerEngine.php(37): Illuminate\\View\\Engines\\CompilerEngine->get('C:\\\\xampp\\\\htdocs...', Array)
#16 C:\\xampp\\htdocs\\insure_daily\\vendor\\laravel\\framework\\src\\Illuminate\\View\\View.php(139): Facade\\Ignition\\Views\\Engines\\CompilerEngine->get('C:\\\\xampp\\\\htdocs...', Array)
#17 C:\\xampp\\htdocs\\insure_daily\\vendor\\laravel\\framework\\src\\Illuminate\\View\\View.php(122): Illuminate\\View\\View->getContents()
#18 C:\\xampp\\htdocs\\insure_daily\\vendor\\laravel\\framework\\src\\Illuminate\\View\\View.php(91): Illuminate\\View\\View->renderContents()
#19 C:\\xampp\\htdocs\\insure_daily\\resources\\views/user/error.blade.php(14): Illuminate\\View\\View->render()
#20 C:\\xampp\\htdocs\\insure_daily\\vendor\\laravel\\framework\\src\\Illuminate\\Filesystem\\Filesystem.php(107): require('C:\\\\xampp\\\\htdocs...')
#21 C:\\xampp\\htdocs\\insure_daily\\vendor\\laravel\\framework\\src\\Illuminate\\Filesystem\\Filesystem.php(108): Illuminate\\Filesystem\\Filesystem::Illuminate\\Filesystem\\{closure}()
#22 C:\\xampp\\htdocs\\insure_daily\\vendor\\laravel\\framework\\src\\Illuminate\\View\\Engines\\PhpEngine.php(58): Illuminate\\Filesystem\\Filesystem->getRequire('C:\\\\xampp\\\\htdocs...', Array)
#23 C:\\xampp\\htdocs\\insure_daily\\vendor\\laravel\\framework\\src\\Illuminate\\View\\Engines\\CompilerEngine.php(61): Illuminate\\View\\Engines\\PhpEngine->evaluatePath('C:\\\\xampp\\\\htdocs...', Array)
#24 C:\\xampp\\htdocs\\insure_daily\\vendor\\facade\\ignition\\src\\Views\\Engines\\CompilerEngine.php(37): Illuminate\\View\\Engines\\CompilerEngine->get('C:\\\\xampp\\\\htdocs...', Array)
#25 C:\\xampp\\htdocs\\insure_daily\\vendor\\laravel\\framework\\src\\Illuminate\\View\\View.php(139): Facade\\Ignition\\Views\\Engines\\CompilerEngine->get('C:\\\\xampp\\\\htdocs...', Array)
#26 C:\\xampp\\htdocs\\insure_daily\\vendor\\laravel\\framework\\src\\Illuminate\\View\\View.php(122): Illuminate\\View\\View->getContents()
#27 C:\\xampp\\htdocs\\insure_daily\\vendor\\laravel\\framework\\src\\Illuminate\\View\\View.php(91): Illuminate\\View\\View->renderContents()
#28 C:\\xampp\\htdocs\\insure_daily\\vendor\\laravel\\framework\\src\\Illuminate\\Http\\Response.php(69): Illuminate\\View\\View->render()
#29 C:\\xampp\\htdocs\\insure_daily\\vendor\\laravel\\framework\\src\\Illuminate\\Http\\Response.php(35): Illuminate\\Http\\Response->setContent(Object(Illuminate\\View\\View))
#30 C:\\xampp\\htdocs\\insure_daily\\vendor\\laravel\\framework\\src\\Illuminate\\Routing\\Router.php(820): Illuminate\\Http\\Response->__construct(Object(Illuminate\\View\\View), 200, Array)
#31 C:\\xampp\\htdocs\\insure_daily\\vendor\\laravel\\framework\\src\\Illuminate\\Routing\\Router.php(789): Illuminate\\Routing\\Router::toResponse(Object(Illuminate\\Http\\Request), Object(Illuminate\\View\\View))
#32 C:\\xampp\\htdocs\\insure_daily\\vendor\\laravel\\framework\\src\\Illuminate\\Routing\\Router.php(720): Illuminate\\Routing\\Router->prepareResponse(Object(Illuminate\\Http\\Request), Object(Illuminate\\View\\View))
#33 C:\\xampp\\htdocs\\insure_daily\\vendor\\laravel\\framework\\src\\Illuminate\\Pipeline\\Pipeline.php(128): Illuminate\\Routing\\Router->Illuminate\\Routing\\{closure}(Object(Illuminate\\Http\\Request))
#34 C:\\xampp\\htdocs\\insure_daily\\app\\Http\\Middleware\\User.php(22): Illuminate\\Pipeline\\Pipeline->Illuminate\\Pipeline\\{closure}(Object(Illuminate\\Http\\Request))
#35 C:\\xampp\\htdocs\\insure_daily\\vendor\\laravel\\framework\\src\\Illuminate\\Pipeline\\Pipeline.php(167): App\\Http\\Middleware\\User->handle(Object(Illuminate\\Http\\Request), Object(Closure))
#36 C:\\xampp\\htdocs\\insure_daily\\vendor\\laravel\\framework\\src\\Illuminate\\Routing\\Middleware\\SubstituteBindings.php(50): Illuminate\\Pipeline\\Pipeline->Illuminate\\Pipeline\\{closure}(Object(Illuminate\\Http\\Request))
#37 C:\\xampp\\htdocs\\insure_daily\\vendor\\laravel\\framework\\src\\Illuminate\\Pipeline\\Pipeline.php(167): Illuminate\\Routing\\Middleware\\SubstituteBindings->handle(Object(Illuminate\\Http\\Request), Object(Closure))
#38 C:\\xampp\\htdocs\\insure_daily\\vendor\\laravel\\framework\\src\\Illuminate\\Foundation\\Http\\Middleware\\VerifyCsrfToken.php(78): Illuminate\\Pipeline\\Pipeline->Illuminate\\Pipeline\\{closure}(Object(Illuminate\\Http\\Request))
#39 C:\\xampp\\htdocs\\insure_daily\\vendor\\laravel\\framework\\src\\Illuminate\\Pipeline\\Pipeline.php(167): Illuminate\\Foundation\\Http\\Middleware\\VerifyCsrfToken->handle(Object(Illuminate\\Http\\Request), Object(Closure))
#40 C:\\xampp\\htdocs\\insure_daily\\vendor\\laravel\\framework\\src\\Illuminate\\View\\Middleware\\ShareErrorsFromSession.php(49): Illuminate\\Pipeline\\Pipeline->Illuminate\\Pipeline\\{closure}(Object(Illuminate\\Http\\Request))
#41 C:\\xampp\\htdocs\\insure_daily\\vendor\\laravel\\framework\\src\\Illuminate\\Pipeline\\Pipeline.php(167): Illuminate\\View\\Middleware\\ShareErrorsFromSession->handle(Object(Illuminate\\Http\\Request), Object(Closure))
#42 C:\\xampp\\htdocs\\insure_daily\\vendor\\laravel\\framework\\src\\Illuminate\\Session\\Middleware\\StartSession.php(121): Illuminate\\Pipeline\\Pipeline->Illuminate\\Pipeline\\{closure}(Object(Illuminate\\Http\\Request))
#43 C:\\xampp\\htdocs\\insure_daily\\vendor\\laravel\\framework\\src\\Illuminate\\Session\\Middleware\\StartSession.php(64): Illuminate\\Session\\Middleware\\StartSession->handleStatefulRequest(Object(Illuminate\\Http\\Request), Object(Illuminate\\Session\\Store), Object(Closure))
#44 C:\\xampp\\htdocs\\insure_daily\\vendor\\laravel\\framework\\src\\Illuminate\\Pipeline\\Pipeline.php(167): Illuminate\\Session\\Middleware\\StartSession->handle(Object(Illuminate\\Http\\Request), Object(Closure))
#45 C:\\xampp\\htdocs\\insure_daily\\vendor\\laravel\\framework\\src\\Illuminate\\Cookie\\Middleware\\AddQueuedCookiesToResponse.php(37): Illuminate\\Pipeline\\Pipeline->Illuminate\\Pipeline\\{closure}(Object(Illuminate\\Http\\Request))
#46 C:\\xampp\\htdocs\\insure_daily\\vendor\\laravel\\framework\\src\\Illuminate\\Pipeline\\Pipeline.php(167): Illuminate\\Cookie\\Middleware\\AddQueuedCookiesToResponse->handle(Object(Illuminate\\Http\\Request), Object(Closure))
#47 C:\\xampp\\htdocs\\insure_daily\\vendor\\laravel\\framework\\src\\Illuminate\\Cookie\\Middleware\\EncryptCookies.php(67): Illuminate\\Pipeline\\Pipeline->Illuminate\\Pipeline\\{closure}(Object(Illuminate\\Http\\Request))
#48 C:\\xampp\\htdocs\\insure_daily\\vendor\\laravel\\framework\\src\\Illuminate\\Pipeline\\Pipeline.php(167): Illuminate\\Cookie\\Middleware\\EncryptCookies->handle(Object(Illuminate\\Http\\Request), Object(Closure))
#49 C:\\xampp\\htdocs\\insure_daily\\vendor\\laravel\\framework\\src\\Illuminate\\Pipeline\\Pipeline.php(103): Illuminate\\Pipeline\\Pipeline->Illuminate\\Pipeline\\{closure}(Object(Illuminate\\Http\\Request))
#50 C:\\xampp\\htdocs\\insure_daily\\vendor\\laravel\\framework\\src\\Illuminate\\Routing\\Router.php(719): Illuminate\\Pipeline\\Pipeline->then(Object(Closure))
#51 C:\\xampp\\htdocs\\insure_daily\\vendor\\laravel\\framework\\src\\Illuminate\\Routing\\Router.php(698): Illuminate\\Routing\\Router->runRouteWithinStack(Object(Illuminate\\Routing\\Route), Object(Illuminate\\Http\\Request))
#52 C:\\xampp\\htdocs\\insure_daily\\vendor\\laravel\\framework\\src\\Illuminate\\Routing\\Router.php(662): Illuminate\\Routing\\Router->runRoute(Object(Illuminate\\Http\\Request), Object(Illuminate\\Routing\\Route))
#53 C:\\xampp\\htdocs\\insure_daily\\vendor\\laravel\\framework\\src\\Illuminate\\Routing\\Router.php(651): Illuminate\\Routing\\Router->dispatchToRoute(Object(Illuminate\\Http\\Request))
#54 C:\\xampp\\htdocs\\insure_daily\\vendor\\laravel\\framework\\src\\Illuminate\\Foundation\\Http\\Kernel.php(167): Illuminate\\Routing\\Router->dispatch(Object(Illuminate\\Http\\Request))
#55 C:\\xampp\\htdocs\\insure_daily\\vendor\\laravel\\framework\\src\\Illuminate\\Pipeline\\Pipeline.php(128): Illuminate\\Foundation\\Http\\Kernel->Illuminate\\Foundation\\Http\\{closure}(Object(Illuminate\\Http\\Request))
#56 C:\\xampp\\htdocs\\insure_daily\\vendor\\laravel\\framework\\src\\Illuminate\\Foundation\\Http\\Middleware\\TransformsRequest.php(21): Illuminate\\Pipeline\\Pipeline->Illuminate\\Pipeline\\{closure}(Object(Illuminate\\Http\\Request))
#57 C:\\xampp\\htdocs\\insure_daily\\vendor\\laravel\\framework\\src\\Illuminate\\Foundation\\Http\\Middleware\\ConvertEmptyStringsToNull.php(31): Illuminate\\Foundation\\Http\\Middleware\\TransformsRequest->handle(Object(Illuminate\\Http\\Request), Object(Closure))
#58 C:\\xampp\\htdocs\\insure_daily\\vendor\\laravel\\framework\\src\\Illuminate\\Pipeline\\Pipeline.php(167): Illuminate\\Foundation\\Http\\Middleware\\ConvertEmptyStringsToNull->handle(Object(Illuminate\\Http\\Request), Object(Closure))
#59 C:\\xampp\\htdocs\\insure_daily\\vendor\\laravel\\framework\\src\\Illuminate\\Foundation\\Http\\Middleware\\TransformsRequest.php(21): Illuminate\\Pipeline\\Pipeline->Illuminate\\Pipeline\\{closure}(Object(Illuminate\\Http\\Request))
#60 C:\\xampp\\htdocs\\insure_daily\\vendor\\laravel\\framework\\src\\Illuminate\\Foundation\\Http\\Middleware\\TrimStrings.php(40): Illuminate\\Foundation\\Http\\Middleware\\TransformsRequest->handle(Object(Illuminate\\Http\\Request), Object(Closure))
#61 C:\\xampp\\htdocs\\insure_daily\\vendor\\laravel\\framework\\src\\Illuminate\\Pipeline\\Pipeline.php(167): Illuminate\\Foundation\\Http\\Middleware\\TrimStrings->handle(Object(Illuminate\\Http\\Request), Object(Closure))
#62 C:\\xampp\\htdocs\\insure_daily\\vendor\\laravel\\framework\\src\\Illuminate\\Foundation\\Http\\Middleware\\ValidatePostSize.php(27): Illuminate\\Pipeline\\Pipeline->Illuminate\\Pipeline\\{closure}(Object(Illuminate\\Http\\Request))
#63 C:\\xampp\\htdocs\\insure_daily\\vendor\\laravel\\framework\\src\\Illuminate\\Pipeline\\Pipeline.php(167): Illuminate\\Foundation\\Http\\Middleware\\ValidatePostSize->handle(Object(Illuminate\\Http\\Request), Object(Closure))
#64 C:\\xampp\\htdocs\\insure_daily\\vendor\\laravel\\framework\\src\\Illuminate\\Foundation\\Http\\Middleware\\PreventRequestsDuringMaintenance.php(86): Illuminate\\Pipeline\\Pipeline->Illuminate\\Pipeline\\{closure}(Object(Illuminate\\Http\\Request))
#65 C:\\xampp\\htdocs\\insure_daily\\vendor\\laravel\\framework\\src\\Illuminate\\Pipeline\\Pipeline.php(167): Illuminate\\Foundation\\Http\\Middleware\\PreventRequestsDuringMaintenance->handle(Object(Illuminate\\Http\\Request), Object(Closure))
#66 C:\\xampp\\htdocs\\insure_daily\\vendor\\fruitcake\\laravel-cors\\src\\HandleCors.php(38): Illuminate\\Pipeline\\Pipeline->Illuminate\\Pipeline\\{closure}(Object(Illuminate\\Http\\Request))
#67 C:\\xampp\\htdocs\\insure_daily\\vendor\\laravel\\framework\\src\\Illuminate\\Pipeline\\Pipeline.php(167): Fruitcake\\Cors\\HandleCors->handle(Object(Illuminate\\Http\\Request), Object(Closure))
#68 C:\\xampp\\htdocs\\insure_daily\\vendor\\laravel\\framework\\src\\Illuminate\\Http\\Middleware\\TrustProxies.php(39): Illuminate\\Pipeline\\Pipeline->Illuminate\\Pipeline\\{closure}(Object(Illuminate\\Http\\Request))
#69 C:\\xampp\\htdocs\\insure_daily\\vendor\\laravel\\framework\\src\\Illuminate\\Pipeline\\Pipeline.php(167): Illuminate\\Http\\Middleware\\TrustProxies->handle(Object(Illuminate\\Http\\Request), Object(Closure))
#70 C:\\xampp\\htdocs\\insure_daily\\vendor\\laravel\\framework\\src\\Illuminate\\Pipeline\\Pipeline.php(103): Illuminate\\Pipeline\\Pipeline->Illuminate\\Pipeline\\{closure}(Object(Illuminate\\Http\\Request))
#71 C:\\xampp\\htdocs\\insure_daily\\vendor\\laravel\\framework\\src\\Illuminate\\Foundation\\Http\\Kernel.php(142): Illuminate\\Pipeline\\Pipeline->then(Object(Closure))
#72 C:\\xampp\\htdocs\\insure_daily\\vendor\\laravel\\framework\\src\\Illuminate\\Foundation\\Http\\Kernel.php(111): Illuminate\\Foundation\\Http\\Kernel->sendRequestThroughRouter(Object(Illuminate\\Http\\Request))
#73 C:\\xampp\\htdocs\\insure_daily\\public\\index.php(51): Illuminate\\Foundation\\Http\\Kernel->handle(Object(Illuminate\\Http\\Request))
#74 C:\\xampp\\htdocs\\insure_daily\\index.php(21): require_once('C:\\\\xampp\\\\htdocs...')
#75 {main}

[previous exception] [object] (Symfony\\Component\\Routing\\Exception\\RouteNotFoundException(code: 0): Route [error.page1] not defined. at C:\\xampp\\htdocs\\insure_daily\\vendor\\laravel\\framework\\src\\Illuminate\\Routing\\UrlGenerator.php:444)
[stacktrace]
#0 C:\\xampp\\htdocs\\insure_daily\\vendor\\laravel\\framework\\src\\Illuminate\\Foundation\\helpers.php(739): Illuminate\\Routing\\UrlGenerator->route('error.page1', Array, true)
#1 C:\\xampp\\htdocs\\insure_daily\\storage\\framework\\views\\7b54d0875f100b5b4fed2502430ca59bfd595946.php(23): route('error.page1')
#2 C:\\xampp\\htdocs\\insure_daily\\vendor\\laravel\\framework\\src\\Illuminate\\Filesystem\\Filesystem.php(107): require('C:\\\\xampp\\\\htdocs...')
#3 C:\\xampp\\htdocs\\insure_daily\\vendor\\laravel\\framework\\src\\Illuminate\\Filesystem\\Filesystem.php(108): Illuminate\\Filesystem\\Filesystem::Illuminate\\Filesystem\\{closure}()
#4 C:\\xampp\\htdocs\\insure_daily\\vendor\\laravel\\framework\\src\\Illuminate\\View\\Engines\\PhpEngine.php(58): Illuminate\\Filesystem\\Filesystem->getRequire('C:\\\\xampp\\\\htdocs...', Array)
#5 C:\\xampp\\htdocs\\insure_daily\\vendor\\laravel\\framework\\src\\Illuminate\\View\\Engines\\CompilerEngine.php(61): Illuminate\\View\\Engines\\PhpEngine->evaluatePath('C:\\\\xampp\\\\htdocs...', Array)
#6 C:\\xampp\\htdocs\\insure_daily\\vendor\\facade\\ignition\\src\\Views\\Engines\\CompilerEngine.php(37): Illuminate\\View\\Engines\\CompilerEngine->get('C:\\\\xampp\\\\htdocs...', Array)
#7 C:\\xampp\\htdocs\\insure_daily\\vendor\\laravel\\framework\\src\\Illuminate\\View\\View.php(139): Facade\\Ignition\\Views\\Engines\\CompilerEngine->get('C:\\\\xampp\\\\htdocs...', Array)
#8 C:\\xampp\\htdocs\\insure_daily\\vendor\\laravel\\framework\\src\\Illuminate\\View\\View.php(122): Illuminate\\View\\View->getContents()
#9 C:\\xampp\\htdocs\\insure_daily\\vendor\\laravel\\framework\\src\\Illuminate\\View\\View.php(91): Illuminate\\View\\View->renderContents()
#10 C:\\xampp\\htdocs\\insure_daily\\storage\\framework\\views\\d348b9e539d24ab0ca18af158465759fd3671292.php(34): Illuminate\\View\\View->render()
#11 C:\\xampp\\htdocs\\insure_daily\\vendor\\laravel\\framework\\src\\Illuminate\\Filesystem\\Filesystem.php(107): require('C:\\\\xampp\\\\htdocs...')
#12 C:\\xampp\\htdocs\\insure_daily\\vendor\\laravel\\framework\\src\\Illuminate\\Filesystem\\Filesystem.php(108): Illuminate\\Filesystem\\Filesystem::Illuminate\\Filesystem\\{closure}()
#13 C:\\xampp\\htdocs\\insure_daily\\vendor\\laravel\\framework\\src\\Illuminate\\View\\Engines\\PhpEngine.php(58): Illuminate\\Filesystem\\Filesystem->getRequire('C:\\\\xampp\\\\htdocs...', Array)
#14 C:\\xampp\\htdocs\\insure_daily\\vendor\\laravel\\framework\\src\\Illuminate\\View\\Engines\\CompilerEngine.php(61): Illuminate\\View\\Engines\\PhpEngine->evaluatePath('C:\\\\xampp\\\\htdocs...', Array)
#15 C:\\xampp\\htdocs\\insure_daily\\vendor\\facade\\ignition\\src\\Views\\Engines\\CompilerEngine.php(37): Illuminate\\View\\Engines\\CompilerEngine->get('C:\\\\xampp\\\\htdocs...', Array)
#16 C:\\xampp\\htdocs\\insure_daily\\vendor\\laravel\\framework\\src\\Illuminate\\View\\View.php(139): Facade\\Ignition\\Views\\Engines\\CompilerEngine->get('C:\\\\xampp\\\\htdocs...', Array)
#17 C:\\xampp\\htdocs\\insure_daily\\vendor\\laravel\\framework\\src\\Illuminate\\View\\View.php(122): Illuminate\\View\\View->getContents()
#18 C:\\xampp\\htdocs\\insure_daily\\vendor\\laravel\\framework\\src\\Illuminate\\View\\View.php(91): Illuminate\\View\\View->renderContents()
#19 C:\\xampp\\htdocs\\insure_daily\\storage\\framework\\views\\b049c8a1ea908ed8e667eff79f915e667c908e1c.php(14): Illuminate\\View\\View->render()
#20 C:\\xampp\\htdocs\\insure_daily\\vendor\\laravel\\framework\\src\\Illuminate\\Filesystem\\Filesystem.php(107): require('C:\\\\xampp\\\\htdocs...')
#21 C:\\xampp\\htdocs\\insure_daily\\vendor\\laravel\\framework\\src\\Illuminate\\Filesystem\\Filesystem.php(108): Illuminate\\Filesystem\\Filesystem::Illuminate\\Filesystem\\{closure}()
#22 C:\\xampp\\htdocs\\insure_daily\\vendor\\laravel\\framework\\src\\Illuminate\\View\\Engines\\PhpEngine.php(58): Illuminate\\Filesystem\\Filesystem->getRequire('C:\\\\xampp\\\\htdocs...', Array)
#23 C:\\xampp\\htdocs\\insure_daily\\vendor\\laravel\\framework\\src\\Illuminate\\View\\Engines\\CompilerEngine.php(61): Illuminate\\View\\Engines\\PhpEngine->evaluatePath('C:\\\\xampp\\\\htdocs...', Array)
#24 C:\\xampp\\htdocs\\insure_daily\\vendor\\facade\\ignition\\src\\Views\\Engines\\CompilerEngine.php(37): Illuminate\\View\\Engines\\CompilerEngine->get('C:\\\\xampp\\\\htdocs...', Array)
#25 C:\\xampp\\htdocs\\insure_daily\\vendor\\laravel\\framework\\src\\Illuminate\\View\\View.php(139): Facade\\Ignition\\Views\\Engines\\CompilerEngine->get('C:\\\\xampp\\\\htdocs...', Array)
#26 C:\\xampp\\htdocs\\insure_daily\\vendor\\laravel\\framework\\src\\Illuminate\\View\\View.php(122): Illuminate\\View\\View->getContents()
#27 C:\\xampp\\htdocs\\insure_daily\\vendor\\laravel\\framework\\src\\Illuminate\\View\\View.php(91): Illuminate\\View\\View->renderContents()
#28 C:\\xampp\\htdocs\\insure_daily\\vendor\\laravel\\framework\\src\\Illuminate\\Http\\Response.php(69): Illuminate\\View\\View->render()
#29 C:\\xampp\\htdocs\\insure_daily\\vendor\\laravel\\framework\\src\\Illuminate\\Http\\Response.php(35): Illuminate\\Http\\Response->setContent(Object(Illuminate\\View\\View))
#30 C:\\xampp\\htdocs\\insure_daily\\vendor\\laravel\\framework\\src\\Illuminate\\Routing\\Router.php(820): Illuminate\\Http\\Response->__construct(Object(Illuminate\\View\\View), 200, Array)
#31 C:\\xampp\\htdocs\\insure_daily\\vendor\\laravel\\framework\\src\\Illuminate\\Routing\\Router.php(789): Illuminate\\Routing\\Router::toResponse(Object(Illuminate\\Http\\Request), Object(Illuminate\\View\\View))
#32 C:\\xampp\\htdocs\\insure_daily\\vendor\\laravel\\framework\\src\\Illuminate\\Routing\\Router.php(720): Illuminate\\Routing\\Router->prepareResponse(Object(Illuminate\\Http\\Request), Object(Illuminate\\View\\View))
#33 C:\\xampp\\htdocs\\insure_daily\\vendor\\laravel\\framework\\src\\Illuminate\\Pipeline\\Pipeline.php(128): Illuminate\\Routing\\Router->Illuminate\\Routing\\{closure}(Object(Illuminate\\Http\\Request))
#34 C:\\xampp\\htdocs\\insure_daily\\app\\Http\\Middleware\\User.php(22): Illuminate\\Pipeline\\Pipeline->Illuminate\\Pipeline\\{closure}(Object(Illuminate\\Http\\Request))
#35 C:\\xampp\\htdocs\\insure_daily\\vendor\\laravel\\framework\\src\\Illuminate\\Pipeline\\Pipeline.php(167): App\\Http\\Middleware\\User->handle(Object(Illuminate\\Http\\Request), Object(Closure))
#36 C:\\xampp\\htdocs\\insure_daily\\vendor\\laravel\\framework\\src\\Illuminate\\Routing\\Middleware\\SubstituteBindings.php(50): Illuminate\\Pipeline\\Pipeline->Illuminate\\Pipeline\\{closure}(Object(Illuminate\\Http\\Request))
#37 C:\\xampp\\htdocs\\insure_daily\\vendor\\laravel\\framework\\src\\Illuminate\\Pipeline\\Pipeline.php(167): Illuminate\\Routing\\Middleware\\SubstituteBindings->handle(Object(Illuminate\\Http\\Request), Object(Closure))
#38 C:\\xampp\\htdocs\\insure_daily\\vendor\\laravel\\framework\\src\\Illuminate\\Foundation\\Http\\Middleware\\VerifyCsrfToken.php(78): Illuminate\\Pipeline\\Pipeline->Illuminate\\Pipeline\\{closure}(Object(Illuminate\\Http\\Request))
#39 C:\\xampp\\htdocs\\insure_daily\\vendor\\laravel\\framework\\src\\Illuminate\\Pipeline\\Pipeline.php(167): Illuminate\\Foundation\\Http\\Middleware\\VerifyCsrfToken->handle(Object(Illuminate\\Http\\Request), Object(Closure))
#40 C:\\xampp\\htdocs\\insure_daily\\vendor\\laravel\\framework\\src\\Illuminate\\View\\Middleware\\ShareErrorsFromSession.php(49): Illuminate\\Pipeline\\Pipeline->Illuminate\\Pipeline\\{closure}(Object(Illuminate\\Http\\Request))
#41 C:\\xampp\\htdocs\\insure_daily\\vendor\\laravel\\framework\\src\\Illuminate\\Pipeline\\Pipeline.php(167): Illuminate\\View\\Middleware\\ShareErrorsFromSession->handle(Object(Illuminate\\Http\\Request), Object(Closure))
#42 C:\\xampp\\htdocs\\insure_daily\\vendor\\laravel\\framework\\src\\Illuminate\\Session\\Middleware\\StartSession.php(121): Illuminate\\Pipeline\\Pipeline->Illuminate\\Pipeline\\{closure}(Object(Illuminate\\Http\\Request))
#43 C:\\xampp\\htdocs\\insure_daily\\vendor\\laravel\\framework\\src\\Illuminate\\Session\\Middleware\\StartSession.php(64): Illuminate\\Session\\Middleware\\StartSession->handleStatefulRequest(Object(Illuminate\\Http\\Request), Object(Illuminate\\Session\\Store), Object(Closure))
#44 C:\\xampp\\htdocs\\insure_daily\\vendor\\laravel\\framework\\src\\Illuminate\\Pipeline\\Pipeline.php(167): Illuminate\\Session\\Middleware\\StartSession->handle(Object(Illuminate\\Http\\Request), Object(Closure))
#45 C:\\xampp\\htdocs\\insure_daily\\vendor\\laravel\\framework\\src\\Illuminate\\Cookie\\Middleware\\AddQueuedCookiesToResponse.php(37): Illuminate\\Pipeline\\Pipeline->Illuminate\\Pipeline\\{closure}(Object(Illuminate\\Http\\Request))
#46 C:\\xampp\\htdocs\\insure_daily\\vendor\\laravel\\framework\\src\\Illuminate\\Pipeline\\Pipeline.php(167): Illuminate\\Cookie\\Middleware\\AddQueuedCookiesToResponse->handle(Object(Illuminate\\Http\\Request), Object(Closure))
#47 C:\\xampp\\htdocs\\insure_daily\\vendor\\laravel\\framework\\src\\Illuminate\\Cookie\\Middleware\\EncryptCookies.php(67): Illuminate\\Pipeline\\Pipeline->Illuminate\\Pipeline\\{closure}(Object(Illuminate\\Http\\Request))
#48 C:\\xampp\\htdocs\\insure_daily\\vendor\\laravel\\framework\\src\\Illuminate\\Pipeline\\Pipeline.php(167): Illuminate\\Cookie\\Middleware\\EncryptCookies->handle(Object(Illuminate\\Http\\Request), Object(Closure))
#49 C:\\xampp\\htdocs\\insure_daily\\vendor\\laravel\\framework\\src\\Illuminate\\Pipeline\\Pipeline.php(103): Illuminate\\Pipeline\\Pipeline->Illuminate\\Pipeline\\{closure}(Object(Illuminate\\Http\\Request))
#50 C:\\xampp\\htdocs\\insure_daily\\vendor\\laravel\\framework\\src\\Illuminate\\Routing\\Router.php(719): Illuminate\\Pipeline\\Pipeline->then(Object(Closure))
#51 C:\\xampp\\htdocs\\insure_daily\\vendor\\laravel\\framework\\src\\Illuminate\\Routing\\Router.php(698): Illuminate\\Routing\\Router->runRouteWithinStack(Object(Illuminate\\Routing\\Route), Object(Illuminate\\Http\\Request))
#52 C:\\xampp\\htdocs\\insure_daily\\vendor\\laravel\\framework\\src\\Illuminate\\Routing\\Router.php(662): Illuminate\\Routing\\Router->runRoute(Object(Illuminate\\Http\\Request), Object(Illuminate\\Routing\\Route))
#53 C:\\xampp\\htdocs\\insure_daily\\vendor\\laravel\\framework\\src\\Illuminate\\Routing\\Router.php(651): Illuminate\\Routing\\Router->dispatchToRoute(Object(Illuminate\\Http\\Request))
#54 C:\\xampp\\htdocs\\insure_daily\\vendor\\laravel\\framework\\src\\Illuminate\\Foundation\\Http\\Kernel.php(167): Illuminate\\Routing\\Router->dispatch(Object(Illuminate\\Http\\Request))
#55 C:\\xampp\\htdocs\\insure_daily\\vendor\\laravel\\framework\\src\\Illuminate\\Pipeline\\Pipeline.php(128): Illuminate\\Foundation\\Http\\Kernel->Illuminate\\Foundation\\Http\\{closure}(Object(Illuminate\\Http\\Request))
#56 C:\\xampp\\htdocs\\insure_daily\\vendor\\laravel\\framework\\src\\Illuminate\\Foundation\\Http\\Middleware\\TransformsRequest.php(21): Illuminate\\Pipeline\\Pipeline->Illuminate\\Pipeline\\{closure}(Object(Illuminate\\Http\\Request))
#57 C:\\xampp\\htdocs\\insure_daily\\vendor\\laravel\\framework\\src\\Illuminate\\Foundation\\Http\\Middleware\\ConvertEmptyStringsToNull.php(31): Illuminate\\Foundation\\Http\\Middleware\\TransformsRequest->handle(Object(Illuminate\\Http\\Request), Object(Closure))
#58 C:\\xampp\\htdocs\\insure_daily\\vendor\\laravel\\framework\\src\\Illuminate\\Pipeline\\Pipeline.php(167): Illuminate\\Foundation\\Http\\Middleware\\ConvertEmptyStringsToNull->handle(Object(Illuminate\\Http\\Request), Object(Closure))
#59 C:\\xampp\\htdocs\\insure_daily\\vendor\\laravel\\framework\\src\\Illuminate\\Foundation\\Http\\Middleware\\TransformsRequest.php(21): Illuminate\\Pipeline\\Pipeline->Illuminate\\Pipeline\\{closure}(Object(Illuminate\\Http\\Request))
#60 C:\\xampp\\htdocs\\insure_daily\\vendor\\laravel\\framework\\src\\Illuminate\\Foundation\\Http\\Middleware\\TrimStrings.php(40): Illuminate\\Foundation\\Http\\Middleware\\TransformsRequest->handle(Object(Illuminate\\Http\\Request), Object(Closure))
#61 C:\\xampp\\htdocs\\insure_daily\\vendor\\laravel\\framework\\src\\Illuminate\\Pipeline\\Pipeline.php(167): Illuminate\\Foundation\\Http\\Middleware\\TrimStrings->handle(Object(Illuminate\\Http\\Request), Object(Closure))
#62 C:\\xampp\\htdocs\\insure_daily\\vendor\\laravel\\framework\\src\\Illuminate\\Foundation\\Http\\Middleware\\ValidatePostSize.php(27): Illuminate\\Pipeline\\Pipeline->Illuminate\\Pipeline\\{closure}(Object(Illuminate\\Http\\Request))
#63 C:\\xampp\\htdocs\\insure_daily\\vendor\\laravel\\framework\\src\\Illuminate\\Pipeline\\Pipeline.php(167): Illuminate\\Foundation\\Http\\Middleware\\ValidatePostSize->handle(Object(Illuminate\\Http\\Request), Object(Closure))
#64 C:\\xampp\\htdocs\\insure_daily\\vendor\\laravel\\framework\\src\\Illuminate\\Foundation\\Http\\Middleware\\PreventRequestsDuringMaintenance.php(86): Illuminate\\Pipeline\\Pipeline->Illuminate\\Pipeline\\{closure}(Object(Illuminate\\Http\\Request))
#65 C:\\xampp\\htdocs\\insure_daily\\vendor\\laravel\\framework\\src\\Illuminate\\Pipeline\\Pipeline.php(167): Illuminate\\Foundation\\Http\\Middleware\\PreventRequestsDuringMaintenance->handle(Object(Illuminate\\Http\\Request), Object(Closure))
#66 C:\\xampp\\htdocs\\insure_daily\\vendor\\fruitcake\\laravel-cors\\src\\HandleCors.php(38): Illuminate\\Pipeline\\Pipeline->Illuminate\\Pipeline\\{closure}(Object(Illuminate\\Http\\Request))
#67 C:\\xampp\\htdocs\\insure_daily\\vendor\\laravel\\framework\\src\\Illuminate\\Pipeline\\Pipeline.php(167): Fruitcake\\Cors\\HandleCors->handle(Object(Illuminate\\Http\\Request), Object(Closure))
#68 C:\\xampp\\htdocs\\insure_daily\\vendor\\laravel\\framework\\src\\Illuminate\\Http\\Middleware\\TrustProxies.php(39): Illuminate\\Pipeline\\Pipeline->Illuminate\\Pipeline\\{closure}(Object(Illuminate\\Http\\Request))
#69 C:\\xampp\\htdocs\\insure_daily\\vendor\\laravel\\framework\\src\\Illuminate\\Pipeline\\Pipeline.php(167): Illuminate\\Http\\Middleware\\TrustProxies->handle(Object(Illuminate\\Http\\Request), Object(Closure))
#70 C:\\xampp\\htdocs\\insure_daily\\vendor\\laravel\\framework\\src\\Illuminate\\Pipeline\\Pipeline.php(103): Illuminate\\Pipeline\\Pipeline->Illuminate\\Pipeline\\{closure}(Object(Illuminate\\Http\\Request))
#71 C:\\xampp\\htdocs\\insure_daily\\vendor\\laravel\\framework\\src\\Illuminate\\Foundation\\Http\\Kernel.php(142): Illuminate\\Pipeline\\Pipeline->then(Object(Closure))
#72 C:\\xampp\\htdocs\\insure_daily\\vendor\\laravel\\framework\\src\\Illuminate\\Foundation\\Http\\Kernel.php(111): Illuminate\\Foundation\\Http\\Kernel->sendRequestThroughRouter(Object(Illuminate\\Http\\Request))
#73 C:\\xampp\\htdocs\\insure_daily\\public\\index.php(51): Illuminate\\Foundation\\Http\\Kernel->handle(Object(Illuminate\\Http\\Request))
#74 C:\\xampp\\htdocs\\insure_daily\\index.php(21): require_once('C:\\\\xampp\\\\htdocs...')
#75 {main}
"} 
[2025-02-28 08:03:09] local.ERROR: Method App\Http\Controllers\User\UserController::error2Page does not exist. {"userId":10,"exception":"[object] (BadMethodCallException(code: 0): Method App\\Http\\Controllers\\User\\UserController::error2Page does not exist. at C:\\xampp\\htdocs\\insure_daily\\vendor\\laravel\\framework\\src\\Illuminate\\Routing\\Controller.php:68)
[stacktrace]
#0 C:\\xampp\\htdocs\\insure_daily\\vendor\\laravel\\framework\\src\\Illuminate\\Routing\\Controller.php(54): Illuminate\\Routing\\Controller->__call('error2Page', Array)
#1 C:\\xampp\\htdocs\\insure_daily\\vendor\\laravel\\framework\\src\\Illuminate\\Routing\\ControllerDispatcher.php(45): Illuminate\\Routing\\Controller->callAction('error2Page', Array)
#2 C:\\xampp\\htdocs\\insure_daily\\vendor\\laravel\\framework\\src\\Illuminate\\Routing\\Route.php(261): Illuminate\\Routing\\ControllerDispatcher->dispatch(Object(Illuminate\\Routing\\Route), Object(App\\Http\\Controllers\\User\\UserController), 'error2Page')
#3 C:\\xampp\\htdocs\\insure_daily\\vendor\\laravel\\framework\\src\\Illuminate\\Routing\\Route.php(205): Illuminate\\Routing\\Route->runController()
#4 C:\\xampp\\htdocs\\insure_daily\\vendor\\laravel\\framework\\src\\Illuminate\\Routing\\Router.php(721): Illuminate\\Routing\\Route->run()
#5 C:\\xampp\\htdocs\\insure_daily\\vendor\\laravel\\framework\\src\\Illuminate\\Pipeline\\Pipeline.php(128): Illuminate\\Routing\\Router->Illuminate\\Routing\\{closure}(Object(Illuminate\\Http\\Request))
#6 C:\\xampp\\htdocs\\insure_daily\\app\\Http\\Middleware\\User.php(22): Illuminate\\Pipeline\\Pipeline->Illuminate\\Pipeline\\{closure}(Object(Illuminate\\Http\\Request))
#7 C:\\xampp\\htdocs\\insure_daily\\vendor\\laravel\\framework\\src\\Illuminate\\Pipeline\\Pipeline.php(167): App\\Http\\Middleware\\User->handle(Object(Illuminate\\Http\\Request), Object(Closure))
#8 C:\\xampp\\htdocs\\insure_daily\\vendor\\laravel\\framework\\src\\Illuminate\\Routing\\Middleware\\SubstituteBindings.php(50): Illuminate\\Pipeline\\Pipeline->Illuminate\\Pipeline\\{closure}(Object(Illuminate\\Http\\Request))
#9 C:\\xampp\\htdocs\\insure_daily\\vendor\\laravel\\framework\\src\\Illuminate\\Pipeline\\Pipeline.php(167): Illuminate\\Routing\\Middleware\\SubstituteBindings->handle(Object(Illuminate\\Http\\Request), Object(Closure))
#10 C:\\xampp\\htdocs\\insure_daily\\vendor\\laravel\\framework\\src\\Illuminate\\Foundation\\Http\\Middleware\\VerifyCsrfToken.php(78): Illuminate\\Pipeline\\Pipeline->Illuminate\\Pipeline\\{closure}(Object(Illuminate\\Http\\Request))
#11 C:\\xampp\\htdocs\\insure_daily\\vendor\\laravel\\framework\\src\\Illuminate\\Pipeline\\Pipeline.php(167): Illuminate\\Foundation\\Http\\Middleware\\VerifyCsrfToken->handle(Object(Illuminate\\Http\\Request), Object(Closure))
#12 C:\\xampp\\htdocs\\insure_daily\\vendor\\laravel\\framework\\src\\Illuminate\\View\\Middleware\\ShareErrorsFromSession.php(49): Illuminate\\Pipeline\\Pipeline->Illuminate\\Pipeline\\{closure}(Object(Illuminate\\Http\\Request))
#13 C:\\xampp\\htdocs\\insure_daily\\vendor\\laravel\\framework\\src\\Illuminate\\Pipeline\\Pipeline.php(167): Illuminate\\View\\Middleware\\ShareErrorsFromSession->handle(Object(Illuminate\\Http\\Request), Object(Closure))
#14 C:\\xampp\\htdocs\\insure_daily\\vendor\\laravel\\framework\\src\\Illuminate\\Session\\Middleware\\StartSession.php(121): Illuminate\\Pipeline\\Pipeline->Illuminate\\Pipeline\\{closure}(Object(Illuminate\\Http\\Request))
#15 C:\\xampp\\htdocs\\insure_daily\\vendor\\laravel\\framework\\src\\Illuminate\\Session\\Middleware\\StartSession.php(64): Illuminate\\Session\\Middleware\\StartSession->handleStatefulRequest(Object(Illuminate\\Http\\Request), Object(Illuminate\\Session\\Store), Object(Closure))
#16 C:\\xampp\\htdocs\\insure_daily\\vendor\\laravel\\framework\\src\\Illuminate\\Pipeline\\Pipeline.php(167): Illuminate\\Session\\Middleware\\StartSession->handle(Object(Illuminate\\Http\\Request), Object(Closure))
#17 C:\\xampp\\htdocs\\insure_daily\\vendor\\laravel\\framework\\src\\Illuminate\\Cookie\\Middleware\\AddQueuedCookiesToResponse.php(37): Illuminate\\Pipeline\\Pipeline->Illuminate\\Pipeline\\{closure}(Object(Illuminate\\Http\\Request))
#18 C:\\xampp\\htdocs\\insure_daily\\vendor\\laravel\\framework\\src\\Illuminate\\Pipeline\\Pipeline.php(167): Illuminate\\Cookie\\Middleware\\AddQueuedCookiesToResponse->handle(Object(Illuminate\\Http\\Request), Object(Closure))
#19 C:\\xampp\\htdocs\\insure_daily\\vendor\\laravel\\framework\\src\\Illuminate\\Cookie\\Middleware\\EncryptCookies.php(67): Illuminate\\Pipeline\\Pipeline->Illuminate\\Pipeline\\{closure}(Object(Illuminate\\Http\\Request))
#20 C:\\xampp\\htdocs\\insure_daily\\vendor\\laravel\\framework\\src\\Illuminate\\Pipeline\\Pipeline.php(167): Illuminate\\Cookie\\Middleware\\EncryptCookies->handle(Object(Illuminate\\Http\\Request), Object(Closure))
#21 C:\\xampp\\htdocs\\insure_daily\\vendor\\laravel\\framework\\src\\Illuminate\\Pipeline\\Pipeline.php(103): Illuminate\\Pipeline\\Pipeline->Illuminate\\Pipeline\\{closure}(Object(Illuminate\\Http\\Request))
#22 C:\\xampp\\htdocs\\insure_daily\\vendor\\laravel\\framework\\src\\Illuminate\\Routing\\Router.php(719): Illuminate\\Pipeline\\Pipeline->then(Object(Closure))
#23 C:\\xampp\\htdocs\\insure_daily\\vendor\\laravel\\framework\\src\\Illuminate\\Routing\\Router.php(698): Illuminate\\Routing\\Router->runRouteWithinStack(Object(Illuminate\\Routing\\Route), Object(Illuminate\\Http\\Request))
#24 C:\\xampp\\htdocs\\insure_daily\\vendor\\laravel\\framework\\src\\Illuminate\\Routing\\Router.php(662): Illuminate\\Routing\\Router->runRoute(Object(Illuminate\\Http\\Request), Object(Illuminate\\Routing\\Route))
#25 C:\\xampp\\htdocs\\insure_daily\\vendor\\laravel\\framework\\src\\Illuminate\\Routing\\Router.php(651): Illuminate\\Routing\\Router->dispatchToRoute(Object(Illuminate\\Http\\Request))
#26 C:\\xampp\\htdocs\\insure_daily\\vendor\\laravel\\framework\\src\\Illuminate\\Foundation\\Http\\Kernel.php(167): Illuminate\\Routing\\Router->dispatch(Object(Illuminate\\Http\\Request))
#27 C:\\xampp\\htdocs\\insure_daily\\vendor\\laravel\\framework\\src\\Illuminate\\Pipeline\\Pipeline.php(128): Illuminate\\Foundation\\Http\\Kernel->Illuminate\\Foundation\\Http\\{closure}(Object(Illuminate\\Http\\Request))
#28 C:\\xampp\\htdocs\\insure_daily\\vendor\\laravel\\framework\\src\\Illuminate\\Foundation\\Http\\Middleware\\TransformsRequest.php(21): Illuminate\\Pipeline\\Pipeline->Illuminate\\Pipeline\\{closure}(Object(Illuminate\\Http\\Request))
#29 C:\\xampp\\htdocs\\insure_daily\\vendor\\laravel\\framework\\src\\Illuminate\\Foundation\\Http\\Middleware\\ConvertEmptyStringsToNull.php(31): Illuminate\\Foundation\\Http\\Middleware\\TransformsRequest->handle(Object(Illuminate\\Http\\Request), Object(Closure))
#30 C:\\xampp\\htdocs\\insure_daily\\vendor\\laravel\\framework\\src\\Illuminate\\Pipeline\\Pipeline.php(167): Illuminate\\Foundation\\Http\\Middleware\\ConvertEmptyStringsToNull->handle(Object(Illuminate\\Http\\Request), Object(Closure))
#31 C:\\xampp\\htdocs\\insure_daily\\vendor\\laravel\\framework\\src\\Illuminate\\Foundation\\Http\\Middleware\\TransformsRequest.php(21): Illuminate\\Pipeline\\Pipeline->Illuminate\\Pipeline\\{closure}(Object(Illuminate\\Http\\Request))
#32 C:\\xampp\\htdocs\\insure_daily\\vendor\\laravel\\framework\\src\\Illuminate\\Foundation\\Http\\Middleware\\TrimStrings.php(40): Illuminate\\Foundation\\Http\\Middleware\\TransformsRequest->handle(Object(Illuminate\\Http\\Request), Object(Closure))
#33 C:\\xampp\\htdocs\\insure_daily\\vendor\\laravel\\framework\\src\\Illuminate\\Pipeline\\Pipeline.php(167): Illuminate\\Foundation\\Http\\Middleware\\TrimStrings->handle(Object(Illuminate\\Http\\Request), Object(Closure))
#34 C:\\xampp\\htdocs\\insure_daily\\vendor\\laravel\\framework\\src\\Illuminate\\Foundation\\Http\\Middleware\\ValidatePostSize.php(27): Illuminate\\Pipeline\\Pipeline->Illuminate\\Pipeline\\{closure}(Object(Illuminate\\Http\\Request))
#35 C:\\xampp\\htdocs\\insure_daily\\vendor\\laravel\\framework\\src\\Illuminate\\Pipeline\\Pipeline.php(167): Illuminate\\Foundation\\Http\\Middleware\\ValidatePostSize->handle(Object(Illuminate\\Http\\Request), Object(Closure))
#36 C:\\xampp\\htdocs\\insure_daily\\vendor\\laravel\\framework\\src\\Illuminate\\Foundation\\Http\\Middleware\\PreventRequestsDuringMaintenance.php(86): Illuminate\\Pipeline\\Pipeline->Illuminate\\Pipeline\\{closure}(Object(Illuminate\\Http\\Request))
#37 C:\\xampp\\htdocs\\insure_daily\\vendor\\laravel\\framework\\src\\Illuminate\\Pipeline\\Pipeline.php(167): Illuminate\\Foundation\\Http\\Middleware\\PreventRequestsDuringMaintenance->handle(Object(Illuminate\\Http\\Request), Object(Closure))
#38 C:\\xampp\\htdocs\\insure_daily\\vendor\\fruitcake\\laravel-cors\\src\\HandleCors.php(38): Illuminate\\Pipeline\\Pipeline->Illuminate\\Pipeline\\{closure}(Object(Illuminate\\Http\\Request))
#39 C:\\xampp\\htdocs\\insure_daily\\vendor\\laravel\\framework\\src\\Illuminate\\Pipeline\\Pipeline.php(167): Fruitcake\\Cors\\HandleCors->handle(Object(Illuminate\\Http\\Request), Object(Closure))
#40 C:\\xampp\\htdocs\\insure_daily\\vendor\\laravel\\framework\\src\\Illuminate\\Http\\Middleware\\TrustProxies.php(39): Illuminate\\Pipeline\\Pipeline->Illuminate\\Pipeline\\{closure}(Object(Illuminate\\Http\\Request))
#41 C:\\xampp\\htdocs\\insure_daily\\vendor\\laravel\\framework\\src\\Illuminate\\Pipeline\\Pipeline.php(167): Illuminate\\Http\\Middleware\\TrustProxies->handle(Object(Illuminate\\Http\\Request), Object(Closure))
#42 C:\\xampp\\htdocs\\insure_daily\\vendor\\laravel\\framework\\src\\Illuminate\\Pipeline\\Pipeline.php(103): Illuminate\\Pipeline\\Pipeline->Illuminate\\Pipeline\\{closure}(Object(Illuminate\\Http\\Request))
#43 C:\\xampp\\htdocs\\insure_daily\\vendor\\laravel\\framework\\src\\Illuminate\\Foundation\\Http\\Kernel.php(142): Illuminate\\Pipeline\\Pipeline->then(Object(Closure))
#44 C:\\xampp\\htdocs\\insure_daily\\vendor\\laravel\\framework\\src\\Illuminate\\Foundation\\Http\\Kernel.php(111): Illuminate\\Foundation\\Http\\Kernel->sendRequestThroughRouter(Object(Illuminate\\Http\\Request))
#45 C:\\xampp\\htdocs\\insure_daily\\public\\index.php(51): Illuminate\\Foundation\\Http\\Kernel->handle(Object(Illuminate\\Http\\Request))
#46 C:\\xampp\\htdocs\\insure_daily\\index.php(21): require_once('C:\\\\xampp\\\\htdocs...')
#47 {main}
"} 
[2025-02-28 11:18:39] local.ERROR: View [maketing] not found. {"userId":10,"exception":"[object] (InvalidArgumentException(code: 0): View [maketing] not found. at C:\\xampp\\htdocs\\insure_daily\\vendor\\laravel\\framework\\src\\Illuminate\\View\\FileViewFinder.php:137)
[stacktrace]
#0 C:\\xampp\\htdocs\\insure_daily\\vendor\\laravel\\framework\\src\\Illuminate\\View\\FileViewFinder.php(79): Illuminate\\View\\FileViewFinder->findInPaths('maketing', Array)
#1 C:\\xampp\\htdocs\\insure_daily\\vendor\\laravel\\framework\\src\\Illuminate\\View\\Factory.php(137): Illuminate\\View\\FileViewFinder->find('maketing')
#2 C:\\xampp\\htdocs\\insure_daily\\vendor\\laravel\\framework\\src\\Illuminate\\Foundation\\helpers.php(932): Illuminate\\View\\Factory->make('maketing', Array, Array)
#3 C:\\xampp\\htdocs\\insure_daily\\app\\Http\\Controllers\\User\\UserController.php(84): view('maketing')
#4 C:\\xampp\\htdocs\\insure_daily\\vendor\\laravel\\framework\\src\\Illuminate\\Routing\\Controller.php(54): App\\Http\\Controllers\\User\\UserController->maketingView()
#5 C:\\xampp\\htdocs\\insure_daily\\vendor\\laravel\\framework\\src\\Illuminate\\Routing\\ControllerDispatcher.php(45): Illuminate\\Routing\\Controller->callAction('maketingView', Array)
#6 C:\\xampp\\htdocs\\insure_daily\\vendor\\laravel\\framework\\src\\Illuminate\\Routing\\Route.php(261): Illuminate\\Routing\\ControllerDispatcher->dispatch(Object(Illuminate\\Routing\\Route), Object(App\\Http\\Controllers\\User\\UserController), 'maketingView')
#7 C:\\xampp\\htdocs\\insure_daily\\vendor\\laravel\\framework\\src\\Illuminate\\Routing\\Route.php(205): Illuminate\\Routing\\Route->runController()
#8 C:\\xampp\\htdocs\\insure_daily\\vendor\\laravel\\framework\\src\\Illuminate\\Routing\\Router.php(721): Illuminate\\Routing\\Route->run()
#9 C:\\xampp\\htdocs\\insure_daily\\vendor\\laravel\\framework\\src\\Illuminate\\Pipeline\\Pipeline.php(128): Illuminate\\Routing\\Router->Illuminate\\Routing\\{closure}(Object(Illuminate\\Http\\Request))
#10 C:\\xampp\\htdocs\\insure_daily\\app\\Http\\Middleware\\User.php(22): Illuminate\\Pipeline\\Pipeline->Illuminate\\Pipeline\\{closure}(Object(Illuminate\\Http\\Request))
#11 C:\\xampp\\htdocs\\insure_daily\\vendor\\laravel\\framework\\src\\Illuminate\\Pipeline\\Pipeline.php(167): App\\Http\\Middleware\\User->handle(Object(Illuminate\\Http\\Request), Object(Closure))
#12 C:\\xampp\\htdocs\\insure_daily\\vendor\\laravel\\framework\\src\\Illuminate\\Routing\\Middleware\\SubstituteBindings.php(50): Illuminate\\Pipeline\\Pipeline->Illuminate\\Pipeline\\{closure}(Object(Illuminate\\Http\\Request))
#13 C:\\xampp\\htdocs\\insure_daily\\vendor\\laravel\\framework\\src\\Illuminate\\Pipeline\\Pipeline.php(167): Illuminate\\Routing\\Middleware\\SubstituteBindings->handle(Object(Illuminate\\Http\\Request), Object(Closure))
#14 C:\\xampp\\htdocs\\insure_daily\\vendor\\laravel\\framework\\src\\Illuminate\\Foundation\\Http\\Middleware\\VerifyCsrfToken.php(78): Illuminate\\Pipeline\\Pipeline->Illuminate\\Pipeline\\{closure}(Object(Illuminate\\Http\\Request))
#15 C:\\xampp\\htdocs\\insure_daily\\vendor\\laravel\\framework\\src\\Illuminate\\Pipeline\\Pipeline.php(167): Illuminate\\Foundation\\Http\\Middleware\\VerifyCsrfToken->handle(Object(Illuminate\\Http\\Request), Object(Closure))
#16 C:\\xampp\\htdocs\\insure_daily\\vendor\\laravel\\framework\\src\\Illuminate\\View\\Middleware\\ShareErrorsFromSession.php(49): Illuminate\\Pipeline\\Pipeline->Illuminate\\Pipeline\\{closure}(Object(Illuminate\\Http\\Request))
#17 C:\\xampp\\htdocs\\insure_daily\\vendor\\laravel\\framework\\src\\Illuminate\\Pipeline\\Pipeline.php(167): Illuminate\\View\\Middleware\\ShareErrorsFromSession->handle(Object(Illuminate\\Http\\Request), Object(Closure))
#18 C:\\xampp\\htdocs\\insure_daily\\vendor\\laravel\\framework\\src\\Illuminate\\Session\\Middleware\\StartSession.php(121): Illuminate\\Pipeline\\Pipeline->Illuminate\\Pipeline\\{closure}(Object(Illuminate\\Http\\Request))
#19 C:\\xampp\\htdocs\\insure_daily\\vendor\\laravel\\framework\\src\\Illuminate\\Session\\Middleware\\StartSession.php(64): Illuminate\\Session\\Middleware\\StartSession->handleStatefulRequest(Object(Illuminate\\Http\\Request), Object(Illuminate\\Session\\Store), Object(Closure))
#20 C:\\xampp\\htdocs\\insure_daily\\vendor\\laravel\\framework\\src\\Illuminate\\Pipeline\\Pipeline.php(167): Illuminate\\Session\\Middleware\\StartSession->handle(Object(Illuminate\\Http\\Request), Object(Closure))
#21 C:\\xampp\\htdocs\\insure_daily\\vendor\\laravel\\framework\\src\\Illuminate\\Cookie\\Middleware\\AddQueuedCookiesToResponse.php(37): Illuminate\\Pipeline\\Pipeline->Illuminate\\Pipeline\\{closure}(Object(Illuminate\\Http\\Request))
#22 C:\\xampp\\htdocs\\insure_daily\\vendor\\laravel\\framework\\src\\Illuminate\\Pipeline\\Pipeline.php(167): Illuminate\\Cookie\\Middleware\\AddQueuedCookiesToResponse->handle(Object(Illuminate\\Http\\Request), Object(Closure))
#23 C:\\xampp\\htdocs\\insure_daily\\vendor\\laravel\\framework\\src\\Illuminate\\Cookie\\Middleware\\EncryptCookies.php(67): Illuminate\\Pipeline\\Pipeline->Illuminate\\Pipeline\\{closure}(Object(Illuminate\\Http\\Request))
#24 C:\\xampp\\htdocs\\insure_daily\\vendor\\laravel\\framework\\src\\Illuminate\\Pipeline\\Pipeline.php(167): Illuminate\\Cookie\\Middleware\\EncryptCookies->handle(Object(Illuminate\\Http\\Request), Object(Closure))
#25 C:\\xampp\\htdocs\\insure_daily\\vendor\\laravel\\framework\\src\\Illuminate\\Pipeline\\Pipeline.php(103): Illuminate\\Pipeline\\Pipeline->Illuminate\\Pipeline\\{closure}(Object(Illuminate\\Http\\Request))
#26 C:\\xampp\\htdocs\\insure_daily\\vendor\\laravel\\framework\\src\\Illuminate\\Routing\\Router.php(719): Illuminate\\Pipeline\\Pipeline->then(Object(Closure))
#27 C:\\xampp\\htdocs\\insure_daily\\vendor\\laravel\\framework\\src\\Illuminate\\Routing\\Router.php(698): Illuminate\\Routing\\Router->runRouteWithinStack(Object(Illuminate\\Routing\\Route), Object(Illuminate\\Http\\Request))
#28 C:\\xampp\\htdocs\\insure_daily\\vendor\\laravel\\framework\\src\\Illuminate\\Routing\\Router.php(662): Illuminate\\Routing\\Router->runRoute(Object(Illuminate\\Http\\Request), Object(Illuminate\\Routing\\Route))
#29 C:\\xampp\\htdocs\\insure_daily\\vendor\\laravel\\framework\\src\\Illuminate\\Routing\\Router.php(651): Illuminate\\Routing\\Router->dispatchToRoute(Object(Illuminate\\Http\\Request))
#30 C:\\xampp\\htdocs\\insure_daily\\vendor\\laravel\\framework\\src\\Illuminate\\Foundation\\Http\\Kernel.php(167): Illuminate\\Routing\\Router->dispatch(Object(Illuminate\\Http\\Request))
#31 C:\\xampp\\htdocs\\insure_daily\\vendor\\laravel\\framework\\src\\Illuminate\\Pipeline\\Pipeline.php(128): Illuminate\\Foundation\\Http\\Kernel->Illuminate\\Foundation\\Http\\{closure}(Object(Illuminate\\Http\\Request))
#32 C:\\xampp\\htdocs\\insure_daily\\vendor\\laravel\\framework\\src\\Illuminate\\Foundation\\Http\\Middleware\\TransformsRequest.php(21): Illuminate\\Pipeline\\Pipeline->Illuminate\\Pipeline\\{closure}(Object(Illuminate\\Http\\Request))
#33 C:\\xampp\\htdocs\\insure_daily\\vendor\\laravel\\framework\\src\\Illuminate\\Foundation\\Http\\Middleware\\ConvertEmptyStringsToNull.php(31): Illuminate\\Foundation\\Http\\Middleware\\TransformsRequest->handle(Object(Illuminate\\Http\\Request), Object(Closure))
#34 C:\\xampp\\htdocs\\insure_daily\\vendor\\laravel\\framework\\src\\Illuminate\\Pipeline\\Pipeline.php(167): Illuminate\\Foundation\\Http\\Middleware\\ConvertEmptyStringsToNull->handle(Object(Illuminate\\Http\\Request), Object(Closure))
#35 C:\\xampp\\htdocs\\insure_daily\\vendor\\laravel\\framework\\src\\Illuminate\\Foundation\\Http\\Middleware\\TransformsRequest.php(21): Illuminate\\Pipeline\\Pipeline->Illuminate\\Pipeline\\{closure}(Object(Illuminate\\Http\\Request))
#36 C:\\xampp\\htdocs\\insure_daily\\vendor\\laravel\\framework\\src\\Illuminate\\Foundation\\Http\\Middleware\\TrimStrings.php(40): Illuminate\\Foundation\\Http\\Middleware\\TransformsRequest->handle(Object(Illuminate\\Http\\Request), Object(Closure))
#37 C:\\xampp\\htdocs\\insure_daily\\vendor\\laravel\\framework\\src\\Illuminate\\Pipeline\\Pipeline.php(167): Illuminate\\Foundation\\Http\\Middleware\\TrimStrings->handle(Object(Illuminate\\Http\\Request), Object(Closure))
#38 C:\\xampp\\htdocs\\insure_daily\\vendor\\laravel\\framework\\src\\Illuminate\\Foundation\\Http\\Middleware\\ValidatePostSize.php(27): Illuminate\\Pipeline\\Pipeline->Illuminate\\Pipeline\\{closure}(Object(Illuminate\\Http\\Request))
#39 C:\\xampp\\htdocs\\insure_daily\\vendor\\laravel\\framework\\src\\Illuminate\\Pipeline\\Pipeline.php(167): Illuminate\\Foundation\\Http\\Middleware\\ValidatePostSize->handle(Object(Illuminate\\Http\\Request), Object(Closure))
#40 C:\\xampp\\htdocs\\insure_daily\\vendor\\laravel\\framework\\src\\Illuminate\\Foundation\\Http\\Middleware\\PreventRequestsDuringMaintenance.php(86): Illuminate\\Pipeline\\Pipeline->Illuminate\\Pipeline\\{closure}(Object(Illuminate\\Http\\Request))
#41 C:\\xampp\\htdocs\\insure_daily\\vendor\\laravel\\framework\\src\\Illuminate\\Pipeline\\Pipeline.php(167): Illuminate\\Foundation\\Http\\Middleware\\PreventRequestsDuringMaintenance->handle(Object(Illuminate\\Http\\Request), Object(Closure))
#42 C:\\xampp\\htdocs\\insure_daily\\vendor\\fruitcake\\laravel-cors\\src\\HandleCors.php(38): Illuminate\\Pipeline\\Pipeline->Illuminate\\Pipeline\\{closure}(Object(Illuminate\\Http\\Request))
#43 C:\\xampp\\htdocs\\insure_daily\\vendor\\laravel\\framework\\src\\Illuminate\\Pipeline\\Pipeline.php(167): Fruitcake\\Cors\\HandleCors->handle(Object(Illuminate\\Http\\Request), Object(Closure))
#44 C:\\xampp\\htdocs\\insure_daily\\vendor\\laravel\\framework\\src\\Illuminate\\Http\\Middleware\\TrustProxies.php(39): Illuminate\\Pipeline\\Pipeline->Illuminate\\Pipeline\\{closure}(Object(Illuminate\\Http\\Request))
#45 C:\\xampp\\htdocs\\insure_daily\\vendor\\laravel\\framework\\src\\Illuminate\\Pipeline\\Pipeline.php(167): Illuminate\\Http\\Middleware\\TrustProxies->handle(Object(Illuminate\\Http\\Request), Object(Closure))
#46 C:\\xampp\\htdocs\\insure_daily\\vendor\\laravel\\framework\\src\\Illuminate\\Pipeline\\Pipeline.php(103): Illuminate\\Pipeline\\Pipeline->Illuminate\\Pipeline\\{closure}(Object(Illuminate\\Http\\Request))
#47 C:\\xampp\\htdocs\\insure_daily\\vendor\\laravel\\framework\\src\\Illuminate\\Foundation\\Http\\Kernel.php(142): Illuminate\\Pipeline\\Pipeline->then(Object(Closure))
#48 C:\\xampp\\htdocs\\insure_daily\\vendor\\laravel\\framework\\src\\Illuminate\\Foundation\\Http\\Kernel.php(111): Illuminate\\Foundation\\Http\\Kernel->sendRequestThroughRouter(Object(Illuminate\\Http\\Request))
#49 C:\\xampp\\htdocs\\insure_daily\\public\\index.php(51): Illuminate\\Foundation\\Http\\Kernel->handle(Object(Illuminate\\Http\\Request))
#50 C:\\xampp\\htdocs\\insure_daily\\index.php(21): require_once('C:\\\\xampp\\\\htdocs...')
#51 {main}
"} 
[2025-02-28 11:21:58] local.ERROR: Cannot end a section without first starting one. (View: C:\xampp\htdocs\insure_daily\resources\views\user\maketing.blade.php) {"view":{"view":"C:\\xampp\\htdocs\\insure_daily\\vendor\\laravel\\framework\\src\\Illuminate\\View\\Concerns\\ManagesLayouts.php","data":[]},"userId":10,"exception":"[object] (Facade\\Ignition\\Exceptions\\ViewException(code: 0): Cannot end a section without first starting one. (View: C:\\xampp\\htdocs\\insure_daily\\resources\\views\\user\\maketing.blade.php) at C:\\xampp\\htdocs\\insure_daily\\vendor\\laravel\\framework\\src\\Illuminate\\View\\Concerns\\ManagesLayouts.php:94)
[stacktrace]
#0 C:\\xampp\\htdocs\\insure_daily\\resources\\views/user/maketing.blade.php(25): Illuminate\\View\\Factory->stopSection()
#1 C:\\xampp\\htdocs\\insure_daily\\vendor\\laravel\\framework\\src\\Illuminate\\Filesystem\\Filesystem.php(107): require('C:\\\\xampp\\\\htdocs...')
#2 C:\\xampp\\htdocs\\insure_daily\\vendor\\laravel\\framework\\src\\Illuminate\\Filesystem\\Filesystem.php(108): Illuminate\\Filesystem\\Filesystem::Illuminate\\Filesystem\\{closure}()
#3 C:\\xampp\\htdocs\\insure_daily\\vendor\\laravel\\framework\\src\\Illuminate\\View\\Engines\\PhpEngine.php(58): Illuminate\\Filesystem\\Filesystem->getRequire('C:\\\\xampp\\\\htdocs...', Array)
#4 C:\\xampp\\htdocs\\insure_daily\\vendor\\laravel\\framework\\src\\Illuminate\\View\\Engines\\CompilerEngine.php(61): Illuminate\\View\\Engines\\PhpEngine->evaluatePath('C:\\\\xampp\\\\htdocs...', Array)
#5 C:\\xampp\\htdocs\\insure_daily\\vendor\\facade\\ignition\\src\\Views\\Engines\\CompilerEngine.php(37): Illuminate\\View\\Engines\\CompilerEngine->get('C:\\\\xampp\\\\htdocs...', Array)
#6 C:\\xampp\\htdocs\\insure_daily\\vendor\\laravel\\framework\\src\\Illuminate\\View\\View.php(139): Facade\\Ignition\\Views\\Engines\\CompilerEngine->get('C:\\\\xampp\\\\htdocs...', Array)
#7 C:\\xampp\\htdocs\\insure_daily\\vendor\\laravel\\framework\\src\\Illuminate\\View\\View.php(122): Illuminate\\View\\View->getContents()
#8 C:\\xampp\\htdocs\\insure_daily\\vendor\\laravel\\framework\\src\\Illuminate\\View\\View.php(91): Illuminate\\View\\View->renderContents()
#9 C:\\xampp\\htdocs\\insure_daily\\vendor\\laravel\\framework\\src\\Illuminate\\Http\\Response.php(69): Illuminate\\View\\View->render()
#10 C:\\xampp\\htdocs\\insure_daily\\vendor\\laravel\\framework\\src\\Illuminate\\Http\\Response.php(35): Illuminate\\Http\\Response->setContent(Object(Illuminate\\View\\View))
#11 C:\\xampp\\htdocs\\insure_daily\\vendor\\laravel\\framework\\src\\Illuminate\\Routing\\Router.php(820): Illuminate\\Http\\Response->__construct(Object(Illuminate\\View\\View), 200, Array)
#12 C:\\xampp\\htdocs\\insure_daily\\vendor\\laravel\\framework\\src\\Illuminate\\Routing\\Router.php(789): Illuminate\\Routing\\Router::toResponse(Object(Illuminate\\Http\\Request), Object(Illuminate\\View\\View))
#13 C:\\xampp\\htdocs\\insure_daily\\vendor\\laravel\\framework\\src\\Illuminate\\Routing\\Router.php(720): Illuminate\\Routing\\Router->prepareResponse(Object(Illuminate\\Http\\Request), Object(Illuminate\\View\\View))
#14 C:\\xampp\\htdocs\\insure_daily\\vendor\\laravel\\framework\\src\\Illuminate\\Pipeline\\Pipeline.php(128): Illuminate\\Routing\\Router->Illuminate\\Routing\\{closure}(Object(Illuminate\\Http\\Request))
#15 C:\\xampp\\htdocs\\insure_daily\\app\\Http\\Middleware\\User.php(22): Illuminate\\Pipeline\\Pipeline->Illuminate\\Pipeline\\{closure}(Object(Illuminate\\Http\\Request))
#16 C:\\xampp\\htdocs\\insure_daily\\vendor\\laravel\\framework\\src\\Illuminate\\Pipeline\\Pipeline.php(167): App\\Http\\Middleware\\User->handle(Object(Illuminate\\Http\\Request), Object(Closure))
#17 C:\\xampp\\htdocs\\insure_daily\\vendor\\laravel\\framework\\src\\Illuminate\\Routing\\Middleware\\SubstituteBindings.php(50): Illuminate\\Pipeline\\Pipeline->Illuminate\\Pipeline\\{closure}(Object(Illuminate\\Http\\Request))
#18 C:\\xampp\\htdocs\\insure_daily\\vendor\\laravel\\framework\\src\\Illuminate\\Pipeline\\Pipeline.php(167): Illuminate\\Routing\\Middleware\\SubstituteBindings->handle(Object(Illuminate\\Http\\Request), Object(Closure))
#19 C:\\xampp\\htdocs\\insure_daily\\vendor\\laravel\\framework\\src\\Illuminate\\Foundation\\Http\\Middleware\\VerifyCsrfToken.php(78): Illuminate\\Pipeline\\Pipeline->Illuminate\\Pipeline\\{closure}(Object(Illuminate\\Http\\Request))
#20 C:\\xampp\\htdocs\\insure_daily\\vendor\\laravel\\framework\\src\\Illuminate\\Pipeline\\Pipeline.php(167): Illuminate\\Foundation\\Http\\Middleware\\VerifyCsrfToken->handle(Object(Illuminate\\Http\\Request), Object(Closure))
#21 C:\\xampp\\htdocs\\insure_daily\\vendor\\laravel\\framework\\src\\Illuminate\\View\\Middleware\\ShareErrorsFromSession.php(49): Illuminate\\Pipeline\\Pipeline->Illuminate\\Pipeline\\{closure}(Object(Illuminate\\Http\\Request))
#22 C:\\xampp\\htdocs\\insure_daily\\vendor\\laravel\\framework\\src\\Illuminate\\Pipeline\\Pipeline.php(167): Illuminate\\View\\Middleware\\ShareErrorsFromSession->handle(Object(Illuminate\\Http\\Request), Object(Closure))
#23 C:\\xampp\\htdocs\\insure_daily\\vendor\\laravel\\framework\\src\\Illuminate\\Session\\Middleware\\StartSession.php(121): Illuminate\\Pipeline\\Pipeline->Illuminate\\Pipeline\\{closure}(Object(Illuminate\\Http\\Request))
#24 C:\\xampp\\htdocs\\insure_daily\\vendor\\laravel\\framework\\src\\Illuminate\\Session\\Middleware\\StartSession.php(64): Illuminate\\Session\\Middleware\\StartSession->handleStatefulRequest(Object(Illuminate\\Http\\Request), Object(Illuminate\\Session\\Store), Object(Closure))
#25 C:\\xampp\\htdocs\\insure_daily\\vendor\\laravel\\framework\\src\\Illuminate\\Pipeline\\Pipeline.php(167): Illuminate\\Session\\Middleware\\StartSession->handle(Object(Illuminate\\Http\\Request), Object(Closure))
#26 C:\\xampp\\htdocs\\insure_daily\\vendor\\laravel\\framework\\src\\Illuminate\\Cookie\\Middleware\\AddQueuedCookiesToResponse.php(37): Illuminate\\Pipeline\\Pipeline->Illuminate\\Pipeline\\{closure}(Object(Illuminate\\Http\\Request))
#27 C:\\xampp\\htdocs\\insure_daily\\vendor\\laravel\\framework\\src\\Illuminate\\Pipeline\\Pipeline.php(167): Illuminate\\Cookie\\Middleware\\AddQueuedCookiesToResponse->handle(Object(Illuminate\\Http\\Request), Object(Closure))
#28 C:\\xampp\\htdocs\\insure_daily\\vendor\\laravel\\framework\\src\\Illuminate\\Cookie\\Middleware\\EncryptCookies.php(67): Illuminate\\Pipeline\\Pipeline->Illuminate\\Pipeline\\{closure}(Object(Illuminate\\Http\\Request))
#29 C:\\xampp\\htdocs\\insure_daily\\vendor\\laravel\\framework\\src\\Illuminate\\Pipeline\\Pipeline.php(167): Illuminate\\Cookie\\Middleware\\EncryptCookies->handle(Object(Illuminate\\Http\\Request), Object(Closure))
#30 C:\\xampp\\htdocs\\insure_daily\\vendor\\laravel\\framework\\src\\Illuminate\\Pipeline\\Pipeline.php(103): Illuminate\\Pipeline\\Pipeline->Illuminate\\Pipeline\\{closure}(Object(Illuminate\\Http\\Request))
#31 C:\\xampp\\htdocs\\insure_daily\\vendor\\laravel\\framework\\src\\Illuminate\\Routing\\Router.php(719): Illuminate\\Pipeline\\Pipeline->then(Object(Closure))
#32 C:\\xampp\\htdocs\\insure_daily\\vendor\\laravel\\framework\\src\\Illuminate\\Routing\\Router.php(698): Illuminate\\Routing\\Router->runRouteWithinStack(Object(Illuminate\\Routing\\Route), Object(Illuminate\\Http\\Request))
#33 C:\\xampp\\htdocs\\insure_daily\\vendor\\laravel\\framework\\src\\Illuminate\\Routing\\Router.php(662): Illuminate\\Routing\\Router->runRoute(Object(Illuminate\\Http\\Request), Object(Illuminate\\Routing\\Route))
#34 C:\\xampp\\htdocs\\insure_daily\\vendor\\laravel\\framework\\src\\Illuminate\\Routing\\Router.php(651): Illuminate\\Routing\\Router->dispatchToRoute(Object(Illuminate\\Http\\Request))
#35 C:\\xampp\\htdocs\\insure_daily\\vendor\\laravel\\framework\\src\\Illuminate\\Foundation\\Http\\Kernel.php(167): Illuminate\\Routing\\Router->dispatch(Object(Illuminate\\Http\\Request))
#36 C:\\xampp\\htdocs\\insure_daily\\vendor\\laravel\\framework\\src\\Illuminate\\Pipeline\\Pipeline.php(128): Illuminate\\Foundation\\Http\\Kernel->Illuminate\\Foundation\\Http\\{closure}(Object(Illuminate\\Http\\Request))
#37 C:\\xampp\\htdocs\\insure_daily\\vendor\\laravel\\framework\\src\\Illuminate\\Foundation\\Http\\Middleware\\TransformsRequest.php(21): Illuminate\\Pipeline\\Pipeline->Illuminate\\Pipeline\\{closure}(Object(Illuminate\\Http\\Request))
#38 C:\\xampp\\htdocs\\insure_daily\\vendor\\laravel\\framework\\src\\Illuminate\\Foundation\\Http\\Middleware\\ConvertEmptyStringsToNull.php(31): Illuminate\\Foundation\\Http\\Middleware\\TransformsRequest->handle(Object(Illuminate\\Http\\Request), Object(Closure))
#39 C:\\xampp\\htdocs\\insure_daily\\vendor\\laravel\\framework\\src\\Illuminate\\Pipeline\\Pipeline.php(167): Illuminate\\Foundation\\Http\\Middleware\\ConvertEmptyStringsToNull->handle(Object(Illuminate\\Http\\Request), Object(Closure))
#40 C:\\xampp\\htdocs\\insure_daily\\vendor\\laravel\\framework\\src\\Illuminate\\Foundation\\Http\\Middleware\\TransformsRequest.php(21): Illuminate\\Pipeline\\Pipeline->Illuminate\\Pipeline\\{closure}(Object(Illuminate\\Http\\Request))
#41 C:\\xampp\\htdocs\\insure_daily\\vendor\\laravel\\framework\\src\\Illuminate\\Foundation\\Http\\Middleware\\TrimStrings.php(40): Illuminate\\Foundation\\Http\\Middleware\\TransformsRequest->handle(Object(Illuminate\\Http\\Request), Object(Closure))
#42 C:\\xampp\\htdocs\\insure_daily\\vendor\\laravel\\framework\\src\\Illuminate\\Pipeline\\Pipeline.php(167): Illuminate\\Foundation\\Http\\Middleware\\TrimStrings->handle(Object(Illuminate\\Http\\Request), Object(Closure))
#43 C:\\xampp\\htdocs\\insure_daily\\vendor\\laravel\\framework\\src\\Illuminate\\Foundation\\Http\\Middleware\\ValidatePostSize.php(27): Illuminate\\Pipeline\\Pipeline->Illuminate\\Pipeline\\{closure}(Object(Illuminate\\Http\\Request))
#44 C:\\xampp\\htdocs\\insure_daily\\vendor\\laravel\\framework\\src\\Illuminate\\Pipeline\\Pipeline.php(167): Illuminate\\Foundation\\Http\\Middleware\\ValidatePostSize->handle(Object(Illuminate\\Http\\Request), Object(Closure))
#45 C:\\xampp\\htdocs\\insure_daily\\vendor\\laravel\\framework\\src\\Illuminate\\Foundation\\Http\\Middleware\\PreventRequestsDuringMaintenance.php(86): Illuminate\\Pipeline\\Pipeline->Illuminate\\Pipeline\\{closure}(Object(Illuminate\\Http\\Request))
#46 C:\\xampp\\htdocs\\insure_daily\\vendor\\laravel\\framework\\src\\Illuminate\\Pipeline\\Pipeline.php(167): Illuminate\\Foundation\\Http\\Middleware\\PreventRequestsDuringMaintenance->handle(Object(Illuminate\\Http\\Request), Object(Closure))
#47 C:\\xampp\\htdocs\\insure_daily\\vendor\\fruitcake\\laravel-cors\\src\\HandleCors.php(38): Illuminate\\Pipeline\\Pipeline->Illuminate\\Pipeline\\{closure}(Object(Illuminate\\Http\\Request))
#48 C:\\xampp\\htdocs\\insure_daily\\vendor\\laravel\\framework\\src\\Illuminate\\Pipeline\\Pipeline.php(167): Fruitcake\\Cors\\HandleCors->handle(Object(Illuminate\\Http\\Request), Object(Closure))
#49 C:\\xampp\\htdocs\\insure_daily\\vendor\\laravel\\framework\\src\\Illuminate\\Http\\Middleware\\TrustProxies.php(39): Illuminate\\Pipeline\\Pipeline->Illuminate\\Pipeline\\{closure}(Object(Illuminate\\Http\\Request))
#50 C:\\xampp\\htdocs\\insure_daily\\vendor\\laravel\\framework\\src\\Illuminate\\Pipeline\\Pipeline.php(167): Illuminate\\Http\\Middleware\\TrustProxies->handle(Object(Illuminate\\Http\\Request), Object(Closure))
#51 C:\\xampp\\htdocs\\insure_daily\\vendor\\laravel\\framework\\src\\Illuminate\\Pipeline\\Pipeline.php(103): Illuminate\\Pipeline\\Pipeline->Illuminate\\Pipeline\\{closure}(Object(Illuminate\\Http\\Request))
#52 C:\\xampp\\htdocs\\insure_daily\\vendor\\laravel\\framework\\src\\Illuminate\\Foundation\\Http\\Kernel.php(142): Illuminate\\Pipeline\\Pipeline->then(Object(Closure))
#53 C:\\xampp\\htdocs\\insure_daily\\vendor\\laravel\\framework\\src\\Illuminate\\Foundation\\Http\\Kernel.php(111): Illuminate\\Foundation\\Http\\Kernel->sendRequestThroughRouter(Object(Illuminate\\Http\\Request))
#54 C:\\xampp\\htdocs\\insure_daily\\public\\index.php(51): Illuminate\\Foundation\\Http\\Kernel->handle(Object(Illuminate\\Http\\Request))
#55 C:\\xampp\\htdocs\\insure_daily\\index.php(21): require_once('C:\\\\xampp\\\\htdocs...')
#56 {main}

[previous exception] [object] (InvalidArgumentException(code: 0): Cannot end a section without first starting one. at C:\\xampp\\htdocs\\insure_daily\\vendor\\laravel\\framework\\src\\Illuminate\\View\\Concerns\\ManagesLayouts.php:94)
[stacktrace]
#0 C:\\xampp\\htdocs\\insure_daily\\storage\\framework\\views\\f43e49d11c1d922752c799e61f50ebdc003ee8f0.php(25): Illuminate\\View\\Factory->stopSection()
#1 C:\\xampp\\htdocs\\insure_daily\\vendor\\laravel\\framework\\src\\Illuminate\\Filesystem\\Filesystem.php(107): require('C:\\\\xampp\\\\htdocs...')
#2 C:\\xampp\\htdocs\\insure_daily\\vendor\\laravel\\framework\\src\\Illuminate\\Filesystem\\Filesystem.php(108): Illuminate\\Filesystem\\Filesystem::Illuminate\\Filesystem\\{closure}()
#3 C:\\xampp\\htdocs\\insure_daily\\vendor\\laravel\\framework\\src\\Illuminate\\View\\Engines\\PhpEngine.php(58): Illuminate\\Filesystem\\Filesystem->getRequire('C:\\\\xampp\\\\htdocs...', Array)
#4 C:\\xampp\\htdocs\\insure_daily\\vendor\\laravel\\framework\\src\\Illuminate\\View\\Engines\\CompilerEngine.php(61): Illuminate\\View\\Engines\\PhpEngine->evaluatePath('C:\\\\xampp\\\\htdocs...', Array)
#5 C:\\xampp\\htdocs\\insure_daily\\vendor\\facade\\ignition\\src\\Views\\Engines\\CompilerEngine.php(37): Illuminate\\View\\Engines\\CompilerEngine->get('C:\\\\xampp\\\\htdocs...', Array)
#6 C:\\xampp\\htdocs\\insure_daily\\vendor\\laravel\\framework\\src\\Illuminate\\View\\View.php(139): Facade\\Ignition\\Views\\Engines\\CompilerEngine->get('C:\\\\xampp\\\\htdocs...', Array)
#7 C:\\xampp\\htdocs\\insure_daily\\vendor\\laravel\\framework\\src\\Illuminate\\View\\View.php(122): Illuminate\\View\\View->getContents()
#8 C:\\xampp\\htdocs\\insure_daily\\vendor\\laravel\\framework\\src\\Illuminate\\View\\View.php(91): Illuminate\\View\\View->renderContents()
#9 C:\\xampp\\htdocs\\insure_daily\\vendor\\laravel\\framework\\src\\Illuminate\\Http\\Response.php(69): Illuminate\\View\\View->render()
#10 C:\\xampp\\htdocs\\insure_daily\\vendor\\laravel\\framework\\src\\Illuminate\\Http\\Response.php(35): Illuminate\\Http\\Response->setContent(Object(Illuminate\\View\\View))
#11 C:\\xampp\\htdocs\\insure_daily\\vendor\\laravel\\framework\\src\\Illuminate\\Routing\\Router.php(820): Illuminate\\Http\\Response->__construct(Object(Illuminate\\View\\View), 200, Array)
#12 C:\\xampp\\htdocs\\insure_daily\\vendor\\laravel\\framework\\src\\Illuminate\\Routing\\Router.php(789): Illuminate\\Routing\\Router::toResponse(Object(Illuminate\\Http\\Request), Object(Illuminate\\View\\View))
#13 C:\\xampp\\htdocs\\insure_daily\\vendor\\laravel\\framework\\src\\Illuminate\\Routing\\Router.php(720): Illuminate\\Routing\\Router->prepareResponse(Object(Illuminate\\Http\\Request), Object(Illuminate\\View\\View))
#14 C:\\xampp\\htdocs\\insure_daily\\vendor\\laravel\\framework\\src\\Illuminate\\Pipeline\\Pipeline.php(128): Illuminate\\Routing\\Router->Illuminate\\Routing\\{closure}(Object(Illuminate\\Http\\Request))
#15 C:\\xampp\\htdocs\\insure_daily\\app\\Http\\Middleware\\User.php(22): Illuminate\\Pipeline\\Pipeline->Illuminate\\Pipeline\\{closure}(Object(Illuminate\\Http\\Request))
#16 C:\\xampp\\htdocs\\insure_daily\\vendor\\laravel\\framework\\src\\Illuminate\\Pipeline\\Pipeline.php(167): App\\Http\\Middleware\\User->handle(Object(Illuminate\\Http\\Request), Object(Closure))
#17 C:\\xampp\\htdocs\\insure_daily\\vendor\\laravel\\framework\\src\\Illuminate\\Routing\\Middleware\\SubstituteBindings.php(50): Illuminate\\Pipeline\\Pipeline->Illuminate\\Pipeline\\{closure}(Object(Illuminate\\Http\\Request))
#18 C:\\xampp\\htdocs\\insure_daily\\vendor\\laravel\\framework\\src\\Illuminate\\Pipeline\\Pipeline.php(167): Illuminate\\Routing\\Middleware\\SubstituteBindings->handle(Object(Illuminate\\Http\\Request), Object(Closure))
#19 C:\\xampp\\htdocs\\insure_daily\\vendor\\laravel\\framework\\src\\Illuminate\\Foundation\\Http\\Middleware\\VerifyCsrfToken.php(78): Illuminate\\Pipeline\\Pipeline->Illuminate\\Pipeline\\{closure}(Object(Illuminate\\Http\\Request))
#20 C:\\xampp\\htdocs\\insure_daily\\vendor\\laravel\\framework\\src\\Illuminate\\Pipeline\\Pipeline.php(167): Illuminate\\Foundation\\Http\\Middleware\\VerifyCsrfToken->handle(Object(Illuminate\\Http\\Request), Object(Closure))
#21 C:\\xampp\\htdocs\\insure_daily\\vendor\\laravel\\framework\\src\\Illuminate\\View\\Middleware\\ShareErrorsFromSession.php(49): Illuminate\\Pipeline\\Pipeline->Illuminate\\Pipeline\\{closure}(Object(Illuminate\\Http\\Request))
#22 C:\\xampp\\htdocs\\insure_daily\\vendor\\laravel\\framework\\src\\Illuminate\\Pipeline\\Pipeline.php(167): Illuminate\\View\\Middleware\\ShareErrorsFromSession->handle(Object(Illuminate\\Http\\Request), Object(Closure))
#23 C:\\xampp\\htdocs\\insure_daily\\vendor\\laravel\\framework\\src\\Illuminate\\Session\\Middleware\\StartSession.php(121): Illuminate\\Pipeline\\Pipeline->Illuminate\\Pipeline\\{closure}(Object(Illuminate\\Http\\Request))
#24 C:\\xampp\\htdocs\\insure_daily\\vendor\\laravel\\framework\\src\\Illuminate\\Session\\Middleware\\StartSession.php(64): Illuminate\\Session\\Middleware\\StartSession->handleStatefulRequest(Object(Illuminate\\Http\\Request), Object(Illuminate\\Session\\Store), Object(Closure))
#25 C:\\xampp\\htdocs\\insure_daily\\vendor\\laravel\\framework\\src\\Illuminate\\Pipeline\\Pipeline.php(167): Illuminate\\Session\\Middleware\\StartSession->handle(Object(Illuminate\\Http\\Request), Object(Closure))
#26 C:\\xampp\\htdocs\\insure_daily\\vendor\\laravel\\framework\\src\\Illuminate\\Cookie\\Middleware\\AddQueuedCookiesToResponse.php(37): Illuminate\\Pipeline\\Pipeline->Illuminate\\Pipeline\\{closure}(Object(Illuminate\\Http\\Request))
#27 C:\\xampp\\htdocs\\insure_daily\\vendor\\laravel\\framework\\src\\Illuminate\\Pipeline\\Pipeline.php(167): Illuminate\\Cookie\\Middleware\\AddQueuedCookiesToResponse->handle(Object(Illuminate\\Http\\Request), Object(Closure))
#28 C:\\xampp\\htdocs\\insure_daily\\vendor\\laravel\\framework\\src\\Illuminate\\Cookie\\Middleware\\EncryptCookies.php(67): Illuminate\\Pipeline\\Pipeline->Illuminate\\Pipeline\\{closure}(Object(Illuminate\\Http\\Request))
#29 C:\\xampp\\htdocs\\insure_daily\\vendor\\laravel\\framework\\src\\Illuminate\\Pipeline\\Pipeline.php(167): Illuminate\\Cookie\\Middleware\\EncryptCookies->handle(Object(Illuminate\\Http\\Request), Object(Closure))
#30 C:\\xampp\\htdocs\\insure_daily\\vendor\\laravel\\framework\\src\\Illuminate\\Pipeline\\Pipeline.php(103): Illuminate\\Pipeline\\Pipeline->Illuminate\\Pipeline\\{closure}(Object(Illuminate\\Http\\Request))
#31 C:\\xampp\\htdocs\\insure_daily\\vendor\\laravel\\framework\\src\\Illuminate\\Routing\\Router.php(719): Illuminate\\Pipeline\\Pipeline->then(Object(Closure))
#32 C:\\xampp\\htdocs\\insure_daily\\vendor\\laravel\\framework\\src\\Illuminate\\Routing\\Router.php(698): Illuminate\\Routing\\Router->runRouteWithinStack(Object(Illuminate\\Routing\\Route), Object(Illuminate\\Http\\Request))
#33 C:\\xampp\\htdocs\\insure_daily\\vendor\\laravel\\framework\\src\\Illuminate\\Routing\\Router.php(662): Illuminate\\Routing\\Router->runRoute(Object(Illuminate\\Http\\Request), Object(Illuminate\\Routing\\Route))
#34 C:\\xampp\\htdocs\\insure_daily\\vendor\\laravel\\framework\\src\\Illuminate\\Routing\\Router.php(651): Illuminate\\Routing\\Router->dispatchToRoute(Object(Illuminate\\Http\\Request))
#35 C:\\xampp\\htdocs\\insure_daily\\vendor\\laravel\\framework\\src\\Illuminate\\Foundation\\Http\\Kernel.php(167): Illuminate\\Routing\\Router->dispatch(Object(Illuminate\\Http\\Request))
#36 C:\\xampp\\htdocs\\insure_daily\\vendor\\laravel\\framework\\src\\Illuminate\\Pipeline\\Pipeline.php(128): Illuminate\\Foundation\\Http\\Kernel->Illuminate\\Foundation\\Http\\{closure}(Object(Illuminate\\Http\\Request))
#37 C:\\xampp\\htdocs\\insure_daily\\vendor\\laravel\\framework\\src\\Illuminate\\Foundation\\Http\\Middleware\\TransformsRequest.php(21): Illuminate\\Pipeline\\Pipeline->Illuminate\\Pipeline\\{closure}(Object(Illuminate\\Http\\Request))
#38 C:\\xampp\\htdocs\\insure_daily\\vendor\\laravel\\framework\\src\\Illuminate\\Foundation\\Http\\Middleware\\ConvertEmptyStringsToNull.php(31): Illuminate\\Foundation\\Http\\Middleware\\TransformsRequest->handle(Object(Illuminate\\Http\\Request), Object(Closure))
#39 C:\\xampp\\htdocs\\insure_daily\\vendor\\laravel\\framework\\src\\Illuminate\\Pipeline\\Pipeline.php(167): Illuminate\\Foundation\\Http\\Middleware\\ConvertEmptyStringsToNull->handle(Object(Illuminate\\Http\\Request), Object(Closure))
#40 C:\\xampp\\htdocs\\insure_daily\\vendor\\laravel\\framework\\src\\Illuminate\\Foundation\\Http\\Middleware\\TransformsRequest.php(21): Illuminate\\Pipeline\\Pipeline->Illuminate\\Pipeline\\{closure}(Object(Illuminate\\Http\\Request))
#41 C:\\xampp\\htdocs\\insure_daily\\vendor\\laravel\\framework\\src\\Illuminate\\Foundation\\Http\\Middleware\\TrimStrings.php(40): Illuminate\\Foundation\\Http\\Middleware\\TransformsRequest->handle(Object(Illuminate\\Http\\Request), Object(Closure))
#42 C:\\xampp\\htdocs\\insure_daily\\vendor\\laravel\\framework\\src\\Illuminate\\Pipeline\\Pipeline.php(167): Illuminate\\Foundation\\Http\\Middleware\\TrimStrings->handle(Object(Illuminate\\Http\\Request), Object(Closure))
#43 C:\\xampp\\htdocs\\insure_daily\\vendor\\laravel\\framework\\src\\Illuminate\\Foundation\\Http\\Middleware\\ValidatePostSize.php(27): Illuminate\\Pipeline\\Pipeline->Illuminate\\Pipeline\\{closure}(Object(Illuminate\\Http\\Request))
#44 C:\\xampp\\htdocs\\insure_daily\\vendor\\laravel\\framework\\src\\Illuminate\\Pipeline\\Pipeline.php(167): Illuminate\\Foundation\\Http\\Middleware\\ValidatePostSize->handle(Object(Illuminate\\Http\\Request), Object(Closure))
#45 C:\\xampp\\htdocs\\insure_daily\\vendor\\laravel\\framework\\src\\Illuminate\\Foundation\\Http\\Middleware\\PreventRequestsDuringMaintenance.php(86): Illuminate\\Pipeline\\Pipeline->Illuminate\\Pipeline\\{closure}(Object(Illuminate\\Http\\Request))
#46 C:\\xampp\\htdocs\\insure_daily\\vendor\\laravel\\framework\\src\\Illuminate\\Pipeline\\Pipeline.php(167): Illuminate\\Foundation\\Http\\Middleware\\PreventRequestsDuringMaintenance->handle(Object(Illuminate\\Http\\Request), Object(Closure))
#47 C:\\xampp\\htdocs\\insure_daily\\vendor\\fruitcake\\laravel-cors\\src\\HandleCors.php(38): Illuminate\\Pipeline\\Pipeline->Illuminate\\Pipeline\\{closure}(Object(Illuminate\\Http\\Request))
#48 C:\\xampp\\htdocs\\insure_daily\\vendor\\laravel\\framework\\src\\Illuminate\\Pipeline\\Pipeline.php(167): Fruitcake\\Cors\\HandleCors->handle(Object(Illuminate\\Http\\Request), Object(Closure))
#49 C:\\xampp\\htdocs\\insure_daily\\vendor\\laravel\\framework\\src\\Illuminate\\Http\\Middleware\\TrustProxies.php(39): Illuminate\\Pipeline\\Pipeline->Illuminate\\Pipeline\\{closure}(Object(Illuminate\\Http\\Request))
#50 C:\\xampp\\htdocs\\insure_daily\\vendor\\laravel\\framework\\src\\Illuminate\\Pipeline\\Pipeline.php(167): Illuminate\\Http\\Middleware\\TrustProxies->handle(Object(Illuminate\\Http\\Request), Object(Closure))
#51 C:\\xampp\\htdocs\\insure_daily\\vendor\\laravel\\framework\\src\\Illuminate\\Pipeline\\Pipeline.php(103): Illuminate\\Pipeline\\Pipeline->Illuminate\\Pipeline\\{closure}(Object(Illuminate\\Http\\Request))
#52 C:\\xampp\\htdocs\\insure_daily\\vendor\\laravel\\framework\\src\\Illuminate\\Foundation\\Http\\Kernel.php(142): Illuminate\\Pipeline\\Pipeline->then(Object(Closure))
#53 C:\\xampp\\htdocs\\insure_daily\\vendor\\laravel\\framework\\src\\Illuminate\\Foundation\\Http\\Kernel.php(111): Illuminate\\Foundation\\Http\\Kernel->sendRequestThroughRouter(Object(Illuminate\\Http\\Request))
#54 C:\\xampp\\htdocs\\insure_daily\\public\\index.php(51): Illuminate\\Foundation\\Http\\Kernel->handle(Object(Illuminate\\Http\\Request))
#55 C:\\xampp\\htdocs\\insure_daily\\index.php(21): require_once('C:\\\\xampp\\\\htdocs...')
#56 {main}
"} 
[2025-02-28 11:59:29] local.ERROR: Cannot end a section without first starting one. (View: C:\xampp\htdocs\insure_daily\resources\views\user\maketing.blade.php) {"view":{"view":"C:\\xampp\\htdocs\\insure_daily\\vendor\\laravel\\framework\\src\\Illuminate\\View\\Concerns\\ManagesLayouts.php","data":[]},"userId":10,"exception":"[object] (Facade\\Ignition\\Exceptions\\ViewException(code: 0): Cannot end a section without first starting one. (View: C:\\xampp\\htdocs\\insure_daily\\resources\\views\\user\\maketing.blade.php) at C:\\xampp\\htdocs\\insure_daily\\vendor\\laravel\\framework\\src\\Illuminate\\View\\Concerns\\ManagesLayouts.php:94)
[stacktrace]
#0 C:\\xampp\\htdocs\\insure_daily\\resources\\views/user/maketing.blade.php(105): Illuminate\\View\\Factory->stopSection()
#1 C:\\xampp\\htdocs\\insure_daily\\vendor\\laravel\\framework\\src\\Illuminate\\Filesystem\\Filesystem.php(107): require('C:\\\\xampp\\\\htdocs...')
#2 C:\\xampp\\htdocs\\insure_daily\\vendor\\laravel\\framework\\src\\Illuminate\\Filesystem\\Filesystem.php(108): Illuminate\\Filesystem\\Filesystem::Illuminate\\Filesystem\\{closure}()
#3 C:\\xampp\\htdocs\\insure_daily\\vendor\\laravel\\framework\\src\\Illuminate\\View\\Engines\\PhpEngine.php(58): Illuminate\\Filesystem\\Filesystem->getRequire('C:\\\\xampp\\\\htdocs...', Array)
#4 C:\\xampp\\htdocs\\insure_daily\\vendor\\laravel\\framework\\src\\Illuminate\\View\\Engines\\CompilerEngine.php(61): Illuminate\\View\\Engines\\PhpEngine->evaluatePath('C:\\\\xampp\\\\htdocs...', Array)
#5 C:\\xampp\\htdocs\\insure_daily\\vendor\\facade\\ignition\\src\\Views\\Engines\\CompilerEngine.php(37): Illuminate\\View\\Engines\\CompilerEngine->get('C:\\\\xampp\\\\htdocs...', Array)
#6 C:\\xampp\\htdocs\\insure_daily\\vendor\\laravel\\framework\\src\\Illuminate\\View\\View.php(139): Facade\\Ignition\\Views\\Engines\\CompilerEngine->get('C:\\\\xampp\\\\htdocs...', Array)
#7 C:\\xampp\\htdocs\\insure_daily\\vendor\\laravel\\framework\\src\\Illuminate\\View\\View.php(122): Illuminate\\View\\View->getContents()
#8 C:\\xampp\\htdocs\\insure_daily\\vendor\\laravel\\framework\\src\\Illuminate\\View\\View.php(91): Illuminate\\View\\View->renderContents()
#9 C:\\xampp\\htdocs\\insure_daily\\vendor\\laravel\\framework\\src\\Illuminate\\Http\\Response.php(69): Illuminate\\View\\View->render()
#10 C:\\xampp\\htdocs\\insure_daily\\vendor\\laravel\\framework\\src\\Illuminate\\Http\\Response.php(35): Illuminate\\Http\\Response->setContent(Object(Illuminate\\View\\View))
#11 C:\\xampp\\htdocs\\insure_daily\\vendor\\laravel\\framework\\src\\Illuminate\\Routing\\Router.php(820): Illuminate\\Http\\Response->__construct(Object(Illuminate\\View\\View), 200, Array)
#12 C:\\xampp\\htdocs\\insure_daily\\vendor\\laravel\\framework\\src\\Illuminate\\Routing\\Router.php(789): Illuminate\\Routing\\Router::toResponse(Object(Illuminate\\Http\\Request), Object(Illuminate\\View\\View))
#13 C:\\xampp\\htdocs\\insure_daily\\vendor\\laravel\\framework\\src\\Illuminate\\Routing\\Router.php(720): Illuminate\\Routing\\Router->prepareResponse(Object(Illuminate\\Http\\Request), Object(Illuminate\\View\\View))
#14 C:\\xampp\\htdocs\\insure_daily\\vendor\\laravel\\framework\\src\\Illuminate\\Pipeline\\Pipeline.php(128): Illuminate\\Routing\\Router->Illuminate\\Routing\\{closure}(Object(Illuminate\\Http\\Request))
#15 C:\\xampp\\htdocs\\insure_daily\\app\\Http\\Middleware\\User.php(22): Illuminate\\Pipeline\\Pipeline->Illuminate\\Pipeline\\{closure}(Object(Illuminate\\Http\\Request))
#16 C:\\xampp\\htdocs\\insure_daily\\vendor\\laravel\\framework\\src\\Illuminate\\Pipeline\\Pipeline.php(167): App\\Http\\Middleware\\User->handle(Object(Illuminate\\Http\\Request), Object(Closure))
#17 C:\\xampp\\htdocs\\insure_daily\\vendor\\laravel\\framework\\src\\Illuminate\\Routing\\Middleware\\SubstituteBindings.php(50): Illuminate\\Pipeline\\Pipeline->Illuminate\\Pipeline\\{closure}(Object(Illuminate\\Http\\Request))
#18 C:\\xampp\\htdocs\\insure_daily\\vendor\\laravel\\framework\\src\\Illuminate\\Pipeline\\Pipeline.php(167): Illuminate\\Routing\\Middleware\\SubstituteBindings->handle(Object(Illuminate\\Http\\Request), Object(Closure))
#19 C:\\xampp\\htdocs\\insure_daily\\vendor\\laravel\\framework\\src\\Illuminate\\Foundation\\Http\\Middleware\\VerifyCsrfToken.php(78): Illuminate\\Pipeline\\Pipeline->Illuminate\\Pipeline\\{closure}(Object(Illuminate\\Http\\Request))
#20 C:\\xampp\\htdocs\\insure_daily\\vendor\\laravel\\framework\\src\\Illuminate\\Pipeline\\Pipeline.php(167): Illuminate\\Foundation\\Http\\Middleware\\VerifyCsrfToken->handle(Object(Illuminate\\Http\\Request), Object(Closure))
#21 C:\\xampp\\htdocs\\insure_daily\\vendor\\laravel\\framework\\src\\Illuminate\\View\\Middleware\\ShareErrorsFromSession.php(49): Illuminate\\Pipeline\\Pipeline->Illuminate\\Pipeline\\{closure}(Object(Illuminate\\Http\\Request))
#22 C:\\xampp\\htdocs\\insure_daily\\vendor\\laravel\\framework\\src\\Illuminate\\Pipeline\\Pipeline.php(167): Illuminate\\View\\Middleware\\ShareErrorsFromSession->handle(Object(Illuminate\\Http\\Request), Object(Closure))
#23 C:\\xampp\\htdocs\\insure_daily\\vendor\\laravel\\framework\\src\\Illuminate\\Session\\Middleware\\StartSession.php(121): Illuminate\\Pipeline\\Pipeline->Illuminate\\Pipeline\\{closure}(Object(Illuminate\\Http\\Request))
#24 C:\\xampp\\htdocs\\insure_daily\\vendor\\laravel\\framework\\src\\Illuminate\\Session\\Middleware\\StartSession.php(64): Illuminate\\Session\\Middleware\\StartSession->handleStatefulRequest(Object(Illuminate\\Http\\Request), Object(Illuminate\\Session\\Store), Object(Closure))
#25 C:\\xampp\\htdocs\\insure_daily\\vendor\\laravel\\framework\\src\\Illuminate\\Pipeline\\Pipeline.php(167): Illuminate\\Session\\Middleware\\StartSession->handle(Object(Illuminate\\Http\\Request), Object(Closure))
#26 C:\\xampp\\htdocs\\insure_daily\\vendor\\laravel\\framework\\src\\Illuminate\\Cookie\\Middleware\\AddQueuedCookiesToResponse.php(37): Illuminate\\Pipeline\\Pipeline->Illuminate\\Pipeline\\{closure}(Object(Illuminate\\Http\\Request))
#27 C:\\xampp\\htdocs\\insure_daily\\vendor\\laravel\\framework\\src\\Illuminate\\Pipeline\\Pipeline.php(167): Illuminate\\Cookie\\Middleware\\AddQueuedCookiesToResponse->handle(Object(Illuminate\\Http\\Request), Object(Closure))
#28 C:\\xampp\\htdocs\\insure_daily\\vendor\\laravel\\framework\\src\\Illuminate\\Cookie\\Middleware\\EncryptCookies.php(67): Illuminate\\Pipeline\\Pipeline->Illuminate\\Pipeline\\{closure}(Object(Illuminate\\Http\\Request))
#29 C:\\xampp\\htdocs\\insure_daily\\vendor\\laravel\\framework\\src\\Illuminate\\Pipeline\\Pipeline.php(167): Illuminate\\Cookie\\Middleware\\EncryptCookies->handle(Object(Illuminate\\Http\\Request), Object(Closure))
#30 C:\\xampp\\htdocs\\insure_daily\\vendor\\laravel\\framework\\src\\Illuminate\\Pipeline\\Pipeline.php(103): Illuminate\\Pipeline\\Pipeline->Illuminate\\Pipeline\\{closure}(Object(Illuminate\\Http\\Request))
#31 C:\\xampp\\htdocs\\insure_daily\\vendor\\laravel\\framework\\src\\Illuminate\\Routing\\Router.php(719): Illuminate\\Pipeline\\Pipeline->then(Object(Closure))
#32 C:\\xampp\\htdocs\\insure_daily\\vendor\\laravel\\framework\\src\\Illuminate\\Routing\\Router.php(698): Illuminate\\Routing\\Router->runRouteWithinStack(Object(Illuminate\\Routing\\Route), Object(Illuminate\\Http\\Request))
#33 C:\\xampp\\htdocs\\insure_daily\\vendor\\laravel\\framework\\src\\Illuminate\\Routing\\Router.php(662): Illuminate\\Routing\\Router->runRoute(Object(Illuminate\\Http\\Request), Object(Illuminate\\Routing\\Route))
#34 C:\\xampp\\htdocs\\insure_daily\\vendor\\laravel\\framework\\src\\Illuminate\\Routing\\Router.php(651): Illuminate\\Routing\\Router->dispatchToRoute(Object(Illuminate\\Http\\Request))
#35 C:\\xampp\\htdocs\\insure_daily\\vendor\\laravel\\framework\\src\\Illuminate\\Foundation\\Http\\Kernel.php(167): Illuminate\\Routing\\Router->dispatch(Object(Illuminate\\Http\\Request))
#36 C:\\xampp\\htdocs\\insure_daily\\vendor\\laravel\\framework\\src\\Illuminate\\Pipeline\\Pipeline.php(128): Illuminate\\Foundation\\Http\\Kernel->Illuminate\\Foundation\\Http\\{closure}(Object(Illuminate\\Http\\Request))
#37 C:\\xampp\\htdocs\\insure_daily\\vendor\\laravel\\framework\\src\\Illuminate\\Foundation\\Http\\Middleware\\TransformsRequest.php(21): Illuminate\\Pipeline\\Pipeline->Illuminate\\Pipeline\\{closure}(Object(Illuminate\\Http\\Request))
#38 C:\\xampp\\htdocs\\insure_daily\\vendor\\laravel\\framework\\src\\Illuminate\\Foundation\\Http\\Middleware\\ConvertEmptyStringsToNull.php(31): Illuminate\\Foundation\\Http\\Middleware\\TransformsRequest->handle(Object(Illuminate\\Http\\Request), Object(Closure))
#39 C:\\xampp\\htdocs\\insure_daily\\vendor\\laravel\\framework\\src\\Illuminate\\Pipeline\\Pipeline.php(167): Illuminate\\Foundation\\Http\\Middleware\\ConvertEmptyStringsToNull->handle(Object(Illuminate\\Http\\Request), Object(Closure))
#40 C:\\xampp\\htdocs\\insure_daily\\vendor\\laravel\\framework\\src\\Illuminate\\Foundation\\Http\\Middleware\\TransformsRequest.php(21): Illuminate\\Pipeline\\Pipeline->Illuminate\\Pipeline\\{closure}(Object(Illuminate\\Http\\Request))
#41 C:\\xampp\\htdocs\\insure_daily\\vendor\\laravel\\framework\\src\\Illuminate\\Foundation\\Http\\Middleware\\TrimStrings.php(40): Illuminate\\Foundation\\Http\\Middleware\\TransformsRequest->handle(Object(Illuminate\\Http\\Request), Object(Closure))
#42 C:\\xampp\\htdocs\\insure_daily\\vendor\\laravel\\framework\\src\\Illuminate\\Pipeline\\Pipeline.php(167): Illuminate\\Foundation\\Http\\Middleware\\TrimStrings->handle(Object(Illuminate\\Http\\Request), Object(Closure))
#43 C:\\xampp\\htdocs\\insure_daily\\vendor\\laravel\\framework\\src\\Illuminate\\Foundation\\Http\\Middleware\\ValidatePostSize.php(27): Illuminate\\Pipeline\\Pipeline->Illuminate\\Pipeline\\{closure}(Object(Illuminate\\Http\\Request))
#44 C:\\xampp\\htdocs\\insure_daily\\vendor\\laravel\\framework\\src\\Illuminate\\Pipeline\\Pipeline.php(167): Illuminate\\Foundation\\Http\\Middleware\\ValidatePostSize->handle(Object(Illuminate\\Http\\Request), Object(Closure))
#45 C:\\xampp\\htdocs\\insure_daily\\vendor\\laravel\\framework\\src\\Illuminate\\Foundation\\Http\\Middleware\\PreventRequestsDuringMaintenance.php(86): Illuminate\\Pipeline\\Pipeline->Illuminate\\Pipeline\\{closure}(Object(Illuminate\\Http\\Request))
#46 C:\\xampp\\htdocs\\insure_daily\\vendor\\laravel\\framework\\src\\Illuminate\\Pipeline\\Pipeline.php(167): Illuminate\\Foundation\\Http\\Middleware\\PreventRequestsDuringMaintenance->handle(Object(Illuminate\\Http\\Request), Object(Closure))
#47 C:\\xampp\\htdocs\\insure_daily\\vendor\\fruitcake\\laravel-cors\\src\\HandleCors.php(38): Illuminate\\Pipeline\\Pipeline->Illuminate\\Pipeline\\{closure}(Object(Illuminate\\Http\\Request))
#48 C:\\xampp\\htdocs\\insure_daily\\vendor\\laravel\\framework\\src\\Illuminate\\Pipeline\\Pipeline.php(167): Fruitcake\\Cors\\HandleCors->handle(Object(Illuminate\\Http\\Request), Object(Closure))
#49 C:\\xampp\\htdocs\\insure_daily\\vendor\\laravel\\framework\\src\\Illuminate\\Http\\Middleware\\TrustProxies.php(39): Illuminate\\Pipeline\\Pipeline->Illuminate\\Pipeline\\{closure}(Object(Illuminate\\Http\\Request))
#50 C:\\xampp\\htdocs\\insure_daily\\vendor\\laravel\\framework\\src\\Illuminate\\Pipeline\\Pipeline.php(167): Illuminate\\Http\\Middleware\\TrustProxies->handle(Object(Illuminate\\Http\\Request), Object(Closure))
#51 C:\\xampp\\htdocs\\insure_daily\\vendor\\laravel\\framework\\src\\Illuminate\\Pipeline\\Pipeline.php(103): Illuminate\\Pipeline\\Pipeline->Illuminate\\Pipeline\\{closure}(Object(Illuminate\\Http\\Request))
#52 C:\\xampp\\htdocs\\insure_daily\\vendor\\laravel\\framework\\src\\Illuminate\\Foundation\\Http\\Kernel.php(142): Illuminate\\Pipeline\\Pipeline->then(Object(Closure))
#53 C:\\xampp\\htdocs\\insure_daily\\vendor\\laravel\\framework\\src\\Illuminate\\Foundation\\Http\\Kernel.php(111): Illuminate\\Foundation\\Http\\Kernel->sendRequestThroughRouter(Object(Illuminate\\Http\\Request))
#54 C:\\xampp\\htdocs\\insure_daily\\public\\index.php(51): Illuminate\\Foundation\\Http\\Kernel->handle(Object(Illuminate\\Http\\Request))
#55 C:\\xampp\\htdocs\\insure_daily\\index.php(21): require_once('C:\\\\xampp\\\\htdocs...')
#56 {main}

[previous exception] [object] (InvalidArgumentException(code: 0): Cannot end a section without first starting one. at C:\\xampp\\htdocs\\insure_daily\\vendor\\laravel\\framework\\src\\Illuminate\\View\\Concerns\\ManagesLayouts.php:94)
[stacktrace]
#0 C:\\xampp\\htdocs\\insure_daily\\storage\\framework\\views\\f43e49d11c1d922752c799e61f50ebdc003ee8f0.php(103): Illuminate\\View\\Factory->stopSection()
#1 C:\\xampp\\htdocs\\insure_daily\\vendor\\laravel\\framework\\src\\Illuminate\\Filesystem\\Filesystem.php(107): require('C:\\\\xampp\\\\htdocs...')
#2 C:\\xampp\\htdocs\\insure_daily\\vendor\\laravel\\framework\\src\\Illuminate\\Filesystem\\Filesystem.php(108): Illuminate\\Filesystem\\Filesystem::Illuminate\\Filesystem\\{closure}()
#3 C:\\xampp\\htdocs\\insure_daily\\vendor\\laravel\\framework\\src\\Illuminate\\View\\Engines\\PhpEngine.php(58): Illuminate\\Filesystem\\Filesystem->getRequire('C:\\\\xampp\\\\htdocs...', Array)
#4 C:\\xampp\\htdocs\\insure_daily\\vendor\\laravel\\framework\\src\\Illuminate\\View\\Engines\\CompilerEngine.php(61): Illuminate\\View\\Engines\\PhpEngine->evaluatePath('C:\\\\xampp\\\\htdocs...', Array)
#5 C:\\xampp\\htdocs\\insure_daily\\vendor\\facade\\ignition\\src\\Views\\Engines\\CompilerEngine.php(37): Illuminate\\View\\Engines\\CompilerEngine->get('C:\\\\xampp\\\\htdocs...', Array)
#6 C:\\xampp\\htdocs\\insure_daily\\vendor\\laravel\\framework\\src\\Illuminate\\View\\View.php(139): Facade\\Ignition\\Views\\Engines\\CompilerEngine->get('C:\\\\xampp\\\\htdocs...', Array)
#7 C:\\xampp\\htdocs\\insure_daily\\vendor\\laravel\\framework\\src\\Illuminate\\View\\View.php(122): Illuminate\\View\\View->getContents()
#8 C:\\xampp\\htdocs\\insure_daily\\vendor\\laravel\\framework\\src\\Illuminate\\View\\View.php(91): Illuminate\\View\\View->renderContents()
#9 C:\\xampp\\htdocs\\insure_daily\\vendor\\laravel\\framework\\src\\Illuminate\\Http\\Response.php(69): Illuminate\\View\\View->render()
#10 C:\\xampp\\htdocs\\insure_daily\\vendor\\laravel\\framework\\src\\Illuminate\\Http\\Response.php(35): Illuminate\\Http\\Response->setContent(Object(Illuminate\\View\\View))
#11 C:\\xampp\\htdocs\\insure_daily\\vendor\\laravel\\framework\\src\\Illuminate\\Routing\\Router.php(820): Illuminate\\Http\\Response->__construct(Object(Illuminate\\View\\View), 200, Array)
#12 C:\\xampp\\htdocs\\insure_daily\\vendor\\laravel\\framework\\src\\Illuminate\\Routing\\Router.php(789): Illuminate\\Routing\\Router::toResponse(Object(Illuminate\\Http\\Request), Object(Illuminate\\View\\View))
#13 C:\\xampp\\htdocs\\insure_daily\\vendor\\laravel\\framework\\src\\Illuminate\\Routing\\Router.php(720): Illuminate\\Routing\\Router->prepareResponse(Object(Illuminate\\Http\\Request), Object(Illuminate\\View\\View))
#14 C:\\xampp\\htdocs\\insure_daily\\vendor\\laravel\\framework\\src\\Illuminate\\Pipeline\\Pipeline.php(128): Illuminate\\Routing\\Router->Illuminate\\Routing\\{closure}(Object(Illuminate\\Http\\Request))
#15 C:\\xampp\\htdocs\\insure_daily\\app\\Http\\Middleware\\User.php(22): Illuminate\\Pipeline\\Pipeline->Illuminate\\Pipeline\\{closure}(Object(Illuminate\\Http\\Request))
#16 C:\\xampp\\htdocs\\insure_daily\\vendor\\laravel\\framework\\src\\Illuminate\\Pipeline\\Pipeline.php(167): App\\Http\\Middleware\\User->handle(Object(Illuminate\\Http\\Request), Object(Closure))
#17 C:\\xampp\\htdocs\\insure_daily\\vendor\\laravel\\framework\\src\\Illuminate\\Routing\\Middleware\\SubstituteBindings.php(50): Illuminate\\Pipeline\\Pipeline->Illuminate\\Pipeline\\{closure}(Object(Illuminate\\Http\\Request))
#18 C:\\xampp\\htdocs\\insure_daily\\vendor\\laravel\\framework\\src\\Illuminate\\Pipeline\\Pipeline.php(167): Illuminate\\Routing\\Middleware\\SubstituteBindings->handle(Object(Illuminate\\Http\\Request), Object(Closure))
#19 C:\\xampp\\htdocs\\insure_daily\\vendor\\laravel\\framework\\src\\Illuminate\\Foundation\\Http\\Middleware\\VerifyCsrfToken.php(78): Illuminate\\Pipeline\\Pipeline->Illuminate\\Pipeline\\{closure}(Object(Illuminate\\Http\\Request))
#20 C:\\xampp\\htdocs\\insure_daily\\vendor\\laravel\\framework\\src\\Illuminate\\Pipeline\\Pipeline.php(167): Illuminate\\Foundation\\Http\\Middleware\\VerifyCsrfToken->handle(Object(Illuminate\\Http\\Request), Object(Closure))
#21 C:\\xampp\\htdocs\\insure_daily\\vendor\\laravel\\framework\\src\\Illuminate\\View\\Middleware\\ShareErrorsFromSession.php(49): Illuminate\\Pipeline\\Pipeline->Illuminate\\Pipeline\\{closure}(Object(Illuminate\\Http\\Request))
#22 C:\\xampp\\htdocs\\insure_daily\\vendor\\laravel\\framework\\src\\Illuminate\\Pipeline\\Pipeline.php(167): Illuminate\\View\\Middleware\\ShareErrorsFromSession->handle(Object(Illuminate\\Http\\Request), Object(Closure))
#23 C:\\xampp\\htdocs\\insure_daily\\vendor\\laravel\\framework\\src\\Illuminate\\Session\\Middleware\\StartSession.php(121): Illuminate\\Pipeline\\Pipeline->Illuminate\\Pipeline\\{closure}(Object(Illuminate\\Http\\Request))
#24 C:\\xampp\\htdocs\\insure_daily\\vendor\\laravel\\framework\\src\\Illuminate\\Session\\Middleware\\StartSession.php(64): Illuminate\\Session\\Middleware\\StartSession->handleStatefulRequest(Object(Illuminate\\Http\\Request), Object(Illuminate\\Session\\Store), Object(Closure))
#25 C:\\xampp\\htdocs\\insure_daily\\vendor\\laravel\\framework\\src\\Illuminate\\Pipeline\\Pipeline.php(167): Illuminate\\Session\\Middleware\\StartSession->handle(Object(Illuminate\\Http\\Request), Object(Closure))
#26 C:\\xampp\\htdocs\\insure_daily\\vendor\\laravel\\framework\\src\\Illuminate\\Cookie\\Middleware\\AddQueuedCookiesToResponse.php(37): Illuminate\\Pipeline\\Pipeline->Illuminate\\Pipeline\\{closure}(Object(Illuminate\\Http\\Request))
#27 C:\\xampp\\htdocs\\insure_daily\\vendor\\laravel\\framework\\src\\Illuminate\\Pipeline\\Pipeline.php(167): Illuminate\\Cookie\\Middleware\\AddQueuedCookiesToResponse->handle(Object(Illuminate\\Http\\Request), Object(Closure))
#28 C:\\xampp\\htdocs\\insure_daily\\vendor\\laravel\\framework\\src\\Illuminate\\Cookie\\Middleware\\EncryptCookies.php(67): Illuminate\\Pipeline\\Pipeline->Illuminate\\Pipeline\\{closure}(Object(Illuminate\\Http\\Request))
#29 C:\\xampp\\htdocs\\insure_daily\\vendor\\laravel\\framework\\src\\Illuminate\\Pipeline\\Pipeline.php(167): Illuminate\\Cookie\\Middleware\\EncryptCookies->handle(Object(Illuminate\\Http\\Request), Object(Closure))
#30 C:\\xampp\\htdocs\\insure_daily\\vendor\\laravel\\framework\\src\\Illuminate\\Pipeline\\Pipeline.php(103): Illuminate\\Pipeline\\Pipeline->Illuminate\\Pipeline\\{closure}(Object(Illuminate\\Http\\Request))
#31 C:\\xampp\\htdocs\\insure_daily\\vendor\\laravel\\framework\\src\\Illuminate\\Routing\\Router.php(719): Illuminate\\Pipeline\\Pipeline->then(Object(Closure))
#32 C:\\xampp\\htdocs\\insure_daily\\vendor\\laravel\\framework\\src\\Illuminate\\Routing\\Router.php(698): Illuminate\\Routing\\Router->runRouteWithinStack(Object(Illuminate\\Routing\\Route), Object(Illuminate\\Http\\Request))
#33 C:\\xampp\\htdocs\\insure_daily\\vendor\\laravel\\framework\\src\\Illuminate\\Routing\\Router.php(662): Illuminate\\Routing\\Router->runRoute(Object(Illuminate\\Http\\Request), Object(Illuminate\\Routing\\Route))
#34 C:\\xampp\\htdocs\\insure_daily\\vendor\\laravel\\framework\\src\\Illuminate\\Routing\\Router.php(651): Illuminate\\Routing\\Router->dispatchToRoute(Object(Illuminate\\Http\\Request))
#35 C:\\xampp\\htdocs\\insure_daily\\vendor\\laravel\\framework\\src\\Illuminate\\Foundation\\Http\\Kernel.php(167): Illuminate\\Routing\\Router->dispatch(Object(Illuminate\\Http\\Request))
#36 C:\\xampp\\htdocs\\insure_daily\\vendor\\laravel\\framework\\src\\Illuminate\\Pipeline\\Pipeline.php(128): Illuminate\\Foundation\\Http\\Kernel->Illuminate\\Foundation\\Http\\{closure}(Object(Illuminate\\Http\\Request))
#37 C:\\xampp\\htdocs\\insure_daily\\vendor\\laravel\\framework\\src\\Illuminate\\Foundation\\Http\\Middleware\\TransformsRequest.php(21): Illuminate\\Pipeline\\Pipeline->Illuminate\\Pipeline\\{closure}(Object(Illuminate\\Http\\Request))
#38 C:\\xampp\\htdocs\\insure_daily\\vendor\\laravel\\framework\\src\\Illuminate\\Foundation\\Http\\Middleware\\ConvertEmptyStringsToNull.php(31): Illuminate\\Foundation\\Http\\Middleware\\TransformsRequest->handle(Object(Illuminate\\Http\\Request), Object(Closure))
#39 C:\\xampp\\htdocs\\insure_daily\\vendor\\laravel\\framework\\src\\Illuminate\\Pipeline\\Pipeline.php(167): Illuminate\\Foundation\\Http\\Middleware\\ConvertEmptyStringsToNull->handle(Object(Illuminate\\Http\\Request), Object(Closure))
#40 C:\\xampp\\htdocs\\insure_daily\\vendor\\laravel\\framework\\src\\Illuminate\\Foundation\\Http\\Middleware\\TransformsRequest.php(21): Illuminate\\Pipeline\\Pipeline->Illuminate\\Pipeline\\{closure}(Object(Illuminate\\Http\\Request))
#41 C:\\xampp\\htdocs\\insure_daily\\vendor\\laravel\\framework\\src\\Illuminate\\Foundation\\Http\\Middleware\\TrimStrings.php(40): Illuminate\\Foundation\\Http\\Middleware\\TransformsRequest->handle(Object(Illuminate\\Http\\Request), Object(Closure))
#42 C:\\xampp\\htdocs\\insure_daily\\vendor\\laravel\\framework\\src\\Illuminate\\Pipeline\\Pipeline.php(167): Illuminate\\Foundation\\Http\\Middleware\\TrimStrings->handle(Object(Illuminate\\Http\\Request), Object(Closure))
#43 C:\\xampp\\htdocs\\insure_daily\\vendor\\laravel\\framework\\src\\Illuminate\\Foundation\\Http\\Middleware\\ValidatePostSize.php(27): Illuminate\\Pipeline\\Pipeline->Illuminate\\Pipeline\\{closure}(Object(Illuminate\\Http\\Request))
#44 C:\\xampp\\htdocs\\insure_daily\\vendor\\laravel\\framework\\src\\Illuminate\\Pipeline\\Pipeline.php(167): Illuminate\\Foundation\\Http\\Middleware\\ValidatePostSize->handle(Object(Illuminate\\Http\\Request), Object(Closure))
#45 C:\\xampp\\htdocs\\insure_daily\\vendor\\laravel\\framework\\src\\Illuminate\\Foundation\\Http\\Middleware\\PreventRequestsDuringMaintenance.php(86): Illuminate\\Pipeline\\Pipeline->Illuminate\\Pipeline\\{closure}(Object(Illuminate\\Http\\Request))
#46 C:\\xampp\\htdocs\\insure_daily\\vendor\\laravel\\framework\\src\\Illuminate\\Pipeline\\Pipeline.php(167): Illuminate\\Foundation\\Http\\Middleware\\PreventRequestsDuringMaintenance->handle(Object(Illuminate\\Http\\Request), Object(Closure))
#47 C:\\xampp\\htdocs\\insure_daily\\vendor\\fruitcake\\laravel-cors\\src\\HandleCors.php(38): Illuminate\\Pipeline\\Pipeline->Illuminate\\Pipeline\\{closure}(Object(Illuminate\\Http\\Request))
#48 C:\\xampp\\htdocs\\insure_daily\\vendor\\laravel\\framework\\src\\Illuminate\\Pipeline\\Pipeline.php(167): Fruitcake\\Cors\\HandleCors->handle(Object(Illuminate\\Http\\Request), Object(Closure))
#49 C:\\xampp\\htdocs\\insure_daily\\vendor\\laravel\\framework\\src\\Illuminate\\Http\\Middleware\\TrustProxies.php(39): Illuminate\\Pipeline\\Pipeline->Illuminate\\Pipeline\\{closure}(Object(Illuminate\\Http\\Request))
#50 C:\\xampp\\htdocs\\insure_daily\\vendor\\laravel\\framework\\src\\Illuminate\\Pipeline\\Pipeline.php(167): Illuminate\\Http\\Middleware\\TrustProxies->handle(Object(Illuminate\\Http\\Request), Object(Closure))
#51 C:\\xampp\\htdocs\\insure_daily\\vendor\\laravel\\framework\\src\\Illuminate\\Pipeline\\Pipeline.php(103): Illuminate\\Pipeline\\Pipeline->Illuminate\\Pipeline\\{closure}(Object(Illuminate\\Http\\Request))
#52 C:\\xampp\\htdocs\\insure_daily\\vendor\\laravel\\framework\\src\\Illuminate\\Foundation\\Http\\Kernel.php(142): Illuminate\\Pipeline\\Pipeline->then(Object(Closure))
#53 C:\\xampp\\htdocs\\insure_daily\\vendor\\laravel\\framework\\src\\Illuminate\\Foundation\\Http\\Kernel.php(111): Illuminate\\Foundation\\Http\\Kernel->sendRequestThroughRouter(Object(Illuminate\\Http\\Request))
#54 C:\\xampp\\htdocs\\insure_daily\\public\\index.php(51): Illuminate\\Foundation\\Http\\Kernel->handle(Object(Illuminate\\Http\\Request))
#55 C:\\xampp\\htdocs\\insure_daily\\index.php(21): require_once('C:\\\\xampp\\\\htdocs...')
#56 {main}
"} 
[2025-02-28 12:44:10] local.ERROR: Route [maketing] not defined. (View: C:\xampp\htdocs\insure_daily\resources\views\user\common\side_menu.blade.php) {"view":{"view":"C:\\xampp\\htdocs\\insure_daily\\vendor\\laravel\\framework\\src\\Illuminate\\Routing\\UrlGenerator.php","data":[]},"userId":10,"exception":"[object] (Facade\\Ignition\\Exceptions\\ViewException(code: 0): Route [maketing] not defined. (View: C:\\xampp\\htdocs\\insure_daily\\resources\\views\\user\\common\\side_menu.blade.php) at C:\\xampp\\htdocs\\insure_daily\\vendor\\laravel\\framework\\src\\Illuminate\\Routing\\UrlGenerator.php:444)
[stacktrace]
#0 C:\\xampp\\htdocs\\insure_daily\\vendor\\laravel\\framework\\src\\Illuminate\\Foundation\\helpers.php(739): Illuminate\\Routing\\UrlGenerator->route('maketing', Array, true)
#1 C:\\xampp\\htdocs\\insure_daily\\resources\\views/user/common/side_menu.blade.php(43): route('maketing')
#2 C:\\xampp\\htdocs\\insure_daily\\vendor\\laravel\\framework\\src\\Illuminate\\Filesystem\\Filesystem.php(107): require('C:\\\\xampp\\\\htdocs...')
#3 C:\\xampp\\htdocs\\insure_daily\\vendor\\laravel\\framework\\src\\Illuminate\\Filesystem\\Filesystem.php(108): Illuminate\\Filesystem\\Filesystem::Illuminate\\Filesystem\\{closure}()
#4 C:\\xampp\\htdocs\\insure_daily\\vendor\\laravel\\framework\\src\\Illuminate\\View\\Engines\\PhpEngine.php(58): Illuminate\\Filesystem\\Filesystem->getRequire('C:\\\\xampp\\\\htdocs...', Array)
#5 C:\\xampp\\htdocs\\insure_daily\\vendor\\laravel\\framework\\src\\Illuminate\\View\\Engines\\CompilerEngine.php(61): Illuminate\\View\\Engines\\PhpEngine->evaluatePath('C:\\\\xampp\\\\htdocs...', Array)
#6 C:\\xampp\\htdocs\\insure_daily\\vendor\\facade\\ignition\\src\\Views\\Engines\\CompilerEngine.php(37): Illuminate\\View\\Engines\\CompilerEngine->get('C:\\\\xampp\\\\htdocs...', Array)
#7 C:\\xampp\\htdocs\\insure_daily\\vendor\\laravel\\framework\\src\\Illuminate\\View\\View.php(139): Facade\\Ignition\\Views\\Engines\\CompilerEngine->get('C:\\\\xampp\\\\htdocs...', Array)
#8 C:\\xampp\\htdocs\\insure_daily\\vendor\\laravel\\framework\\src\\Illuminate\\View\\View.php(122): Illuminate\\View\\View->getContents()
#9 C:\\xampp\\htdocs\\insure_daily\\vendor\\laravel\\framework\\src\\Illuminate\\View\\View.php(91): Illuminate\\View\\View->renderContents()
#10 C:\\xampp\\htdocs\\insure_daily\\resources\\views/user/layout/app.blade.php(88): Illuminate\\View\\View->render()
#11 C:\\xampp\\htdocs\\insure_daily\\vendor\\laravel\\framework\\src\\Illuminate\\Filesystem\\Filesystem.php(107): require('C:\\\\xampp\\\\htdocs...')
#12 C:\\xampp\\htdocs\\insure_daily\\vendor\\laravel\\framework\\src\\Illuminate\\Filesystem\\Filesystem.php(108): Illuminate\\Filesystem\\Filesystem::Illuminate\\Filesystem\\{closure}()
#13 C:\\xampp\\htdocs\\insure_daily\\vendor\\laravel\\framework\\src\\Illuminate\\View\\Engines\\PhpEngine.php(58): Illuminate\\Filesystem\\Filesystem->getRequire('C:\\\\xampp\\\\htdocs...', Array)
#14 C:\\xampp\\htdocs\\insure_daily\\vendor\\laravel\\framework\\src\\Illuminate\\View\\Engines\\CompilerEngine.php(61): Illuminate\\View\\Engines\\PhpEngine->evaluatePath('C:\\\\xampp\\\\htdocs...', Array)
#15 C:\\xampp\\htdocs\\insure_daily\\vendor\\facade\\ignition\\src\\Views\\Engines\\CompilerEngine.php(37): Illuminate\\View\\Engines\\CompilerEngine->get('C:\\\\xampp\\\\htdocs...', Array)
#16 C:\\xampp\\htdocs\\insure_daily\\vendor\\laravel\\framework\\src\\Illuminate\\View\\View.php(139): Facade\\Ignition\\Views\\Engines\\CompilerEngine->get('C:\\\\xampp\\\\htdocs...', Array)
#17 C:\\xampp\\htdocs\\insure_daily\\vendor\\laravel\\framework\\src\\Illuminate\\View\\View.php(122): Illuminate\\View\\View->getContents()
#18 C:\\xampp\\htdocs\\insure_daily\\vendor\\laravel\\framework\\src\\Illuminate\\View\\View.php(91): Illuminate\\View\\View->renderContents()
#19 C:\\xampp\\htdocs\\insure_daily\\resources\\views/user/maketing.blade.php(66): Illuminate\\View\\View->render()
#20 C:\\xampp\\htdocs\\insure_daily\\vendor\\laravel\\framework\\src\\Illuminate\\Filesystem\\Filesystem.php(107): require('C:\\\\xampp\\\\htdocs...')
#21 C:\\xampp\\htdocs\\insure_daily\\vendor\\laravel\\framework\\src\\Illuminate\\Filesystem\\Filesystem.php(108): Illuminate\\Filesystem\\Filesystem::Illuminate\\Filesystem\\{closure}()
#22 C:\\xampp\\htdocs\\insure_daily\\vendor\\laravel\\framework\\src\\Illuminate\\View\\Engines\\PhpEngine.php(58): Illuminate\\Filesystem\\Filesystem->getRequire('C:\\\\xampp\\\\htdocs...', Array)
#23 C:\\xampp\\htdocs\\insure_daily\\vendor\\laravel\\framework\\src\\Illuminate\\View\\Engines\\CompilerEngine.php(61): Illuminate\\View\\Engines\\PhpEngine->evaluatePath('C:\\\\xampp\\\\htdocs...', Array)
#24 C:\\xampp\\htdocs\\insure_daily\\vendor\\facade\\ignition\\src\\Views\\Engines\\CompilerEngine.php(37): Illuminate\\View\\Engines\\CompilerEngine->get('C:\\\\xampp\\\\htdocs...', Array)
#25 C:\\xampp\\htdocs\\insure_daily\\vendor\\laravel\\framework\\src\\Illuminate\\View\\View.php(139): Facade\\Ignition\\Views\\Engines\\CompilerEngine->get('C:\\\\xampp\\\\htdocs...', Array)
#26 C:\\xampp\\htdocs\\insure_daily\\vendor\\laravel\\framework\\src\\Illuminate\\View\\View.php(122): Illuminate\\View\\View->getContents()
#27 C:\\xampp\\htdocs\\insure_daily\\vendor\\laravel\\framework\\src\\Illuminate\\View\\View.php(91): Illuminate\\View\\View->renderContents()
#28 C:\\xampp\\htdocs\\insure_daily\\vendor\\laravel\\framework\\src\\Illuminate\\Http\\Response.php(69): Illuminate\\View\\View->render()
#29 C:\\xampp\\htdocs\\insure_daily\\vendor\\laravel\\framework\\src\\Illuminate\\Http\\Response.php(35): Illuminate\\Http\\Response->setContent(Object(Illuminate\\View\\View))
#30 C:\\xampp\\htdocs\\insure_daily\\vendor\\laravel\\framework\\src\\Illuminate\\Routing\\Router.php(820): Illuminate\\Http\\Response->__construct(Object(Illuminate\\View\\View), 200, Array)
#31 C:\\xampp\\htdocs\\insure_daily\\vendor\\laravel\\framework\\src\\Illuminate\\Routing\\Router.php(789): Illuminate\\Routing\\Router::toResponse(Object(Illuminate\\Http\\Request), Object(Illuminate\\View\\View))
#32 C:\\xampp\\htdocs\\insure_daily\\vendor\\laravel\\framework\\src\\Illuminate\\Routing\\Router.php(720): Illuminate\\Routing\\Router->prepareResponse(Object(Illuminate\\Http\\Request), Object(Illuminate\\View\\View))
#33 C:\\xampp\\htdocs\\insure_daily\\vendor\\laravel\\framework\\src\\Illuminate\\Pipeline\\Pipeline.php(128): Illuminate\\Routing\\Router->Illuminate\\Routing\\{closure}(Object(Illuminate\\Http\\Request))
#34 C:\\xampp\\htdocs\\insure_daily\\app\\Http\\Middleware\\User.php(22): Illuminate\\Pipeline\\Pipeline->Illuminate\\Pipeline\\{closure}(Object(Illuminate\\Http\\Request))
#35 C:\\xampp\\htdocs\\insure_daily\\vendor\\laravel\\framework\\src\\Illuminate\\Pipeline\\Pipeline.php(167): App\\Http\\Middleware\\User->handle(Object(Illuminate\\Http\\Request), Object(Closure))
#36 C:\\xampp\\htdocs\\insure_daily\\vendor\\laravel\\framework\\src\\Illuminate\\Routing\\Middleware\\SubstituteBindings.php(50): Illuminate\\Pipeline\\Pipeline->Illuminate\\Pipeline\\{closure}(Object(Illuminate\\Http\\Request))
#37 C:\\xampp\\htdocs\\insure_daily\\vendor\\laravel\\framework\\src\\Illuminate\\Pipeline\\Pipeline.php(167): Illuminate\\Routing\\Middleware\\SubstituteBindings->handle(Object(Illuminate\\Http\\Request), Object(Closure))
#38 C:\\xampp\\htdocs\\insure_daily\\vendor\\laravel\\framework\\src\\Illuminate\\Foundation\\Http\\Middleware\\VerifyCsrfToken.php(78): Illuminate\\Pipeline\\Pipeline->Illuminate\\Pipeline\\{closure}(Object(Illuminate\\Http\\Request))
#39 C:\\xampp\\htdocs\\insure_daily\\vendor\\laravel\\framework\\src\\Illuminate\\Pipeline\\Pipeline.php(167): Illuminate\\Foundation\\Http\\Middleware\\VerifyCsrfToken->handle(Object(Illuminate\\Http\\Request), Object(Closure))
#40 C:\\xampp\\htdocs\\insure_daily\\vendor\\laravel\\framework\\src\\Illuminate\\View\\Middleware\\ShareErrorsFromSession.php(49): Illuminate\\Pipeline\\Pipeline->Illuminate\\Pipeline\\{closure}(Object(Illuminate\\Http\\Request))
#41 C:\\xampp\\htdocs\\insure_daily\\vendor\\laravel\\framework\\src\\Illuminate\\Pipeline\\Pipeline.php(167): Illuminate\\View\\Middleware\\ShareErrorsFromSession->handle(Object(Illuminate\\Http\\Request), Object(Closure))
#42 C:\\xampp\\htdocs\\insure_daily\\vendor\\laravel\\framework\\src\\Illuminate\\Session\\Middleware\\StartSession.php(121): Illuminate\\Pipeline\\Pipeline->Illuminate\\Pipeline\\{closure}(Object(Illuminate\\Http\\Request))
#43 C:\\xampp\\htdocs\\insure_daily\\vendor\\laravel\\framework\\src\\Illuminate\\Session\\Middleware\\StartSession.php(64): Illuminate\\Session\\Middleware\\StartSession->handleStatefulRequest(Object(Illuminate\\Http\\Request), Object(Illuminate\\Session\\Store), Object(Closure))
#44 C:\\xampp\\htdocs\\insure_daily\\vendor\\laravel\\framework\\src\\Illuminate\\Pipeline\\Pipeline.php(167): Illuminate\\Session\\Middleware\\StartSession->handle(Object(Illuminate\\Http\\Request), Object(Closure))
#45 C:\\xampp\\htdocs\\insure_daily\\vendor\\laravel\\framework\\src\\Illuminate\\Cookie\\Middleware\\AddQueuedCookiesToResponse.php(37): Illuminate\\Pipeline\\Pipeline->Illuminate\\Pipeline\\{closure}(Object(Illuminate\\Http\\Request))
#46 C:\\xampp\\htdocs\\insure_daily\\vendor\\laravel\\framework\\src\\Illuminate\\Pipeline\\Pipeline.php(167): Illuminate\\Cookie\\Middleware\\AddQueuedCookiesToResponse->handle(Object(Illuminate\\Http\\Request), Object(Closure))
#47 C:\\xampp\\htdocs\\insure_daily\\vendor\\laravel\\framework\\src\\Illuminate\\Cookie\\Middleware\\EncryptCookies.php(67): Illuminate\\Pipeline\\Pipeline->Illuminate\\Pipeline\\{closure}(Object(Illuminate\\Http\\Request))
#48 C:\\xampp\\htdocs\\insure_daily\\vendor\\laravel\\framework\\src\\Illuminate\\Pipeline\\Pipeline.php(167): Illuminate\\Cookie\\Middleware\\EncryptCookies->handle(Object(Illuminate\\Http\\Request), Object(Closure))
#49 C:\\xampp\\htdocs\\insure_daily\\vendor\\laravel\\framework\\src\\Illuminate\\Pipeline\\Pipeline.php(103): Illuminate\\Pipeline\\Pipeline->Illuminate\\Pipeline\\{closure}(Object(Illuminate\\Http\\Request))
#50 C:\\xampp\\htdocs\\insure_daily\\vendor\\laravel\\framework\\src\\Illuminate\\Routing\\Router.php(719): Illuminate\\Pipeline\\Pipeline->then(Object(Closure))
#51 C:\\xampp\\htdocs\\insure_daily\\vendor\\laravel\\framework\\src\\Illuminate\\Routing\\Router.php(698): Illuminate\\Routing\\Router->runRouteWithinStack(Object(Illuminate\\Routing\\Route), Object(Illuminate\\Http\\Request))
#52 C:\\xampp\\htdocs\\insure_daily\\vendor\\laravel\\framework\\src\\Illuminate\\Routing\\Router.php(662): Illuminate\\Routing\\Router->runRoute(Object(Illuminate\\Http\\Request), Object(Illuminate\\Routing\\Route))
#53 C:\\xampp\\htdocs\\insure_daily\\vendor\\laravel\\framework\\src\\Illuminate\\Routing\\Router.php(651): Illuminate\\Routing\\Router->dispatchToRoute(Object(Illuminate\\Http\\Request))
#54 C:\\xampp\\htdocs\\insure_daily\\vendor\\laravel\\framework\\src\\Illuminate\\Foundation\\Http\\Kernel.php(167): Illuminate\\Routing\\Router->dispatch(Object(Illuminate\\Http\\Request))
#55 C:\\xampp\\htdocs\\insure_daily\\vendor\\laravel\\framework\\src\\Illuminate\\Pipeline\\Pipeline.php(128): Illuminate\\Foundation\\Http\\Kernel->Illuminate\\Foundation\\Http\\{closure}(Object(Illuminate\\Http\\Request))
#56 C:\\xampp\\htdocs\\insure_daily\\vendor\\laravel\\framework\\src\\Illuminate\\Foundation\\Http\\Middleware\\TransformsRequest.php(21): Illuminate\\Pipeline\\Pipeline->Illuminate\\Pipeline\\{closure}(Object(Illuminate\\Http\\Request))
#57 C:\\xampp\\htdocs\\insure_daily\\vendor\\laravel\\framework\\src\\Illuminate\\Foundation\\Http\\Middleware\\ConvertEmptyStringsToNull.php(31): Illuminate\\Foundation\\Http\\Middleware\\TransformsRequest->handle(Object(Illuminate\\Http\\Request), Object(Closure))
#58 C:\\xampp\\htdocs\\insure_daily\\vendor\\laravel\\framework\\src\\Illuminate\\Pipeline\\Pipeline.php(167): Illuminate\\Foundation\\Http\\Middleware\\ConvertEmptyStringsToNull->handle(Object(Illuminate\\Http\\Request), Object(Closure))
#59 C:\\xampp\\htdocs\\insure_daily\\vendor\\laravel\\framework\\src\\Illuminate\\Foundation\\Http\\Middleware\\TransformsRequest.php(21): Illuminate\\Pipeline\\Pipeline->Illuminate\\Pipeline\\{closure}(Object(Illuminate\\Http\\Request))
#60 C:\\xampp\\htdocs\\insure_daily\\vendor\\laravel\\framework\\src\\Illuminate\\Foundation\\Http\\Middleware\\TrimStrings.php(40): Illuminate\\Foundation\\Http\\Middleware\\TransformsRequest->handle(Object(Illuminate\\Http\\Request), Object(Closure))
#61 C:\\xampp\\htdocs\\insure_daily\\vendor\\laravel\\framework\\src\\Illuminate\\Pipeline\\Pipeline.php(167): Illuminate\\Foundation\\Http\\Middleware\\TrimStrings->handle(Object(Illuminate\\Http\\Request), Object(Closure))
#62 C:\\xampp\\htdocs\\insure_daily\\vendor\\laravel\\framework\\src\\Illuminate\\Foundation\\Http\\Middleware\\ValidatePostSize.php(27): Illuminate\\Pipeline\\Pipeline->Illuminate\\Pipeline\\{closure}(Object(Illuminate\\Http\\Request))
#63 C:\\xampp\\htdocs\\insure_daily\\vendor\\laravel\\framework\\src\\Illuminate\\Pipeline\\Pipeline.php(167): Illuminate\\Foundation\\Http\\Middleware\\ValidatePostSize->handle(Object(Illuminate\\Http\\Request), Object(Closure))
#64 C:\\xampp\\htdocs\\insure_daily\\vendor\\laravel\\framework\\src\\Illuminate\\Foundation\\Http\\Middleware\\PreventRequestsDuringMaintenance.php(86): Illuminate\\Pipeline\\Pipeline->Illuminate\\Pipeline\\{closure}(Object(Illuminate\\Http\\Request))
#65 C:\\xampp\\htdocs\\insure_daily\\vendor\\laravel\\framework\\src\\Illuminate\\Pipeline\\Pipeline.php(167): Illuminate\\Foundation\\Http\\Middleware\\PreventRequestsDuringMaintenance->handle(Object(Illuminate\\Http\\Request), Object(Closure))
#66 C:\\xampp\\htdocs\\insure_daily\\vendor\\fruitcake\\laravel-cors\\src\\HandleCors.php(38): Illuminate\\Pipeline\\Pipeline->Illuminate\\Pipeline\\{closure}(Object(Illuminate\\Http\\Request))
#67 C:\\xampp\\htdocs\\insure_daily\\vendor\\laravel\\framework\\src\\Illuminate\\Pipeline\\Pipeline.php(167): Fruitcake\\Cors\\HandleCors->handle(Object(Illuminate\\Http\\Request), Object(Closure))
#68 C:\\xampp\\htdocs\\insure_daily\\vendor\\laravel\\framework\\src\\Illuminate\\Http\\Middleware\\TrustProxies.php(39): Illuminate\\Pipeline\\Pipeline->Illuminate\\Pipeline\\{closure}(Object(Illuminate\\Http\\Request))
#69 C:\\xampp\\htdocs\\insure_daily\\vendor\\laravel\\framework\\src\\Illuminate\\Pipeline\\Pipeline.php(167): Illuminate\\Http\\Middleware\\TrustProxies->handle(Object(Illuminate\\Http\\Request), Object(Closure))
#70 C:\\xampp\\htdocs\\insure_daily\\vendor\\laravel\\framework\\src\\Illuminate\\Pipeline\\Pipeline.php(103): Illuminate\\Pipeline\\Pipeline->Illuminate\\Pipeline\\{closure}(Object(Illuminate\\Http\\Request))
#71 C:\\xampp\\htdocs\\insure_daily\\vendor\\laravel\\framework\\src\\Illuminate\\Foundation\\Http\\Kernel.php(142): Illuminate\\Pipeline\\Pipeline->then(Object(Closure))
#72 C:\\xampp\\htdocs\\insure_daily\\vendor\\laravel\\framework\\src\\Illuminate\\Foundation\\Http\\Kernel.php(111): Illuminate\\Foundation\\Http\\Kernel->sendRequestThroughRouter(Object(Illuminate\\Http\\Request))
#73 C:\\xampp\\htdocs\\insure_daily\\public\\index.php(51): Illuminate\\Foundation\\Http\\Kernel->handle(Object(Illuminate\\Http\\Request))
#74 C:\\xampp\\htdocs\\insure_daily\\index.php(21): require_once('C:\\\\xampp\\\\htdocs...')
#75 {main}

[previous exception] [object] (Symfony\\Component\\Routing\\Exception\\RouteNotFoundException(code: 0): Route [maketing] not defined. at C:\\xampp\\htdocs\\insure_daily\\vendor\\laravel\\framework\\src\\Illuminate\\Routing\\UrlGenerator.php:444)
[stacktrace]
#0 C:\\xampp\\htdocs\\insure_daily\\vendor\\laravel\\framework\\src\\Illuminate\\Foundation\\helpers.php(739): Illuminate\\Routing\\UrlGenerator->route('maketing', Array, true)
#1 C:\\xampp\\htdocs\\insure_daily\\storage\\framework\\views\\7b54d0875f100b5b4fed2502430ca59bfd595946.php(23): route('maketing')
#2 C:\\xampp\\htdocs\\insure_daily\\vendor\\laravel\\framework\\src\\Illuminate\\Filesystem\\Filesystem.php(107): require('C:\\\\xampp\\\\htdocs...')
#3 C:\\xampp\\htdocs\\insure_daily\\vendor\\laravel\\framework\\src\\Illuminate\\Filesystem\\Filesystem.php(108): Illuminate\\Filesystem\\Filesystem::Illuminate\\Filesystem\\{closure}()
#4 C:\\xampp\\htdocs\\insure_daily\\vendor\\laravel\\framework\\src\\Illuminate\\View\\Engines\\PhpEngine.php(58): Illuminate\\Filesystem\\Filesystem->getRequire('C:\\\\xampp\\\\htdocs...', Array)
#5 C:\\xampp\\htdocs\\insure_daily\\vendor\\laravel\\framework\\src\\Illuminate\\View\\Engines\\CompilerEngine.php(61): Illuminate\\View\\Engines\\PhpEngine->evaluatePath('C:\\\\xampp\\\\htdocs...', Array)
#6 C:\\xampp\\htdocs\\insure_daily\\vendor\\facade\\ignition\\src\\Views\\Engines\\CompilerEngine.php(37): Illuminate\\View\\Engines\\CompilerEngine->get('C:\\\\xampp\\\\htdocs...', Array)
#7 C:\\xampp\\htdocs\\insure_daily\\vendor\\laravel\\framework\\src\\Illuminate\\View\\View.php(139): Facade\\Ignition\\Views\\Engines\\CompilerEngine->get('C:\\\\xampp\\\\htdocs...', Array)
#8 C:\\xampp\\htdocs\\insure_daily\\vendor\\laravel\\framework\\src\\Illuminate\\View\\View.php(122): Illuminate\\View\\View->getContents()
#9 C:\\xampp\\htdocs\\insure_daily\\vendor\\laravel\\framework\\src\\Illuminate\\View\\View.php(91): Illuminate\\View\\View->renderContents()
#10 C:\\xampp\\htdocs\\insure_daily\\storage\\framework\\views\\d348b9e539d24ab0ca18af158465759fd3671292.php(88): Illuminate\\View\\View->render()
#11 C:\\xampp\\htdocs\\insure_daily\\vendor\\laravel\\framework\\src\\Illuminate\\Filesystem\\Filesystem.php(107): require('C:\\\\xampp\\\\htdocs...')
#12 C:\\xampp\\htdocs\\insure_daily\\vendor\\laravel\\framework\\src\\Illuminate\\Filesystem\\Filesystem.php(108): Illuminate\\Filesystem\\Filesystem::Illuminate\\Filesystem\\{closure}()
#13 C:\\xampp\\htdocs\\insure_daily\\vendor\\laravel\\framework\\src\\Illuminate\\View\\Engines\\PhpEngine.php(58): Illuminate\\Filesystem\\Filesystem->getRequire('C:\\\\xampp\\\\htdocs...', Array)
#14 C:\\xampp\\htdocs\\insure_daily\\vendor\\laravel\\framework\\src\\Illuminate\\View\\Engines\\CompilerEngine.php(61): Illuminate\\View\\Engines\\PhpEngine->evaluatePath('C:\\\\xampp\\\\htdocs...', Array)
#15 C:\\xampp\\htdocs\\insure_daily\\vendor\\facade\\ignition\\src\\Views\\Engines\\CompilerEngine.php(37): Illuminate\\View\\Engines\\CompilerEngine->get('C:\\\\xampp\\\\htdocs...', Array)
#16 C:\\xampp\\htdocs\\insure_daily\\vendor\\laravel\\framework\\src\\Illuminate\\View\\View.php(139): Facade\\Ignition\\Views\\Engines\\CompilerEngine->get('C:\\\\xampp\\\\htdocs...', Array)
#17 C:\\xampp\\htdocs\\insure_daily\\vendor\\laravel\\framework\\src\\Illuminate\\View\\View.php(122): Illuminate\\View\\View->getContents()
#18 C:\\xampp\\htdocs\\insure_daily\\vendor\\laravel\\framework\\src\\Illuminate\\View\\View.php(91): Illuminate\\View\\View->renderContents()
#19 C:\\xampp\\htdocs\\insure_daily\\storage\\framework\\views\\f43e49d11c1d922752c799e61f50ebdc003ee8f0.php(66): Illuminate\\View\\View->render()
#20 C:\\xampp\\htdocs\\insure_daily\\vendor\\laravel\\framework\\src\\Illuminate\\Filesystem\\Filesystem.php(107): require('C:\\\\xampp\\\\htdocs...')
#21 C:\\xampp\\htdocs\\insure_daily\\vendor\\laravel\\framework\\src\\Illuminate\\Filesystem\\Filesystem.php(108): Illuminate\\Filesystem\\Filesystem::Illuminate\\Filesystem\\{closure}()
#22 C:\\xampp\\htdocs\\insure_daily\\vendor\\laravel\\framework\\src\\Illuminate\\View\\Engines\\PhpEngine.php(58): Illuminate\\Filesystem\\Filesystem->getRequire('C:\\\\xampp\\\\htdocs...', Array)
#23 C:\\xampp\\htdocs\\insure_daily\\vendor\\laravel\\framework\\src\\Illuminate\\View\\Engines\\CompilerEngine.php(61): Illuminate\\View\\Engines\\PhpEngine->evaluatePath('C:\\\\xampp\\\\htdocs...', Array)
#24 C:\\xampp\\htdocs\\insure_daily\\vendor\\facade\\ignition\\src\\Views\\Engines\\CompilerEngine.php(37): Illuminate\\View\\Engines\\CompilerEngine->get('C:\\\\xampp\\\\htdocs...', Array)
#25 C:\\xampp\\htdocs\\insure_daily\\vendor\\laravel\\framework\\src\\Illuminate\\View\\View.php(139): Facade\\Ignition\\Views\\Engines\\CompilerEngine->get('C:\\\\xampp\\\\htdocs...', Array)
#26 C:\\xampp\\htdocs\\insure_daily\\vendor\\laravel\\framework\\src\\Illuminate\\View\\View.php(122): Illuminate\\View\\View->getContents()
#27 C:\\xampp\\htdocs\\insure_daily\\vendor\\laravel\\framework\\src\\Illuminate\\View\\View.php(91): Illuminate\\View\\View->renderContents()
#28 C:\\xampp\\htdocs\\insure_daily\\vendor\\laravel\\framework\\src\\Illuminate\\Http\\Response.php(69): Illuminate\\View\\View->render()
#29 C:\\xampp\\htdocs\\insure_daily\\vendor\\laravel\\framework\\src\\Illuminate\\Http\\Response.php(35): Illuminate\\Http\\Response->setContent(Object(Illuminate\\View\\View))
#30 C:\\xampp\\htdocs\\insure_daily\\vendor\\laravel\\framework\\src\\Illuminate\\Routing\\Router.php(820): Illuminate\\Http\\Response->__construct(Object(Illuminate\\View\\View), 200, Array)
#31 C:\\xampp\\htdocs\\insure_daily\\vendor\\laravel\\framework\\src\\Illuminate\\Routing\\Router.php(789): Illuminate\\Routing\\Router::toResponse(Object(Illuminate\\Http\\Request), Object(Illuminate\\View\\View))
#32 C:\\xampp\\htdocs\\insure_daily\\vendor\\laravel\\framework\\src\\Illuminate\\Routing\\Router.php(720): Illuminate\\Routing\\Router->prepareResponse(Object(Illuminate\\Http\\Request), Object(Illuminate\\View\\View))
#33 C:\\xampp\\htdocs\\insure_daily\\vendor\\laravel\\framework\\src\\Illuminate\\Pipeline\\Pipeline.php(128): Illuminate\\Routing\\Router->Illuminate\\Routing\\{closure}(Object(Illuminate\\Http\\Request))
#34 C:\\xampp\\htdocs\\insure_daily\\app\\Http\\Middleware\\User.php(22): Illuminate\\Pipeline\\Pipeline->Illuminate\\Pipeline\\{closure}(Object(Illuminate\\Http\\Request))
#35 C:\\xampp\\htdocs\\insure_daily\\vendor\\laravel\\framework\\src\\Illuminate\\Pipeline\\Pipeline.php(167): App\\Http\\Middleware\\User->handle(Object(Illuminate\\Http\\Request), Object(Closure))
#36 C:\\xampp\\htdocs\\insure_daily\\vendor\\laravel\\framework\\src\\Illuminate\\Routing\\Middleware\\SubstituteBindings.php(50): Illuminate\\Pipeline\\Pipeline->Illuminate\\Pipeline\\{closure}(Object(Illuminate\\Http\\Request))
#37 C:\\xampp\\htdocs\\insure_daily\\vendor\\laravel\\framework\\src\\Illuminate\\Pipeline\\Pipeline.php(167): Illuminate\\Routing\\Middleware\\SubstituteBindings->handle(Object(Illuminate\\Http\\Request), Object(Closure))
#38 C:\\xampp\\htdocs\\insure_daily\\vendor\\laravel\\framework\\src\\Illuminate\\Foundation\\Http\\Middleware\\VerifyCsrfToken.php(78): Illuminate\\Pipeline\\Pipeline->Illuminate\\Pipeline\\{closure}(Object(Illuminate\\Http\\Request))
#39 C:\\xampp\\htdocs\\insure_daily\\vendor\\laravel\\framework\\src\\Illuminate\\Pipeline\\Pipeline.php(167): Illuminate\\Foundation\\Http\\Middleware\\VerifyCsrfToken->handle(Object(Illuminate\\Http\\Request), Object(Closure))
#40 C:\\xampp\\htdocs\\insure_daily\\vendor\\laravel\\framework\\src\\Illuminate\\View\\Middleware\\ShareErrorsFromSession.php(49): Illuminate\\Pipeline\\Pipeline->Illuminate\\Pipeline\\{closure}(Object(Illuminate\\Http\\Request))
#41 C:\\xampp\\htdocs\\insure_daily\\vendor\\laravel\\framework\\src\\Illuminate\\Pipeline\\Pipeline.php(167): Illuminate\\View\\Middleware\\ShareErrorsFromSession->handle(Object(Illuminate\\Http\\Request), Object(Closure))
#42 C:\\xampp\\htdocs\\insure_daily\\vendor\\laravel\\framework\\src\\Illuminate\\Session\\Middleware\\StartSession.php(121): Illuminate\\Pipeline\\Pipeline->Illuminate\\Pipeline\\{closure}(Object(Illuminate\\Http\\Request))
#43 C:\\xampp\\htdocs\\insure_daily\\vendor\\laravel\\framework\\src\\Illuminate\\Session\\Middleware\\StartSession.php(64): Illuminate\\Session\\Middleware\\StartSession->handleStatefulRequest(Object(Illuminate\\Http\\Request), Object(Illuminate\\Session\\Store), Object(Closure))
#44 C:\\xampp\\htdocs\\insure_daily\\vendor\\laravel\\framework\\src\\Illuminate\\Pipeline\\Pipeline.php(167): Illuminate\\Session\\Middleware\\StartSession->handle(Object(Illuminate\\Http\\Request), Object(Closure))
#45 C:\\xampp\\htdocs\\insure_daily\\vendor\\laravel\\framework\\src\\Illuminate\\Cookie\\Middleware\\AddQueuedCookiesToResponse.php(37): Illuminate\\Pipeline\\Pipeline->Illuminate\\Pipeline\\{closure}(Object(Illuminate\\Http\\Request))
#46 C:\\xampp\\htdocs\\insure_daily\\vendor\\laravel\\framework\\src\\Illuminate\\Pipeline\\Pipeline.php(167): Illuminate\\Cookie\\Middleware\\AddQueuedCookiesToResponse->handle(Object(Illuminate\\Http\\Request), Object(Closure))
#47 C:\\xampp\\htdocs\\insure_daily\\vendor\\laravel\\framework\\src\\Illuminate\\Cookie\\Middleware\\EncryptCookies.php(67): Illuminate\\Pipeline\\Pipeline->Illuminate\\Pipeline\\{closure}(Object(Illuminate\\Http\\Request))
#48 C:\\xampp\\htdocs\\insure_daily\\vendor\\laravel\\framework\\src\\Illuminate\\Pipeline\\Pipeline.php(167): Illuminate\\Cookie\\Middleware\\EncryptCookies->handle(Object(Illuminate\\Http\\Request), Object(Closure))
#49 C:\\xampp\\htdocs\\insure_daily\\vendor\\laravel\\framework\\src\\Illuminate\\Pipeline\\Pipeline.php(103): Illuminate\\Pipeline\\Pipeline->Illuminate\\Pipeline\\{closure}(Object(Illuminate\\Http\\Request))
#50 C:\\xampp\\htdocs\\insure_daily\\vendor\\laravel\\framework\\src\\Illuminate\\Routing\\Router.php(719): Illuminate\\Pipeline\\Pipeline->then(Object(Closure))
#51 C:\\xampp\\htdocs\\insure_daily\\vendor\\laravel\\framework\\src\\Illuminate\\Routing\\Router.php(698): Illuminate\\Routing\\Router->runRouteWithinStack(Object(Illuminate\\Routing\\Route), Object(Illuminate\\Http\\Request))
#52 C:\\xampp\\htdocs\\insure_daily\\vendor\\laravel\\framework\\src\\Illuminate\\Routing\\Router.php(662): Illuminate\\Routing\\Router->runRoute(Object(Illuminate\\Http\\Request), Object(Illuminate\\Routing\\Route))
#53 C:\\xampp\\htdocs\\insure_daily\\vendor\\laravel\\framework\\src\\Illuminate\\Routing\\Router.php(651): Illuminate\\Routing\\Router->dispatchToRoute(Object(Illuminate\\Http\\Request))
#54 C:\\xampp\\htdocs\\insure_daily\\vendor\\laravel\\framework\\src\\Illuminate\\Foundation\\Http\\Kernel.php(167): Illuminate\\Routing\\Router->dispatch(Object(Illuminate\\Http\\Request))
#55 C:\\xampp\\htdocs\\insure_daily\\vendor\\laravel\\framework\\src\\Illuminate\\Pipeline\\Pipeline.php(128): Illuminate\\Foundation\\Http\\Kernel->Illuminate\\Foundation\\Http\\{closure}(Object(Illuminate\\Http\\Request))
#56 C:\\xampp\\htdocs\\insure_daily\\vendor\\laravel\\framework\\src\\Illuminate\\Foundation\\Http\\Middleware\\TransformsRequest.php(21): Illuminate\\Pipeline\\Pipeline->Illuminate\\Pipeline\\{closure}(Object(Illuminate\\Http\\Request))
#57 C:\\xampp\\htdocs\\insure_daily\\vendor\\laravel\\framework\\src\\Illuminate\\Foundation\\Http\\Middleware\\ConvertEmptyStringsToNull.php(31): Illuminate\\Foundation\\Http\\Middleware\\TransformsRequest->handle(Object(Illuminate\\Http\\Request), Object(Closure))
#58 C:\\xampp\\htdocs\\insure_daily\\vendor\\laravel\\framework\\src\\Illuminate\\Pipeline\\Pipeline.php(167): Illuminate\\Foundation\\Http\\Middleware\\ConvertEmptyStringsToNull->handle(Object(Illuminate\\Http\\Request), Object(Closure))
#59 C:\\xampp\\htdocs\\insure_daily\\vendor\\laravel\\framework\\src\\Illuminate\\Foundation\\Http\\Middleware\\TransformsRequest.php(21): Illuminate\\Pipeline\\Pipeline->Illuminate\\Pipeline\\{closure}(Object(Illuminate\\Http\\Request))
#60 C:\\xampp\\htdocs\\insure_daily\\vendor\\laravel\\framework\\src\\Illuminate\\Foundation\\Http\\Middleware\\TrimStrings.php(40): Illuminate\\Foundation\\Http\\Middleware\\TransformsRequest->handle(Object(Illuminate\\Http\\Request), Object(Closure))
#61 C:\\xampp\\htdocs\\insure_daily\\vendor\\laravel\\framework\\src\\Illuminate\\Pipeline\\Pipeline.php(167): Illuminate\\Foundation\\Http\\Middleware\\TrimStrings->handle(Object(Illuminate\\Http\\Request), Object(Closure))
#62 C:\\xampp\\htdocs\\insure_daily\\vendor\\laravel\\framework\\src\\Illuminate\\Foundation\\Http\\Middleware\\ValidatePostSize.php(27): Illuminate\\Pipeline\\Pipeline->Illuminate\\Pipeline\\{closure}(Object(Illuminate\\Http\\Request))
#63 C:\\xampp\\htdocs\\insure_daily\\vendor\\laravel\\framework\\src\\Illuminate\\Pipeline\\Pipeline.php(167): Illuminate\\Foundation\\Http\\Middleware\\ValidatePostSize->handle(Object(Illuminate\\Http\\Request), Object(Closure))
#64 C:\\xampp\\htdocs\\insure_daily\\vendor\\laravel\\framework\\src\\Illuminate\\Foundation\\Http\\Middleware\\PreventRequestsDuringMaintenance.php(86): Illuminate\\Pipeline\\Pipeline->Illuminate\\Pipeline\\{closure}(Object(Illuminate\\Http\\Request))
#65 C:\\xampp\\htdocs\\insure_daily\\vendor\\laravel\\framework\\src\\Illuminate\\Pipeline\\Pipeline.php(167): Illuminate\\Foundation\\Http\\Middleware\\PreventRequestsDuringMaintenance->handle(Object(Illuminate\\Http\\Request), Object(Closure))
#66 C:\\xampp\\htdocs\\insure_daily\\vendor\\fruitcake\\laravel-cors\\src\\HandleCors.php(38): Illuminate\\Pipeline\\Pipeline->Illuminate\\Pipeline\\{closure}(Object(Illuminate\\Http\\Request))
#67 C:\\xampp\\htdocs\\insure_daily\\vendor\\laravel\\framework\\src\\Illuminate\\Pipeline\\Pipeline.php(167): Fruitcake\\Cors\\HandleCors->handle(Object(Illuminate\\Http\\Request), Object(Closure))
#68 C:\\xampp\\htdocs\\insure_daily\\vendor\\laravel\\framework\\src\\Illuminate\\Http\\Middleware\\TrustProxies.php(39): Illuminate\\Pipeline\\Pipeline->Illuminate\\Pipeline\\{closure}(Object(Illuminate\\Http\\Request))
#69 C:\\xampp\\htdocs\\insure_daily\\vendor\\laravel\\framework\\src\\Illuminate\\Pipeline\\Pipeline.php(167): Illuminate\\Http\\Middleware\\TrustProxies->handle(Object(Illuminate\\Http\\Request), Object(Closure))
#70 C:\\xampp\\htdocs\\insure_daily\\vendor\\laravel\\framework\\src\\Illuminate\\Pipeline\\Pipeline.php(103): Illuminate\\Pipeline\\Pipeline->Illuminate\\Pipeline\\{closure}(Object(Illuminate\\Http\\Request))
#71 C:\\xampp\\htdocs\\insure_daily\\vendor\\laravel\\framework\\src\\Illuminate\\Foundation\\Http\\Kernel.php(142): Illuminate\\Pipeline\\Pipeline->then(Object(Closure))
#72 C:\\xampp\\htdocs\\insure_daily\\vendor\\laravel\\framework\\src\\Illuminate\\Foundation\\Http\\Kernel.php(111): Illuminate\\Foundation\\Http\\Kernel->sendRequestThroughRouter(Object(Illuminate\\Http\\Request))
#73 C:\\xampp\\htdocs\\insure_daily\\public\\index.php(51): Illuminate\\Foundation\\Http\\Kernel->handle(Object(Illuminate\\Http\\Request))
#74 C:\\xampp\\htdocs\\insure_daily\\index.php(21): require_once('C:\\\\xampp\\\\htdocs...')
#75 {main}
"} 
[2025-02-28 12:47:14] local.ERROR: Route [marketing] not defined. (View: C:\xampp\htdocs\insure_daily\resources\views\user\common\side_menu.blade.php) {"view":{"view":"C:\\xampp\\htdocs\\insure_daily\\vendor\\laravel\\framework\\src\\Illuminate\\Routing\\UrlGenerator.php","data":[]},"userId":10,"exception":"[object] (Facade\\Ignition\\Exceptions\\ViewException(code: 0): Route [marketing] not defined. (View: C:\\xampp\\htdocs\\insure_daily\\resources\\views\\user\\common\\side_menu.blade.php) at C:\\xampp\\htdocs\\insure_daily\\vendor\\laravel\\framework\\src\\Illuminate\\Routing\\UrlGenerator.php:444)
[stacktrace]
#0 C:\\xampp\\htdocs\\insure_daily\\vendor\\laravel\\framework\\src\\Illuminate\\Foundation\\helpers.php(739): Illuminate\\Routing\\UrlGenerator->route('marketing', Array, true)
#1 C:\\xampp\\htdocs\\insure_daily\\resources\\views/user/common/side_menu.blade.php(43): route('marketing')
#2 C:\\xampp\\htdocs\\insure_daily\\vendor\\laravel\\framework\\src\\Illuminate\\Filesystem\\Filesystem.php(107): require('C:\\\\xampp\\\\htdocs...')
#3 C:\\xampp\\htdocs\\insure_daily\\vendor\\laravel\\framework\\src\\Illuminate\\Filesystem\\Filesystem.php(108): Illuminate\\Filesystem\\Filesystem::Illuminate\\Filesystem\\{closure}()
#4 C:\\xampp\\htdocs\\insure_daily\\vendor\\laravel\\framework\\src\\Illuminate\\View\\Engines\\PhpEngine.php(58): Illuminate\\Filesystem\\Filesystem->getRequire('C:\\\\xampp\\\\htdocs...', Array)
#5 C:\\xampp\\htdocs\\insure_daily\\vendor\\laravel\\framework\\src\\Illuminate\\View\\Engines\\CompilerEngine.php(61): Illuminate\\View\\Engines\\PhpEngine->evaluatePath('C:\\\\xampp\\\\htdocs...', Array)
#6 C:\\xampp\\htdocs\\insure_daily\\vendor\\facade\\ignition\\src\\Views\\Engines\\CompilerEngine.php(37): Illuminate\\View\\Engines\\CompilerEngine->get('C:\\\\xampp\\\\htdocs...', Array)
#7 C:\\xampp\\htdocs\\insure_daily\\vendor\\laravel\\framework\\src\\Illuminate\\View\\View.php(139): Facade\\Ignition\\Views\\Engines\\CompilerEngine->get('C:\\\\xampp\\\\htdocs...', Array)
#8 C:\\xampp\\htdocs\\insure_daily\\vendor\\laravel\\framework\\src\\Illuminate\\View\\View.php(122): Illuminate\\View\\View->getContents()
#9 C:\\xampp\\htdocs\\insure_daily\\vendor\\laravel\\framework\\src\\Illuminate\\View\\View.php(91): Illuminate\\View\\View->renderContents()
#10 C:\\xampp\\htdocs\\insure_daily\\resources\\views/user/layout/app.blade.php(88): Illuminate\\View\\View->render()
#11 C:\\xampp\\htdocs\\insure_daily\\vendor\\laravel\\framework\\src\\Illuminate\\Filesystem\\Filesystem.php(107): require('C:\\\\xampp\\\\htdocs...')
#12 C:\\xampp\\htdocs\\insure_daily\\vendor\\laravel\\framework\\src\\Illuminate\\Filesystem\\Filesystem.php(108): Illuminate\\Filesystem\\Filesystem::Illuminate\\Filesystem\\{closure}()
#13 C:\\xampp\\htdocs\\insure_daily\\vendor\\laravel\\framework\\src\\Illuminate\\View\\Engines\\PhpEngine.php(58): Illuminate\\Filesystem\\Filesystem->getRequire('C:\\\\xampp\\\\htdocs...', Array)
#14 C:\\xampp\\htdocs\\insure_daily\\vendor\\laravel\\framework\\src\\Illuminate\\View\\Engines\\CompilerEngine.php(61): Illuminate\\View\\Engines\\PhpEngine->evaluatePath('C:\\\\xampp\\\\htdocs...', Array)
#15 C:\\xampp\\htdocs\\insure_daily\\vendor\\facade\\ignition\\src\\Views\\Engines\\CompilerEngine.php(37): Illuminate\\View\\Engines\\CompilerEngine->get('C:\\\\xampp\\\\htdocs...', Array)
#16 C:\\xampp\\htdocs\\insure_daily\\vendor\\laravel\\framework\\src\\Illuminate\\View\\View.php(139): Facade\\Ignition\\Views\\Engines\\CompilerEngine->get('C:\\\\xampp\\\\htdocs...', Array)
#17 C:\\xampp\\htdocs\\insure_daily\\vendor\\laravel\\framework\\src\\Illuminate\\View\\View.php(122): Illuminate\\View\\View->getContents()
#18 C:\\xampp\\htdocs\\insure_daily\\vendor\\laravel\\framework\\src\\Illuminate\\View\\View.php(91): Illuminate\\View\\View->renderContents()
#19 C:\\xampp\\htdocs\\insure_daily\\resources\\views/user/index.blade.php(82): Illuminate\\View\\View->render()
#20 C:\\xampp\\htdocs\\insure_daily\\vendor\\laravel\\framework\\src\\Illuminate\\Filesystem\\Filesystem.php(107): require('C:\\\\xampp\\\\htdocs...')
#21 C:\\xampp\\htdocs\\insure_daily\\vendor\\laravel\\framework\\src\\Illuminate\\Filesystem\\Filesystem.php(108): Illuminate\\Filesystem\\Filesystem::Illuminate\\Filesystem\\{closure}()
#22 C:\\xampp\\htdocs\\insure_daily\\vendor\\laravel\\framework\\src\\Illuminate\\View\\Engines\\PhpEngine.php(58): Illuminate\\Filesystem\\Filesystem->getRequire('C:\\\\xampp\\\\htdocs...', Array)
#23 C:\\xampp\\htdocs\\insure_daily\\vendor\\laravel\\framework\\src\\Illuminate\\View\\Engines\\CompilerEngine.php(61): Illuminate\\View\\Engines\\PhpEngine->evaluatePath('C:\\\\xampp\\\\htdocs...', Array)
#24 C:\\xampp\\htdocs\\insure_daily\\vendor\\facade\\ignition\\src\\Views\\Engines\\CompilerEngine.php(37): Illuminate\\View\\Engines\\CompilerEngine->get('C:\\\\xampp\\\\htdocs...', Array)
#25 C:\\xampp\\htdocs\\insure_daily\\vendor\\laravel\\framework\\src\\Illuminate\\View\\View.php(139): Facade\\Ignition\\Views\\Engines\\CompilerEngine->get('C:\\\\xampp\\\\htdocs...', Array)
#26 C:\\xampp\\htdocs\\insure_daily\\vendor\\laravel\\framework\\src\\Illuminate\\View\\View.php(122): Illuminate\\View\\View->getContents()
#27 C:\\xampp\\htdocs\\insure_daily\\vendor\\laravel\\framework\\src\\Illuminate\\View\\View.php(91): Illuminate\\View\\View->renderContents()
#28 C:\\xampp\\htdocs\\insure_daily\\vendor\\laravel\\framework\\src\\Illuminate\\Http\\Response.php(69): Illuminate\\View\\View->render()
#29 C:\\xampp\\htdocs\\insure_daily\\vendor\\laravel\\framework\\src\\Illuminate\\Http\\Response.php(35): Illuminate\\Http\\Response->setContent(Object(Illuminate\\View\\View))
#30 C:\\xampp\\htdocs\\insure_daily\\vendor\\laravel\\framework\\src\\Illuminate\\Routing\\Router.php(820): Illuminate\\Http\\Response->__construct(Object(Illuminate\\View\\View), 200, Array)
#31 C:\\xampp\\htdocs\\insure_daily\\vendor\\laravel\\framework\\src\\Illuminate\\Routing\\Router.php(789): Illuminate\\Routing\\Router::toResponse(Object(Illuminate\\Http\\Request), Object(Illuminate\\View\\View))
#32 C:\\xampp\\htdocs\\insure_daily\\vendor\\laravel\\framework\\src\\Illuminate\\Routing\\Router.php(720): Illuminate\\Routing\\Router->prepareResponse(Object(Illuminate\\Http\\Request), Object(Illuminate\\View\\View))
#33 C:\\xampp\\htdocs\\insure_daily\\vendor\\laravel\\framework\\src\\Illuminate\\Pipeline\\Pipeline.php(128): Illuminate\\Routing\\Router->Illuminate\\Routing\\{closure}(Object(Illuminate\\Http\\Request))
#34 C:\\xampp\\htdocs\\insure_daily\\app\\Http\\Middleware\\User.php(22): Illuminate\\Pipeline\\Pipeline->Illuminate\\Pipeline\\{closure}(Object(Illuminate\\Http\\Request))
#35 C:\\xampp\\htdocs\\insure_daily\\vendor\\laravel\\framework\\src\\Illuminate\\Pipeline\\Pipeline.php(167): App\\Http\\Middleware\\User->handle(Object(Illuminate\\Http\\Request), Object(Closure))
#36 C:\\xampp\\htdocs\\insure_daily\\vendor\\laravel\\framework\\src\\Illuminate\\Routing\\Middleware\\SubstituteBindings.php(50): Illuminate\\Pipeline\\Pipeline->Illuminate\\Pipeline\\{closure}(Object(Illuminate\\Http\\Request))
#37 C:\\xampp\\htdocs\\insure_daily\\vendor\\laravel\\framework\\src\\Illuminate\\Pipeline\\Pipeline.php(167): Illuminate\\Routing\\Middleware\\SubstituteBindings->handle(Object(Illuminate\\Http\\Request), Object(Closure))
#38 C:\\xampp\\htdocs\\insure_daily\\vendor\\laravel\\framework\\src\\Illuminate\\Foundation\\Http\\Middleware\\VerifyCsrfToken.php(78): Illuminate\\Pipeline\\Pipeline->Illuminate\\Pipeline\\{closure}(Object(Illuminate\\Http\\Request))
#39 C:\\xampp\\htdocs\\insure_daily\\vendor\\laravel\\framework\\src\\Illuminate\\Pipeline\\Pipeline.php(167): Illuminate\\Foundation\\Http\\Middleware\\VerifyCsrfToken->handle(Object(Illuminate\\Http\\Request), Object(Closure))
#40 C:\\xampp\\htdocs\\insure_daily\\vendor\\laravel\\framework\\src\\Illuminate\\View\\Middleware\\ShareErrorsFromSession.php(49): Illuminate\\Pipeline\\Pipeline->Illuminate\\Pipeline\\{closure}(Object(Illuminate\\Http\\Request))
#41 C:\\xampp\\htdocs\\insure_daily\\vendor\\laravel\\framework\\src\\Illuminate\\Pipeline\\Pipeline.php(167): Illuminate\\View\\Middleware\\ShareErrorsFromSession->handle(Object(Illuminate\\Http\\Request), Object(Closure))
#42 C:\\xampp\\htdocs\\insure_daily\\vendor\\laravel\\framework\\src\\Illuminate\\Session\\Middleware\\StartSession.php(121): Illuminate\\Pipeline\\Pipeline->Illuminate\\Pipeline\\{closure}(Object(Illuminate\\Http\\Request))
#43 C:\\xampp\\htdocs\\insure_daily\\vendor\\laravel\\framework\\src\\Illuminate\\Session\\Middleware\\StartSession.php(64): Illuminate\\Session\\Middleware\\StartSession->handleStatefulRequest(Object(Illuminate\\Http\\Request), Object(Illuminate\\Session\\Store), Object(Closure))
#44 C:\\xampp\\htdocs\\insure_daily\\vendor\\laravel\\framework\\src\\Illuminate\\Pipeline\\Pipeline.php(167): Illuminate\\Session\\Middleware\\StartSession->handle(Object(Illuminate\\Http\\Request), Object(Closure))
#45 C:\\xampp\\htdocs\\insure_daily\\vendor\\laravel\\framework\\src\\Illuminate\\Cookie\\Middleware\\AddQueuedCookiesToResponse.php(37): Illuminate\\Pipeline\\Pipeline->Illuminate\\Pipeline\\{closure}(Object(Illuminate\\Http\\Request))
#46 C:\\xampp\\htdocs\\insure_daily\\vendor\\laravel\\framework\\src\\Illuminate\\Pipeline\\Pipeline.php(167): Illuminate\\Cookie\\Middleware\\AddQueuedCookiesToResponse->handle(Object(Illuminate\\Http\\Request), Object(Closure))
#47 C:\\xampp\\htdocs\\insure_daily\\vendor\\laravel\\framework\\src\\Illuminate\\Cookie\\Middleware\\EncryptCookies.php(67): Illuminate\\Pipeline\\Pipeline->Illuminate\\Pipeline\\{closure}(Object(Illuminate\\Http\\Request))
#48 C:\\xampp\\htdocs\\insure_daily\\vendor\\laravel\\framework\\src\\Illuminate\\Pipeline\\Pipeline.php(167): Illuminate\\Cookie\\Middleware\\EncryptCookies->handle(Object(Illuminate\\Http\\Request), Object(Closure))
#49 C:\\xampp\\htdocs\\insure_daily\\vendor\\laravel\\framework\\src\\Illuminate\\Pipeline\\Pipeline.php(103): Illuminate\\Pipeline\\Pipeline->Illuminate\\Pipeline\\{closure}(Object(Illuminate\\Http\\Request))
#50 C:\\xampp\\htdocs\\insure_daily\\vendor\\laravel\\framework\\src\\Illuminate\\Routing\\Router.php(719): Illuminate\\Pipeline\\Pipeline->then(Object(Closure))
#51 C:\\xampp\\htdocs\\insure_daily\\vendor\\laravel\\framework\\src\\Illuminate\\Routing\\Router.php(698): Illuminate\\Routing\\Router->runRouteWithinStack(Object(Illuminate\\Routing\\Route), Object(Illuminate\\Http\\Request))
#52 C:\\xampp\\htdocs\\insure_daily\\vendor\\laravel\\framework\\src\\Illuminate\\Routing\\Router.php(662): Illuminate\\Routing\\Router->runRoute(Object(Illuminate\\Http\\Request), Object(Illuminate\\Routing\\Route))
#53 C:\\xampp\\htdocs\\insure_daily\\vendor\\laravel\\framework\\src\\Illuminate\\Routing\\Router.php(651): Illuminate\\Routing\\Router->dispatchToRoute(Object(Illuminate\\Http\\Request))
#54 C:\\xampp\\htdocs\\insure_daily\\vendor\\laravel\\framework\\src\\Illuminate\\Foundation\\Http\\Kernel.php(167): Illuminate\\Routing\\Router->dispatch(Object(Illuminate\\Http\\Request))
#55 C:\\xampp\\htdocs\\insure_daily\\vendor\\laravel\\framework\\src\\Illuminate\\Pipeline\\Pipeline.php(128): Illuminate\\Foundation\\Http\\Kernel->Illuminate\\Foundation\\Http\\{closure}(Object(Illuminate\\Http\\Request))
#56 C:\\xampp\\htdocs\\insure_daily\\vendor\\laravel\\framework\\src\\Illuminate\\Foundation\\Http\\Middleware\\TransformsRequest.php(21): Illuminate\\Pipeline\\Pipeline->Illuminate\\Pipeline\\{closure}(Object(Illuminate\\Http\\Request))
#57 C:\\xampp\\htdocs\\insure_daily\\vendor\\laravel\\framework\\src\\Illuminate\\Foundation\\Http\\Middleware\\ConvertEmptyStringsToNull.php(31): Illuminate\\Foundation\\Http\\Middleware\\TransformsRequest->handle(Object(Illuminate\\Http\\Request), Object(Closure))
#58 C:\\xampp\\htdocs\\insure_daily\\vendor\\laravel\\framework\\src\\Illuminate\\Pipeline\\Pipeline.php(167): Illuminate\\Foundation\\Http\\Middleware\\ConvertEmptyStringsToNull->handle(Object(Illuminate\\Http\\Request), Object(Closure))
#59 C:\\xampp\\htdocs\\insure_daily\\vendor\\laravel\\framework\\src\\Illuminate\\Foundation\\Http\\Middleware\\TransformsRequest.php(21): Illuminate\\Pipeline\\Pipeline->Illuminate\\Pipeline\\{closure}(Object(Illuminate\\Http\\Request))
#60 C:\\xampp\\htdocs\\insure_daily\\vendor\\laravel\\framework\\src\\Illuminate\\Foundation\\Http\\Middleware\\TrimStrings.php(40): Illuminate\\Foundation\\Http\\Middleware\\TransformsRequest->handle(Object(Illuminate\\Http\\Request), Object(Closure))
#61 C:\\xampp\\htdocs\\insure_daily\\vendor\\laravel\\framework\\src\\Illuminate\\Pipeline\\Pipeline.php(167): Illuminate\\Foundation\\Http\\Middleware\\TrimStrings->handle(Object(Illuminate\\Http\\Request), Object(Closure))
#62 C:\\xampp\\htdocs\\insure_daily\\vendor\\laravel\\framework\\src\\Illuminate\\Foundation\\Http\\Middleware\\ValidatePostSize.php(27): Illuminate\\Pipeline\\Pipeline->Illuminate\\Pipeline\\{closure}(Object(Illuminate\\Http\\Request))
#63 C:\\xampp\\htdocs\\insure_daily\\vendor\\laravel\\framework\\src\\Illuminate\\Pipeline\\Pipeline.php(167): Illuminate\\Foundation\\Http\\Middleware\\ValidatePostSize->handle(Object(Illuminate\\Http\\Request), Object(Closure))
#64 C:\\xampp\\htdocs\\insure_daily\\vendor\\laravel\\framework\\src\\Illuminate\\Foundation\\Http\\Middleware\\PreventRequestsDuringMaintenance.php(86): Illuminate\\Pipeline\\Pipeline->Illuminate\\Pipeline\\{closure}(Object(Illuminate\\Http\\Request))
#65 C:\\xampp\\htdocs\\insure_daily\\vendor\\laravel\\framework\\src\\Illuminate\\Pipeline\\Pipeline.php(167): Illuminate\\Foundation\\Http\\Middleware\\PreventRequestsDuringMaintenance->handle(Object(Illuminate\\Http\\Request), Object(Closure))
#66 C:\\xampp\\htdocs\\insure_daily\\vendor\\fruitcake\\laravel-cors\\src\\HandleCors.php(38): Illuminate\\Pipeline\\Pipeline->Illuminate\\Pipeline\\{closure}(Object(Illuminate\\Http\\Request))
#67 C:\\xampp\\htdocs\\insure_daily\\vendor\\laravel\\framework\\src\\Illuminate\\Pipeline\\Pipeline.php(167): Fruitcake\\Cors\\HandleCors->handle(Object(Illuminate\\Http\\Request), Object(Closure))
#68 C:\\xampp\\htdocs\\insure_daily\\vendor\\laravel\\framework\\src\\Illuminate\\Http\\Middleware\\TrustProxies.php(39): Illuminate\\Pipeline\\Pipeline->Illuminate\\Pipeline\\{closure}(Object(Illuminate\\Http\\Request))
#69 C:\\xampp\\htdocs\\insure_daily\\vendor\\laravel\\framework\\src\\Illuminate\\Pipeline\\Pipeline.php(167): Illuminate\\Http\\Middleware\\TrustProxies->handle(Object(Illuminate\\Http\\Request), Object(Closure))
#70 C:\\xampp\\htdocs\\insure_daily\\vendor\\laravel\\framework\\src\\Illuminate\\Pipeline\\Pipeline.php(103): Illuminate\\Pipeline\\Pipeline->Illuminate\\Pipeline\\{closure}(Object(Illuminate\\Http\\Request))
#71 C:\\xampp\\htdocs\\insure_daily\\vendor\\laravel\\framework\\src\\Illuminate\\Foundation\\Http\\Kernel.php(142): Illuminate\\Pipeline\\Pipeline->then(Object(Closure))
#72 C:\\xampp\\htdocs\\insure_daily\\vendor\\laravel\\framework\\src\\Illuminate\\Foundation\\Http\\Kernel.php(111): Illuminate\\Foundation\\Http\\Kernel->sendRequestThroughRouter(Object(Illuminate\\Http\\Request))
#73 C:\\xampp\\htdocs\\insure_daily\\public\\index.php(51): Illuminate\\Foundation\\Http\\Kernel->handle(Object(Illuminate\\Http\\Request))
#74 C:\\xampp\\htdocs\\insure_daily\\index.php(21): require_once('C:\\\\xampp\\\\htdocs...')
#75 {main}

[previous exception] [object] (Symfony\\Component\\Routing\\Exception\\RouteNotFoundException(code: 0): Route [marketing] not defined. at C:\\xampp\\htdocs\\insure_daily\\vendor\\laravel\\framework\\src\\Illuminate\\Routing\\UrlGenerator.php:444)
[stacktrace]
#0 C:\\xampp\\htdocs\\insure_daily\\vendor\\laravel\\framework\\src\\Illuminate\\Foundation\\helpers.php(739): Illuminate\\Routing\\UrlGenerator->route('marketing', Array, true)
#1 C:\\xampp\\htdocs\\insure_daily\\storage\\framework\\views\\7b54d0875f100b5b4fed2502430ca59bfd595946.php(23): route('marketing')
#2 C:\\xampp\\htdocs\\insure_daily\\vendor\\laravel\\framework\\src\\Illuminate\\Filesystem\\Filesystem.php(107): require('C:\\\\xampp\\\\htdocs...')
#3 C:\\xampp\\htdocs\\insure_daily\\vendor\\laravel\\framework\\src\\Illuminate\\Filesystem\\Filesystem.php(108): Illuminate\\Filesystem\\Filesystem::Illuminate\\Filesystem\\{closure}()
#4 C:\\xampp\\htdocs\\insure_daily\\vendor\\laravel\\framework\\src\\Illuminate\\View\\Engines\\PhpEngine.php(58): Illuminate\\Filesystem\\Filesystem->getRequire('C:\\\\xampp\\\\htdocs...', Array)
#5 C:\\xampp\\htdocs\\insure_daily\\vendor\\laravel\\framework\\src\\Illuminate\\View\\Engines\\CompilerEngine.php(61): Illuminate\\View\\Engines\\PhpEngine->evaluatePath('C:\\\\xampp\\\\htdocs...', Array)
#6 C:\\xampp\\htdocs\\insure_daily\\vendor\\facade\\ignition\\src\\Views\\Engines\\CompilerEngine.php(37): Illuminate\\View\\Engines\\CompilerEngine->get('C:\\\\xampp\\\\htdocs...', Array)
#7 C:\\xampp\\htdocs\\insure_daily\\vendor\\laravel\\framework\\src\\Illuminate\\View\\View.php(139): Facade\\Ignition\\Views\\Engines\\CompilerEngine->get('C:\\\\xampp\\\\htdocs...', Array)
#8 C:\\xampp\\htdocs\\insure_daily\\vendor\\laravel\\framework\\src\\Illuminate\\View\\View.php(122): Illuminate\\View\\View->getContents()
#9 C:\\xampp\\htdocs\\insure_daily\\vendor\\laravel\\framework\\src\\Illuminate\\View\\View.php(91): Illuminate\\View\\View->renderContents()
#10 C:\\xampp\\htdocs\\insure_daily\\storage\\framework\\views\\d348b9e539d24ab0ca18af158465759fd3671292.php(88): Illuminate\\View\\View->render()
#11 C:\\xampp\\htdocs\\insure_daily\\vendor\\laravel\\framework\\src\\Illuminate\\Filesystem\\Filesystem.php(107): require('C:\\\\xampp\\\\htdocs...')
#12 C:\\xampp\\htdocs\\insure_daily\\vendor\\laravel\\framework\\src\\Illuminate\\Filesystem\\Filesystem.php(108): Illuminate\\Filesystem\\Filesystem::Illuminate\\Filesystem\\{closure}()
#13 C:\\xampp\\htdocs\\insure_daily\\vendor\\laravel\\framework\\src\\Illuminate\\View\\Engines\\PhpEngine.php(58): Illuminate\\Filesystem\\Filesystem->getRequire('C:\\\\xampp\\\\htdocs...', Array)
#14 C:\\xampp\\htdocs\\insure_daily\\vendor\\laravel\\framework\\src\\Illuminate\\View\\Engines\\CompilerEngine.php(61): Illuminate\\View\\Engines\\PhpEngine->evaluatePath('C:\\\\xampp\\\\htdocs...', Array)
#15 C:\\xampp\\htdocs\\insure_daily\\vendor\\facade\\ignition\\src\\Views\\Engines\\CompilerEngine.php(37): Illuminate\\View\\Engines\\CompilerEngine->get('C:\\\\xampp\\\\htdocs...', Array)
#16 C:\\xampp\\htdocs\\insure_daily\\vendor\\laravel\\framework\\src\\Illuminate\\View\\View.php(139): Facade\\Ignition\\Views\\Engines\\CompilerEngine->get('C:\\\\xampp\\\\htdocs...', Array)
#17 C:\\xampp\\htdocs\\insure_daily\\vendor\\laravel\\framework\\src\\Illuminate\\View\\View.php(122): Illuminate\\View\\View->getContents()
#18 C:\\xampp\\htdocs\\insure_daily\\vendor\\laravel\\framework\\src\\Illuminate\\View\\View.php(91): Illuminate\\View\\View->renderContents()
#19 C:\\xampp\\htdocs\\insure_daily\\storage\\framework\\views\\76e8704f401f985db34cb9856f3e53d4e3fe2018.php(82): Illuminate\\View\\View->render()
#20 C:\\xampp\\htdocs\\insure_daily\\vendor\\laravel\\framework\\src\\Illuminate\\Filesystem\\Filesystem.php(107): require('C:\\\\xampp\\\\htdocs...')
#21 C:\\xampp\\htdocs\\insure_daily\\vendor\\laravel\\framework\\src\\Illuminate\\Filesystem\\Filesystem.php(108): Illuminate\\Filesystem\\Filesystem::Illuminate\\Filesystem\\{closure}()
#22 C:\\xampp\\htdocs\\insure_daily\\vendor\\laravel\\framework\\src\\Illuminate\\View\\Engines\\PhpEngine.php(58): Illuminate\\Filesystem\\Filesystem->getRequire('C:\\\\xampp\\\\htdocs...', Array)
#23 C:\\xampp\\htdocs\\insure_daily\\vendor\\laravel\\framework\\src\\Illuminate\\View\\Engines\\CompilerEngine.php(61): Illuminate\\View\\Engines\\PhpEngine->evaluatePath('C:\\\\xampp\\\\htdocs...', Array)
#24 C:\\xampp\\htdocs\\insure_daily\\vendor\\facade\\ignition\\src\\Views\\Engines\\CompilerEngine.php(37): Illuminate\\View\\Engines\\CompilerEngine->get('C:\\\\xampp\\\\htdocs...', Array)
#25 C:\\xampp\\htdocs\\insure_daily\\vendor\\laravel\\framework\\src\\Illuminate\\View\\View.php(139): Facade\\Ignition\\Views\\Engines\\CompilerEngine->get('C:\\\\xampp\\\\htdocs...', Array)
#26 C:\\xampp\\htdocs\\insure_daily\\vendor\\laravel\\framework\\src\\Illuminate\\View\\View.php(122): Illuminate\\View\\View->getContents()
#27 C:\\xampp\\htdocs\\insure_daily\\vendor\\laravel\\framework\\src\\Illuminate\\View\\View.php(91): Illuminate\\View\\View->renderContents()
#28 C:\\xampp\\htdocs\\insure_daily\\vendor\\laravel\\framework\\src\\Illuminate\\Http\\Response.php(69): Illuminate\\View\\View->render()
#29 C:\\xampp\\htdocs\\insure_daily\\vendor\\laravel\\framework\\src\\Illuminate\\Http\\Response.php(35): Illuminate\\Http\\Response->setContent(Object(Illuminate\\View\\View))
#30 C:\\xampp\\htdocs\\insure_daily\\vendor\\laravel\\framework\\src\\Illuminate\\Routing\\Router.php(820): Illuminate\\Http\\Response->__construct(Object(Illuminate\\View\\View), 200, Array)
#31 C:\\xampp\\htdocs\\insure_daily\\vendor\\laravel\\framework\\src\\Illuminate\\Routing\\Router.php(789): Illuminate\\Routing\\Router::toResponse(Object(Illuminate\\Http\\Request), Object(Illuminate\\View\\View))
#32 C:\\xampp\\htdocs\\insure_daily\\vendor\\laravel\\framework\\src\\Illuminate\\Routing\\Router.php(720): Illuminate\\Routing\\Router->prepareResponse(Object(Illuminate\\Http\\Request), Object(Illuminate\\View\\View))
#33 C:\\xampp\\htdocs\\insure_daily\\vendor\\laravel\\framework\\src\\Illuminate\\Pipeline\\Pipeline.php(128): Illuminate\\Routing\\Router->Illuminate\\Routing\\{closure}(Object(Illuminate\\Http\\Request))
#34 C:\\xampp\\htdocs\\insure_daily\\app\\Http\\Middleware\\User.php(22): Illuminate\\Pipeline\\Pipeline->Illuminate\\Pipeline\\{closure}(Object(Illuminate\\Http\\Request))
#35 C:\\xampp\\htdocs\\insure_daily\\vendor\\laravel\\framework\\src\\Illuminate\\Pipeline\\Pipeline.php(167): App\\Http\\Middleware\\User->handle(Object(Illuminate\\Http\\Request), Object(Closure))
#36 C:\\xampp\\htdocs\\insure_daily\\vendor\\laravel\\framework\\src\\Illuminate\\Routing\\Middleware\\SubstituteBindings.php(50): Illuminate\\Pipeline\\Pipeline->Illuminate\\Pipeline\\{closure}(Object(Illuminate\\Http\\Request))
#37 C:\\xampp\\htdocs\\insure_daily\\vendor\\laravel\\framework\\src\\Illuminate\\Pipeline\\Pipeline.php(167): Illuminate\\Routing\\Middleware\\SubstituteBindings->handle(Object(Illuminate\\Http\\Request), Object(Closure))
#38 C:\\xampp\\htdocs\\insure_daily\\vendor\\laravel\\framework\\src\\Illuminate\\Foundation\\Http\\Middleware\\VerifyCsrfToken.php(78): Illuminate\\Pipeline\\Pipeline->Illuminate\\Pipeline\\{closure}(Object(Illuminate\\Http\\Request))
#39 C:\\xampp\\htdocs\\insure_daily\\vendor\\laravel\\framework\\src\\Illuminate\\Pipeline\\Pipeline.php(167): Illuminate\\Foundation\\Http\\Middleware\\VerifyCsrfToken->handle(Object(Illuminate\\Http\\Request), Object(Closure))
#40 C:\\xampp\\htdocs\\insure_daily\\vendor\\laravel\\framework\\src\\Illuminate\\View\\Middleware\\ShareErrorsFromSession.php(49): Illuminate\\Pipeline\\Pipeline->Illuminate\\Pipeline\\{closure}(Object(Illuminate\\Http\\Request))
#41 C:\\xampp\\htdocs\\insure_daily\\vendor\\laravel\\framework\\src\\Illuminate\\Pipeline\\Pipeline.php(167): Illuminate\\View\\Middleware\\ShareErrorsFromSession->handle(Object(Illuminate\\Http\\Request), Object(Closure))
#42 C:\\xampp\\htdocs\\insure_daily\\vendor\\laravel\\framework\\src\\Illuminate\\Session\\Middleware\\StartSession.php(121): Illuminate\\Pipeline\\Pipeline->Illuminate\\Pipeline\\{closure}(Object(Illuminate\\Http\\Request))
#43 C:\\xampp\\htdocs\\insure_daily\\vendor\\laravel\\framework\\src\\Illuminate\\Session\\Middleware\\StartSession.php(64): Illuminate\\Session\\Middleware\\StartSession->handleStatefulRequest(Object(Illuminate\\Http\\Request), Object(Illuminate\\Session\\Store), Object(Closure))
#44 C:\\xampp\\htdocs\\insure_daily\\vendor\\laravel\\framework\\src\\Illuminate\\Pipeline\\Pipeline.php(167): Illuminate\\Session\\Middleware\\StartSession->handle(Object(Illuminate\\Http\\Request), Object(Closure))
#45 C:\\xampp\\htdocs\\insure_daily\\vendor\\laravel\\framework\\src\\Illuminate\\Cookie\\Middleware\\AddQueuedCookiesToResponse.php(37): Illuminate\\Pipeline\\Pipeline->Illuminate\\Pipeline\\{closure}(Object(Illuminate\\Http\\Request))
#46 C:\\xampp\\htdocs\\insure_daily\\vendor\\laravel\\framework\\src\\Illuminate\\Pipeline\\Pipeline.php(167): Illuminate\\Cookie\\Middleware\\AddQueuedCookiesToResponse->handle(Object(Illuminate\\Http\\Request), Object(Closure))
#47 C:\\xampp\\htdocs\\insure_daily\\vendor\\laravel\\framework\\src\\Illuminate\\Cookie\\Middleware\\EncryptCookies.php(67): Illuminate\\Pipeline\\Pipeline->Illuminate\\Pipeline\\{closure}(Object(Illuminate\\Http\\Request))
#48 C:\\xampp\\htdocs\\insure_daily\\vendor\\laravel\\framework\\src\\Illuminate\\Pipeline\\Pipeline.php(167): Illuminate\\Cookie\\Middleware\\EncryptCookies->handle(Object(Illuminate\\Http\\Request), Object(Closure))
#49 C:\\xampp\\htdocs\\insure_daily\\vendor\\laravel\\framework\\src\\Illuminate\\Pipeline\\Pipeline.php(103): Illuminate\\Pipeline\\Pipeline->Illuminate\\Pipeline\\{closure}(Object(Illuminate\\Http\\Request))
#50 C:\\xampp\\htdocs\\insure_daily\\vendor\\laravel\\framework\\src\\Illuminate\\Routing\\Router.php(719): Illuminate\\Pipeline\\Pipeline->then(Object(Closure))
#51 C:\\xampp\\htdocs\\insure_daily\\vendor\\laravel\\framework\\src\\Illuminate\\Routing\\Router.php(698): Illuminate\\Routing\\Router->runRouteWithinStack(Object(Illuminate\\Routing\\Route), Object(Illuminate\\Http\\Request))
#52 C:\\xampp\\htdocs\\insure_daily\\vendor\\laravel\\framework\\src\\Illuminate\\Routing\\Router.php(662): Illuminate\\Routing\\Router->runRoute(Object(Illuminate\\Http\\Request), Object(Illuminate\\Routing\\Route))
#53 C:\\xampp\\htdocs\\insure_daily\\vendor\\laravel\\framework\\src\\Illuminate\\Routing\\Router.php(651): Illuminate\\Routing\\Router->dispatchToRoute(Object(Illuminate\\Http\\Request))
#54 C:\\xampp\\htdocs\\insure_daily\\vendor\\laravel\\framework\\src\\Illuminate\\Foundation\\Http\\Kernel.php(167): Illuminate\\Routing\\Router->dispatch(Object(Illuminate\\Http\\Request))
#55 C:\\xampp\\htdocs\\insure_daily\\vendor\\laravel\\framework\\src\\Illuminate\\Pipeline\\Pipeline.php(128): Illuminate\\Foundation\\Http\\Kernel->Illuminate\\Foundation\\Http\\{closure}(Object(Illuminate\\Http\\Request))
#56 C:\\xampp\\htdocs\\insure_daily\\vendor\\laravel\\framework\\src\\Illuminate\\Foundation\\Http\\Middleware\\TransformsRequest.php(21): Illuminate\\Pipeline\\Pipeline->Illuminate\\Pipeline\\{closure}(Object(Illuminate\\Http\\Request))
#57 C:\\xampp\\htdocs\\insure_daily\\vendor\\laravel\\framework\\src\\Illuminate\\Foundation\\Http\\Middleware\\ConvertEmptyStringsToNull.php(31): Illuminate\\Foundation\\Http\\Middleware\\TransformsRequest->handle(Object(Illuminate\\Http\\Request), Object(Closure))
#58 C:\\xampp\\htdocs\\insure_daily\\vendor\\laravel\\framework\\src\\Illuminate\\Pipeline\\Pipeline.php(167): Illuminate\\Foundation\\Http\\Middleware\\ConvertEmptyStringsToNull->handle(Object(Illuminate\\Http\\Request), Object(Closure))
#59 C:\\xampp\\htdocs\\insure_daily\\vendor\\laravel\\framework\\src\\Illuminate\\Foundation\\Http\\Middleware\\TransformsRequest.php(21): Illuminate\\Pipeline\\Pipeline->Illuminate\\Pipeline\\{closure}(Object(Illuminate\\Http\\Request))
#60 C:\\xampp\\htdocs\\insure_daily\\vendor\\laravel\\framework\\src\\Illuminate\\Foundation\\Http\\Middleware\\TrimStrings.php(40): Illuminate\\Foundation\\Http\\Middleware\\TransformsRequest->handle(Object(Illuminate\\Http\\Request), Object(Closure))
#61 C:\\xampp\\htdocs\\insure_daily\\vendor\\laravel\\framework\\src\\Illuminate\\Pipeline\\Pipeline.php(167): Illuminate\\Foundation\\Http\\Middleware\\TrimStrings->handle(Object(Illuminate\\Http\\Request), Object(Closure))
#62 C:\\xampp\\htdocs\\insure_daily\\vendor\\laravel\\framework\\src\\Illuminate\\Foundation\\Http\\Middleware\\ValidatePostSize.php(27): Illuminate\\Pipeline\\Pipeline->Illuminate\\Pipeline\\{closure}(Object(Illuminate\\Http\\Request))
#63 C:\\xampp\\htdocs\\insure_daily\\vendor\\laravel\\framework\\src\\Illuminate\\Pipeline\\Pipeline.php(167): Illuminate\\Foundation\\Http\\Middleware\\ValidatePostSize->handle(Object(Illuminate\\Http\\Request), Object(Closure))
#64 C:\\xampp\\htdocs\\insure_daily\\vendor\\laravel\\framework\\src\\Illuminate\\Foundation\\Http\\Middleware\\PreventRequestsDuringMaintenance.php(86): Illuminate\\Pipeline\\Pipeline->Illuminate\\Pipeline\\{closure}(Object(Illuminate\\Http\\Request))
#65 C:\\xampp\\htdocs\\insure_daily\\vendor\\laravel\\framework\\src\\Illuminate\\Pipeline\\Pipeline.php(167): Illuminate\\Foundation\\Http\\Middleware\\PreventRequestsDuringMaintenance->handle(Object(Illuminate\\Http\\Request), Object(Closure))
#66 C:\\xampp\\htdocs\\insure_daily\\vendor\\fruitcake\\laravel-cors\\src\\HandleCors.php(38): Illuminate\\Pipeline\\Pipeline->Illuminate\\Pipeline\\{closure}(Object(Illuminate\\Http\\Request))
#67 C:\\xampp\\htdocs\\insure_daily\\vendor\\laravel\\framework\\src\\Illuminate\\Pipeline\\Pipeline.php(167): Fruitcake\\Cors\\HandleCors->handle(Object(Illuminate\\Http\\Request), Object(Closure))
#68 C:\\xampp\\htdocs\\insure_daily\\vendor\\laravel\\framework\\src\\Illuminate\\Http\\Middleware\\TrustProxies.php(39): Illuminate\\Pipeline\\Pipeline->Illuminate\\Pipeline\\{closure}(Object(Illuminate\\Http\\Request))
#69 C:\\xampp\\htdocs\\insure_daily\\vendor\\laravel\\framework\\src\\Illuminate\\Pipeline\\Pipeline.php(167): Illuminate\\Http\\Middleware\\TrustProxies->handle(Object(Illuminate\\Http\\Request), Object(Closure))
#70 C:\\xampp\\htdocs\\insure_daily\\vendor\\laravel\\framework\\src\\Illuminate\\Pipeline\\Pipeline.php(103): Illuminate\\Pipeline\\Pipeline->Illuminate\\Pipeline\\{closure}(Object(Illuminate\\Http\\Request))
#71 C:\\xampp\\htdocs\\insure_daily\\vendor\\laravel\\framework\\src\\Illuminate\\Foundation\\Http\\Kernel.php(142): Illuminate\\Pipeline\\Pipeline->then(Object(Closure))
#72 C:\\xampp\\htdocs\\insure_daily\\vendor\\laravel\\framework\\src\\Illuminate\\Foundation\\Http\\Kernel.php(111): Illuminate\\Foundation\\Http\\Kernel->sendRequestThroughRouter(Object(Illuminate\\Http\\Request))
#73 C:\\xampp\\htdocs\\insure_daily\\public\\index.php(51): Illuminate\\Foundation\\Http\\Kernel->handle(Object(Illuminate\\Http\\Request))
#74 C:\\xampp\\htdocs\\insure_daily\\index.php(21): require_once('C:\\\\xampp\\\\htdocs...')
#75 {main}
"} 
[2025-02-28 12:47:39] local.ERROR: Route [marketing] not defined. (View: C:\xampp\htdocs\insure_daily\resources\views\user\common\side_menu.blade.php) {"view":{"view":"C:\\xampp\\htdocs\\insure_daily\\vendor\\laravel\\framework\\src\\Illuminate\\Routing\\UrlGenerator.php","data":[]},"userId":10,"exception":"[object] (Facade\\Ignition\\Exceptions\\ViewException(code: 0): Route [marketing] not defined. (View: C:\\xampp\\htdocs\\insure_daily\\resources\\views\\user\\common\\side_menu.blade.php) at C:\\xampp\\htdocs\\insure_daily\\vendor\\laravel\\framework\\src\\Illuminate\\Routing\\UrlGenerator.php:444)
[stacktrace]
#0 C:\\xampp\\htdocs\\insure_daily\\vendor\\laravel\\framework\\src\\Illuminate\\Foundation\\helpers.php(739): Illuminate\\Routing\\UrlGenerator->route('marketing', Array, true)
#1 C:\\xampp\\htdocs\\insure_daily\\resources\\views/user/common/side_menu.blade.php(43): route('marketing')
#2 C:\\xampp\\htdocs\\insure_daily\\vendor\\laravel\\framework\\src\\Illuminate\\Filesystem\\Filesystem.php(107): require('C:\\\\xampp\\\\htdocs...')
#3 C:\\xampp\\htdocs\\insure_daily\\vendor\\laravel\\framework\\src\\Illuminate\\Filesystem\\Filesystem.php(108): Illuminate\\Filesystem\\Filesystem::Illuminate\\Filesystem\\{closure}()
#4 C:\\xampp\\htdocs\\insure_daily\\vendor\\laravel\\framework\\src\\Illuminate\\View\\Engines\\PhpEngine.php(58): Illuminate\\Filesystem\\Filesystem->getRequire('C:\\\\xampp\\\\htdocs...', Array)
#5 C:\\xampp\\htdocs\\insure_daily\\vendor\\laravel\\framework\\src\\Illuminate\\View\\Engines\\CompilerEngine.php(61): Illuminate\\View\\Engines\\PhpEngine->evaluatePath('C:\\\\xampp\\\\htdocs...', Array)
#6 C:\\xampp\\htdocs\\insure_daily\\vendor\\facade\\ignition\\src\\Views\\Engines\\CompilerEngine.php(37): Illuminate\\View\\Engines\\CompilerEngine->get('C:\\\\xampp\\\\htdocs...', Array)
#7 C:\\xampp\\htdocs\\insure_daily\\vendor\\laravel\\framework\\src\\Illuminate\\View\\View.php(139): Facade\\Ignition\\Views\\Engines\\CompilerEngine->get('C:\\\\xampp\\\\htdocs...', Array)
#8 C:\\xampp\\htdocs\\insure_daily\\vendor\\laravel\\framework\\src\\Illuminate\\View\\View.php(122): Illuminate\\View\\View->getContents()
#9 C:\\xampp\\htdocs\\insure_daily\\vendor\\laravel\\framework\\src\\Illuminate\\View\\View.php(91): Illuminate\\View\\View->renderContents()
#10 C:\\xampp\\htdocs\\insure_daily\\resources\\views/user/layout/app.blade.php(88): Illuminate\\View\\View->render()
#11 C:\\xampp\\htdocs\\insure_daily\\vendor\\laravel\\framework\\src\\Illuminate\\Filesystem\\Filesystem.php(107): require('C:\\\\xampp\\\\htdocs...')
#12 C:\\xampp\\htdocs\\insure_daily\\vendor\\laravel\\framework\\src\\Illuminate\\Filesystem\\Filesystem.php(108): Illuminate\\Filesystem\\Filesystem::Illuminate\\Filesystem\\{closure}()
#13 C:\\xampp\\htdocs\\insure_daily\\vendor\\laravel\\framework\\src\\Illuminate\\View\\Engines\\PhpEngine.php(58): Illuminate\\Filesystem\\Filesystem->getRequire('C:\\\\xampp\\\\htdocs...', Array)
#14 C:\\xampp\\htdocs\\insure_daily\\vendor\\laravel\\framework\\src\\Illuminate\\View\\Engines\\CompilerEngine.php(61): Illuminate\\View\\Engines\\PhpEngine->evaluatePath('C:\\\\xampp\\\\htdocs...', Array)
#15 C:\\xampp\\htdocs\\insure_daily\\vendor\\facade\\ignition\\src\\Views\\Engines\\CompilerEngine.php(37): Illuminate\\View\\Engines\\CompilerEngine->get('C:\\\\xampp\\\\htdocs...', Array)
#16 C:\\xampp\\htdocs\\insure_daily\\vendor\\laravel\\framework\\src\\Illuminate\\View\\View.php(139): Facade\\Ignition\\Views\\Engines\\CompilerEngine->get('C:\\\\xampp\\\\htdocs...', Array)
#17 C:\\xampp\\htdocs\\insure_daily\\vendor\\laravel\\framework\\src\\Illuminate\\View\\View.php(122): Illuminate\\View\\View->getContents()
#18 C:\\xampp\\htdocs\\insure_daily\\vendor\\laravel\\framework\\src\\Illuminate\\View\\View.php(91): Illuminate\\View\\View->renderContents()
#19 C:\\xampp\\htdocs\\insure_daily\\resources\\views/user/index.blade.php(82): Illuminate\\View\\View->render()
#20 C:\\xampp\\htdocs\\insure_daily\\vendor\\laravel\\framework\\src\\Illuminate\\Filesystem\\Filesystem.php(107): require('C:\\\\xampp\\\\htdocs...')
#21 C:\\xampp\\htdocs\\insure_daily\\vendor\\laravel\\framework\\src\\Illuminate\\Filesystem\\Filesystem.php(108): Illuminate\\Filesystem\\Filesystem::Illuminate\\Filesystem\\{closure}()
#22 C:\\xampp\\htdocs\\insure_daily\\vendor\\laravel\\framework\\src\\Illuminate\\View\\Engines\\PhpEngine.php(58): Illuminate\\Filesystem\\Filesystem->getRequire('C:\\\\xampp\\\\htdocs...', Array)
#23 C:\\xampp\\htdocs\\insure_daily\\vendor\\laravel\\framework\\src\\Illuminate\\View\\Engines\\CompilerEngine.php(61): Illuminate\\View\\Engines\\PhpEngine->evaluatePath('C:\\\\xampp\\\\htdocs...', Array)
#24 C:\\xampp\\htdocs\\insure_daily\\vendor\\facade\\ignition\\src\\Views\\Engines\\CompilerEngine.php(37): Illuminate\\View\\Engines\\CompilerEngine->get('C:\\\\xampp\\\\htdocs...', Array)
#25 C:\\xampp\\htdocs\\insure_daily\\vendor\\laravel\\framework\\src\\Illuminate\\View\\View.php(139): Facade\\Ignition\\Views\\Engines\\CompilerEngine->get('C:\\\\xampp\\\\htdocs...', Array)
#26 C:\\xampp\\htdocs\\insure_daily\\vendor\\laravel\\framework\\src\\Illuminate\\View\\View.php(122): Illuminate\\View\\View->getContents()
#27 C:\\xampp\\htdocs\\insure_daily\\vendor\\laravel\\framework\\src\\Illuminate\\View\\View.php(91): Illuminate\\View\\View->renderContents()
#28 C:\\xampp\\htdocs\\insure_daily\\vendor\\laravel\\framework\\src\\Illuminate\\Http\\Response.php(69): Illuminate\\View\\View->render()
#29 C:\\xampp\\htdocs\\insure_daily\\vendor\\laravel\\framework\\src\\Illuminate\\Http\\Response.php(35): Illuminate\\Http\\Response->setContent(Object(Illuminate\\View\\View))
#30 C:\\xampp\\htdocs\\insure_daily\\vendor\\laravel\\framework\\src\\Illuminate\\Routing\\Router.php(820): Illuminate\\Http\\Response->__construct(Object(Illuminate\\View\\View), 200, Array)
#31 C:\\xampp\\htdocs\\insure_daily\\vendor\\laravel\\framework\\src\\Illuminate\\Routing\\Router.php(789): Illuminate\\Routing\\Router::toResponse(Object(Illuminate\\Http\\Request), Object(Illuminate\\View\\View))
#32 C:\\xampp\\htdocs\\insure_daily\\vendor\\laravel\\framework\\src\\Illuminate\\Routing\\Router.php(720): Illuminate\\Routing\\Router->prepareResponse(Object(Illuminate\\Http\\Request), Object(Illuminate\\View\\View))
#33 C:\\xampp\\htdocs\\insure_daily\\vendor\\laravel\\framework\\src\\Illuminate\\Pipeline\\Pipeline.php(128): Illuminate\\Routing\\Router->Illuminate\\Routing\\{closure}(Object(Illuminate\\Http\\Request))
#34 C:\\xampp\\htdocs\\insure_daily\\app\\Http\\Middleware\\User.php(22): Illuminate\\Pipeline\\Pipeline->Illuminate\\Pipeline\\{closure}(Object(Illuminate\\Http\\Request))
#35 C:\\xampp\\htdocs\\insure_daily\\vendor\\laravel\\framework\\src\\Illuminate\\Pipeline\\Pipeline.php(167): App\\Http\\Middleware\\User->handle(Object(Illuminate\\Http\\Request), Object(Closure))
#36 C:\\xampp\\htdocs\\insure_daily\\vendor\\laravel\\framework\\src\\Illuminate\\Routing\\Middleware\\SubstituteBindings.php(50): Illuminate\\Pipeline\\Pipeline->Illuminate\\Pipeline\\{closure}(Object(Illuminate\\Http\\Request))
#37 C:\\xampp\\htdocs\\insure_daily\\vendor\\laravel\\framework\\src\\Illuminate\\Pipeline\\Pipeline.php(167): Illuminate\\Routing\\Middleware\\SubstituteBindings->handle(Object(Illuminate\\Http\\Request), Object(Closure))
#38 C:\\xampp\\htdocs\\insure_daily\\vendor\\laravel\\framework\\src\\Illuminate\\Foundation\\Http\\Middleware\\VerifyCsrfToken.php(78): Illuminate\\Pipeline\\Pipeline->Illuminate\\Pipeline\\{closure}(Object(Illuminate\\Http\\Request))
#39 C:\\xampp\\htdocs\\insure_daily\\vendor\\laravel\\framework\\src\\Illuminate\\Pipeline\\Pipeline.php(167): Illuminate\\Foundation\\Http\\Middleware\\VerifyCsrfToken->handle(Object(Illuminate\\Http\\Request), Object(Closure))
#40 C:\\xampp\\htdocs\\insure_daily\\vendor\\laravel\\framework\\src\\Illuminate\\View\\Middleware\\ShareErrorsFromSession.php(49): Illuminate\\Pipeline\\Pipeline->Illuminate\\Pipeline\\{closure}(Object(Illuminate\\Http\\Request))
#41 C:\\xampp\\htdocs\\insure_daily\\vendor\\laravel\\framework\\src\\Illuminate\\Pipeline\\Pipeline.php(167): Illuminate\\View\\Middleware\\ShareErrorsFromSession->handle(Object(Illuminate\\Http\\Request), Object(Closure))
#42 C:\\xampp\\htdocs\\insure_daily\\vendor\\laravel\\framework\\src\\Illuminate\\Session\\Middleware\\StartSession.php(121): Illuminate\\Pipeline\\Pipeline->Illuminate\\Pipeline\\{closure}(Object(Illuminate\\Http\\Request))
#43 C:\\xampp\\htdocs\\insure_daily\\vendor\\laravel\\framework\\src\\Illuminate\\Session\\Middleware\\StartSession.php(64): Illuminate\\Session\\Middleware\\StartSession->handleStatefulRequest(Object(Illuminate\\Http\\Request), Object(Illuminate\\Session\\Store), Object(Closure))
#44 C:\\xampp\\htdocs\\insure_daily\\vendor\\laravel\\framework\\src\\Illuminate\\Pipeline\\Pipeline.php(167): Illuminate\\Session\\Middleware\\StartSession->handle(Object(Illuminate\\Http\\Request), Object(Closure))
#45 C:\\xampp\\htdocs\\insure_daily\\vendor\\laravel\\framework\\src\\Illuminate\\Cookie\\Middleware\\AddQueuedCookiesToResponse.php(37): Illuminate\\Pipeline\\Pipeline->Illuminate\\Pipeline\\{closure}(Object(Illuminate\\Http\\Request))
#46 C:\\xampp\\htdocs\\insure_daily\\vendor\\laravel\\framework\\src\\Illuminate\\Pipeline\\Pipeline.php(167): Illuminate\\Cookie\\Middleware\\AddQueuedCookiesToResponse->handle(Object(Illuminate\\Http\\Request), Object(Closure))
#47 C:\\xampp\\htdocs\\insure_daily\\vendor\\laravel\\framework\\src\\Illuminate\\Cookie\\Middleware\\EncryptCookies.php(67): Illuminate\\Pipeline\\Pipeline->Illuminate\\Pipeline\\{closure}(Object(Illuminate\\Http\\Request))
#48 C:\\xampp\\htdocs\\insure_daily\\vendor\\laravel\\framework\\src\\Illuminate\\Pipeline\\Pipeline.php(167): Illuminate\\Cookie\\Middleware\\EncryptCookies->handle(Object(Illuminate\\Http\\Request), Object(Closure))
#49 C:\\xampp\\htdocs\\insure_daily\\vendor\\laravel\\framework\\src\\Illuminate\\Pipeline\\Pipeline.php(103): Illuminate\\Pipeline\\Pipeline->Illuminate\\Pipeline\\{closure}(Object(Illuminate\\Http\\Request))
#50 C:\\xampp\\htdocs\\insure_daily\\vendor\\laravel\\framework\\src\\Illuminate\\Routing\\Router.php(719): Illuminate\\Pipeline\\Pipeline->then(Object(Closure))
#51 C:\\xampp\\htdocs\\insure_daily\\vendor\\laravel\\framework\\src\\Illuminate\\Routing\\Router.php(698): Illuminate\\Routing\\Router->runRouteWithinStack(Object(Illuminate\\Routing\\Route), Object(Illuminate\\Http\\Request))
#52 C:\\xampp\\htdocs\\insure_daily\\vendor\\laravel\\framework\\src\\Illuminate\\Routing\\Router.php(662): Illuminate\\Routing\\Router->runRoute(Object(Illuminate\\Http\\Request), Object(Illuminate\\Routing\\Route))
#53 C:\\xampp\\htdocs\\insure_daily\\vendor\\laravel\\framework\\src\\Illuminate\\Routing\\Router.php(651): Illuminate\\Routing\\Router->dispatchToRoute(Object(Illuminate\\Http\\Request))
#54 C:\\xampp\\htdocs\\insure_daily\\vendor\\laravel\\framework\\src\\Illuminate\\Foundation\\Http\\Kernel.php(167): Illuminate\\Routing\\Router->dispatch(Object(Illuminate\\Http\\Request))
#55 C:\\xampp\\htdocs\\insure_daily\\vendor\\laravel\\framework\\src\\Illuminate\\Pipeline\\Pipeline.php(128): Illuminate\\Foundation\\Http\\Kernel->Illuminate\\Foundation\\Http\\{closure}(Object(Illuminate\\Http\\Request))
#56 C:\\xampp\\htdocs\\insure_daily\\vendor\\laravel\\framework\\src\\Illuminate\\Foundation\\Http\\Middleware\\TransformsRequest.php(21): Illuminate\\Pipeline\\Pipeline->Illuminate\\Pipeline\\{closure}(Object(Illuminate\\Http\\Request))
#57 C:\\xampp\\htdocs\\insure_daily\\vendor\\laravel\\framework\\src\\Illuminate\\Foundation\\Http\\Middleware\\ConvertEmptyStringsToNull.php(31): Illuminate\\Foundation\\Http\\Middleware\\TransformsRequest->handle(Object(Illuminate\\Http\\Request), Object(Closure))
#58 C:\\xampp\\htdocs\\insure_daily\\vendor\\laravel\\framework\\src\\Illuminate\\Pipeline\\Pipeline.php(167): Illuminate\\Foundation\\Http\\Middleware\\ConvertEmptyStringsToNull->handle(Object(Illuminate\\Http\\Request), Object(Closure))
#59 C:\\xampp\\htdocs\\insure_daily\\vendor\\laravel\\framework\\src\\Illuminate\\Foundation\\Http\\Middleware\\TransformsRequest.php(21): Illuminate\\Pipeline\\Pipeline->Illuminate\\Pipeline\\{closure}(Object(Illuminate\\Http\\Request))
#60 C:\\xampp\\htdocs\\insure_daily\\vendor\\laravel\\framework\\src\\Illuminate\\Foundation\\Http\\Middleware\\TrimStrings.php(40): Illuminate\\Foundation\\Http\\Middleware\\TransformsRequest->handle(Object(Illuminate\\Http\\Request), Object(Closure))
#61 C:\\xampp\\htdocs\\insure_daily\\vendor\\laravel\\framework\\src\\Illuminate\\Pipeline\\Pipeline.php(167): Illuminate\\Foundation\\Http\\Middleware\\TrimStrings->handle(Object(Illuminate\\Http\\Request), Object(Closure))
#62 C:\\xampp\\htdocs\\insure_daily\\vendor\\laravel\\framework\\src\\Illuminate\\Foundation\\Http\\Middleware\\ValidatePostSize.php(27): Illuminate\\Pipeline\\Pipeline->Illuminate\\Pipeline\\{closure}(Object(Illuminate\\Http\\Request))
#63 C:\\xampp\\htdocs\\insure_daily\\vendor\\laravel\\framework\\src\\Illuminate\\Pipeline\\Pipeline.php(167): Illuminate\\Foundation\\Http\\Middleware\\ValidatePostSize->handle(Object(Illuminate\\Http\\Request), Object(Closure))
#64 C:\\xampp\\htdocs\\insure_daily\\vendor\\laravel\\framework\\src\\Illuminate\\Foundation\\Http\\Middleware\\PreventRequestsDuringMaintenance.php(86): Illuminate\\Pipeline\\Pipeline->Illuminate\\Pipeline\\{closure}(Object(Illuminate\\Http\\Request))
#65 C:\\xampp\\htdocs\\insure_daily\\vendor\\laravel\\framework\\src\\Illuminate\\Pipeline\\Pipeline.php(167): Illuminate\\Foundation\\Http\\Middleware\\PreventRequestsDuringMaintenance->handle(Object(Illuminate\\Http\\Request), Object(Closure))
#66 C:\\xampp\\htdocs\\insure_daily\\vendor\\fruitcake\\laravel-cors\\src\\HandleCors.php(38): Illuminate\\Pipeline\\Pipeline->Illuminate\\Pipeline\\{closure}(Object(Illuminate\\Http\\Request))
#67 C:\\xampp\\htdocs\\insure_daily\\vendor\\laravel\\framework\\src\\Illuminate\\Pipeline\\Pipeline.php(167): Fruitcake\\Cors\\HandleCors->handle(Object(Illuminate\\Http\\Request), Object(Closure))
#68 C:\\xampp\\htdocs\\insure_daily\\vendor\\laravel\\framework\\src\\Illuminate\\Http\\Middleware\\TrustProxies.php(39): Illuminate\\Pipeline\\Pipeline->Illuminate\\Pipeline\\{closure}(Object(Illuminate\\Http\\Request))
#69 C:\\xampp\\htdocs\\insure_daily\\vendor\\laravel\\framework\\src\\Illuminate\\Pipeline\\Pipeline.php(167): Illuminate\\Http\\Middleware\\TrustProxies->handle(Object(Illuminate\\Http\\Request), Object(Closure))
#70 C:\\xampp\\htdocs\\insure_daily\\vendor\\laravel\\framework\\src\\Illuminate\\Pipeline\\Pipeline.php(103): Illuminate\\Pipeline\\Pipeline->Illuminate\\Pipeline\\{closure}(Object(Illuminate\\Http\\Request))
#71 C:\\xampp\\htdocs\\insure_daily\\vendor\\laravel\\framework\\src\\Illuminate\\Foundation\\Http\\Kernel.php(142): Illuminate\\Pipeline\\Pipeline->then(Object(Closure))
#72 C:\\xampp\\htdocs\\insure_daily\\vendor\\laravel\\framework\\src\\Illuminate\\Foundation\\Http\\Kernel.php(111): Illuminate\\Foundation\\Http\\Kernel->sendRequestThroughRouter(Object(Illuminate\\Http\\Request))
#73 C:\\xampp\\htdocs\\insure_daily\\public\\index.php(51): Illuminate\\Foundation\\Http\\Kernel->handle(Object(Illuminate\\Http\\Request))
#74 C:\\xampp\\htdocs\\insure_daily\\index.php(21): require_once('C:\\\\xampp\\\\htdocs...')
#75 {main}

[previous exception] [object] (Symfony\\Component\\Routing\\Exception\\RouteNotFoundException(code: 0): Route [marketing] not defined. at C:\\xampp\\htdocs\\insure_daily\\vendor\\laravel\\framework\\src\\Illuminate\\Routing\\UrlGenerator.php:444)
[stacktrace]
#0 C:\\xampp\\htdocs\\insure_daily\\vendor\\laravel\\framework\\src\\Illuminate\\Foundation\\helpers.php(739): Illuminate\\Routing\\UrlGenerator->route('marketing', Array, true)
#1 C:\\xampp\\htdocs\\insure_daily\\storage\\framework\\views\\7b54d0875f100b5b4fed2502430ca59bfd595946.php(23): route('marketing')
#2 C:\\xampp\\htdocs\\insure_daily\\vendor\\laravel\\framework\\src\\Illuminate\\Filesystem\\Filesystem.php(107): require('C:\\\\xampp\\\\htdocs...')
#3 C:\\xampp\\htdocs\\insure_daily\\vendor\\laravel\\framework\\src\\Illuminate\\Filesystem\\Filesystem.php(108): Illuminate\\Filesystem\\Filesystem::Illuminate\\Filesystem\\{closure}()
#4 C:\\xampp\\htdocs\\insure_daily\\vendor\\laravel\\framework\\src\\Illuminate\\View\\Engines\\PhpEngine.php(58): Illuminate\\Filesystem\\Filesystem->getRequire('C:\\\\xampp\\\\htdocs...', Array)
#5 C:\\xampp\\htdocs\\insure_daily\\vendor\\laravel\\framework\\src\\Illuminate\\View\\Engines\\CompilerEngine.php(61): Illuminate\\View\\Engines\\PhpEngine->evaluatePath('C:\\\\xampp\\\\htdocs...', Array)
#6 C:\\xampp\\htdocs\\insure_daily\\vendor\\facade\\ignition\\src\\Views\\Engines\\CompilerEngine.php(37): Illuminate\\View\\Engines\\CompilerEngine->get('C:\\\\xampp\\\\htdocs...', Array)
#7 C:\\xampp\\htdocs\\insure_daily\\vendor\\laravel\\framework\\src\\Illuminate\\View\\View.php(139): Facade\\Ignition\\Views\\Engines\\CompilerEngine->get('C:\\\\xampp\\\\htdocs...', Array)
#8 C:\\xampp\\htdocs\\insure_daily\\vendor\\laravel\\framework\\src\\Illuminate\\View\\View.php(122): Illuminate\\View\\View->getContents()
#9 C:\\xampp\\htdocs\\insure_daily\\vendor\\laravel\\framework\\src\\Illuminate\\View\\View.php(91): Illuminate\\View\\View->renderContents()
#10 C:\\xampp\\htdocs\\insure_daily\\storage\\framework\\views\\d348b9e539d24ab0ca18af158465759fd3671292.php(88): Illuminate\\View\\View->render()
#11 C:\\xampp\\htdocs\\insure_daily\\vendor\\laravel\\framework\\src\\Illuminate\\Filesystem\\Filesystem.php(107): require('C:\\\\xampp\\\\htdocs...')
#12 C:\\xampp\\htdocs\\insure_daily\\vendor\\laravel\\framework\\src\\Illuminate\\Filesystem\\Filesystem.php(108): Illuminate\\Filesystem\\Filesystem::Illuminate\\Filesystem\\{closure}()
#13 C:\\xampp\\htdocs\\insure_daily\\vendor\\laravel\\framework\\src\\Illuminate\\View\\Engines\\PhpEngine.php(58): Illuminate\\Filesystem\\Filesystem->getRequire('C:\\\\xampp\\\\htdocs...', Array)
#14 C:\\xampp\\htdocs\\insure_daily\\vendor\\laravel\\framework\\src\\Illuminate\\View\\Engines\\CompilerEngine.php(61): Illuminate\\View\\Engines\\PhpEngine->evaluatePath('C:\\\\xampp\\\\htdocs...', Array)
#15 C:\\xampp\\htdocs\\insure_daily\\vendor\\facade\\ignition\\src\\Views\\Engines\\CompilerEngine.php(37): Illuminate\\View\\Engines\\CompilerEngine->get('C:\\\\xampp\\\\htdocs...', Array)
#16 C:\\xampp\\htdocs\\insure_daily\\vendor\\laravel\\framework\\src\\Illuminate\\View\\View.php(139): Facade\\Ignition\\Views\\Engines\\CompilerEngine->get('C:\\\\xampp\\\\htdocs...', Array)
#17 C:\\xampp\\htdocs\\insure_daily\\vendor\\laravel\\framework\\src\\Illuminate\\View\\View.php(122): Illuminate\\View\\View->getContents()
#18 C:\\xampp\\htdocs\\insure_daily\\vendor\\laravel\\framework\\src\\Illuminate\\View\\View.php(91): Illuminate\\View\\View->renderContents()
#19 C:\\xampp\\htdocs\\insure_daily\\storage\\framework\\views\\76e8704f401f985db34cb9856f3e53d4e3fe2018.php(82): Illuminate\\View\\View->render()
#20 C:\\xampp\\htdocs\\insure_daily\\vendor\\laravel\\framework\\src\\Illuminate\\Filesystem\\Filesystem.php(107): require('C:\\\\xampp\\\\htdocs...')
#21 C:\\xampp\\htdocs\\insure_daily\\vendor\\laravel\\framework\\src\\Illuminate\\Filesystem\\Filesystem.php(108): Illuminate\\Filesystem\\Filesystem::Illuminate\\Filesystem\\{closure}()
#22 C:\\xampp\\htdocs\\insure_daily\\vendor\\laravel\\framework\\src\\Illuminate\\View\\Engines\\PhpEngine.php(58): Illuminate\\Filesystem\\Filesystem->getRequire('C:\\\\xampp\\\\htdocs...', Array)
#23 C:\\xampp\\htdocs\\insure_daily\\vendor\\laravel\\framework\\src\\Illuminate\\View\\Engines\\CompilerEngine.php(61): Illuminate\\View\\Engines\\PhpEngine->evaluatePath('C:\\\\xampp\\\\htdocs...', Array)
#24 C:\\xampp\\htdocs\\insure_daily\\vendor\\facade\\ignition\\src\\Views\\Engines\\CompilerEngine.php(37): Illuminate\\View\\Engines\\CompilerEngine->get('C:\\\\xampp\\\\htdocs...', Array)
#25 C:\\xampp\\htdocs\\insure_daily\\vendor\\laravel\\framework\\src\\Illuminate\\View\\View.php(139): Facade\\Ignition\\Views\\Engines\\CompilerEngine->get('C:\\\\xampp\\\\htdocs...', Array)
#26 C:\\xampp\\htdocs\\insure_daily\\vendor\\laravel\\framework\\src\\Illuminate\\View\\View.php(122): Illuminate\\View\\View->getContents()
#27 C:\\xampp\\htdocs\\insure_daily\\vendor\\laravel\\framework\\src\\Illuminate\\View\\View.php(91): Illuminate\\View\\View->renderContents()
#28 C:\\xampp\\htdocs\\insure_daily\\vendor\\laravel\\framework\\src\\Illuminate\\Http\\Response.php(69): Illuminate\\View\\View->render()
#29 C:\\xampp\\htdocs\\insure_daily\\vendor\\laravel\\framework\\src\\Illuminate\\Http\\Response.php(35): Illuminate\\Http\\Response->setContent(Object(Illuminate\\View\\View))
#30 C:\\xampp\\htdocs\\insure_daily\\vendor\\laravel\\framework\\src\\Illuminate\\Routing\\Router.php(820): Illuminate\\Http\\Response->__construct(Object(Illuminate\\View\\View), 200, Array)
#31 C:\\xampp\\htdocs\\insure_daily\\vendor\\laravel\\framework\\src\\Illuminate\\Routing\\Router.php(789): Illuminate\\Routing\\Router::toResponse(Object(Illuminate\\Http\\Request), Object(Illuminate\\View\\View))
#32 C:\\xampp\\htdocs\\insure_daily\\vendor\\laravel\\framework\\src\\Illuminate\\Routing\\Router.php(720): Illuminate\\Routing\\Router->prepareResponse(Object(Illuminate\\Http\\Request), Object(Illuminate\\View\\View))
#33 C:\\xampp\\htdocs\\insure_daily\\vendor\\laravel\\framework\\src\\Illuminate\\Pipeline\\Pipeline.php(128): Illuminate\\Routing\\Router->Illuminate\\Routing\\{closure}(Object(Illuminate\\Http\\Request))
#34 C:\\xampp\\htdocs\\insure_daily\\app\\Http\\Middleware\\User.php(22): Illuminate\\Pipeline\\Pipeline->Illuminate\\Pipeline\\{closure}(Object(Illuminate\\Http\\Request))
#35 C:\\xampp\\htdocs\\insure_daily\\vendor\\laravel\\framework\\src\\Illuminate\\Pipeline\\Pipeline.php(167): App\\Http\\Middleware\\User->handle(Object(Illuminate\\Http\\Request), Object(Closure))
#36 C:\\xampp\\htdocs\\insure_daily\\vendor\\laravel\\framework\\src\\Illuminate\\Routing\\Middleware\\SubstituteBindings.php(50): Illuminate\\Pipeline\\Pipeline->Illuminate\\Pipeline\\{closure}(Object(Illuminate\\Http\\Request))
#37 C:\\xampp\\htdocs\\insure_daily\\vendor\\laravel\\framework\\src\\Illuminate\\Pipeline\\Pipeline.php(167): Illuminate\\Routing\\Middleware\\SubstituteBindings->handle(Object(Illuminate\\Http\\Request), Object(Closure))
#38 C:\\xampp\\htdocs\\insure_daily\\vendor\\laravel\\framework\\src\\Illuminate\\Foundation\\Http\\Middleware\\VerifyCsrfToken.php(78): Illuminate\\Pipeline\\Pipeline->Illuminate\\Pipeline\\{closure}(Object(Illuminate\\Http\\Request))
#39 C:\\xampp\\htdocs\\insure_daily\\vendor\\laravel\\framework\\src\\Illuminate\\Pipeline\\Pipeline.php(167): Illuminate\\Foundation\\Http\\Middleware\\VerifyCsrfToken->handle(Object(Illuminate\\Http\\Request), Object(Closure))
#40 C:\\xampp\\htdocs\\insure_daily\\vendor\\laravel\\framework\\src\\Illuminate\\View\\Middleware\\ShareErrorsFromSession.php(49): Illuminate\\Pipeline\\Pipeline->Illuminate\\Pipeline\\{closure}(Object(Illuminate\\Http\\Request))
#41 C:\\xampp\\htdocs\\insure_daily\\vendor\\laravel\\framework\\src\\Illuminate\\Pipeline\\Pipeline.php(167): Illuminate\\View\\Middleware\\ShareErrorsFromSession->handle(Object(Illuminate\\Http\\Request), Object(Closure))
#42 C:\\xampp\\htdocs\\insure_daily\\vendor\\laravel\\framework\\src\\Illuminate\\Session\\Middleware\\StartSession.php(121): Illuminate\\Pipeline\\Pipeline->Illuminate\\Pipeline\\{closure}(Object(Illuminate\\Http\\Request))
#43 C:\\xampp\\htdocs\\insure_daily\\vendor\\laravel\\framework\\src\\Illuminate\\Session\\Middleware\\StartSession.php(64): Illuminate\\Session\\Middleware\\StartSession->handleStatefulRequest(Object(Illuminate\\Http\\Request), Object(Illuminate\\Session\\Store), Object(Closure))
#44 C:\\xampp\\htdocs\\insure_daily\\vendor\\laravel\\framework\\src\\Illuminate\\Pipeline\\Pipeline.php(167): Illuminate\\Session\\Middleware\\StartSession->handle(Object(Illuminate\\Http\\Request), Object(Closure))
#45 C:\\xampp\\htdocs\\insure_daily\\vendor\\laravel\\framework\\src\\Illuminate\\Cookie\\Middleware\\AddQueuedCookiesToResponse.php(37): Illuminate\\Pipeline\\Pipeline->Illuminate\\Pipeline\\{closure}(Object(Illuminate\\Http\\Request))
#46 C:\\xampp\\htdocs\\insure_daily\\vendor\\laravel\\framework\\src\\Illuminate\\Pipeline\\Pipeline.php(167): Illuminate\\Cookie\\Middleware\\AddQueuedCookiesToResponse->handle(Object(Illuminate\\Http\\Request), Object(Closure))
#47 C:\\xampp\\htdocs\\insure_daily\\vendor\\laravel\\framework\\src\\Illuminate\\Cookie\\Middleware\\EncryptCookies.php(67): Illuminate\\Pipeline\\Pipeline->Illuminate\\Pipeline\\{closure}(Object(Illuminate\\Http\\Request))
#48 C:\\xampp\\htdocs\\insure_daily\\vendor\\laravel\\framework\\src\\Illuminate\\Pipeline\\Pipeline.php(167): Illuminate\\Cookie\\Middleware\\EncryptCookies->handle(Object(Illuminate\\Http\\Request), Object(Closure))
#49 C:\\xampp\\htdocs\\insure_daily\\vendor\\laravel\\framework\\src\\Illuminate\\Pipeline\\Pipeline.php(103): Illuminate\\Pipeline\\Pipeline->Illuminate\\Pipeline\\{closure}(Object(Illuminate\\Http\\Request))
#50 C:\\xampp\\htdocs\\insure_daily\\vendor\\laravel\\framework\\src\\Illuminate\\Routing\\Router.php(719): Illuminate\\Pipeline\\Pipeline->then(Object(Closure))
#51 C:\\xampp\\htdocs\\insure_daily\\vendor\\laravel\\framework\\src\\Illuminate\\Routing\\Router.php(698): Illuminate\\Routing\\Router->runRouteWithinStack(Object(Illuminate\\Routing\\Route), Object(Illuminate\\Http\\Request))
#52 C:\\xampp\\htdocs\\insure_daily\\vendor\\laravel\\framework\\src\\Illuminate\\Routing\\Router.php(662): Illuminate\\Routing\\Router->runRoute(Object(Illuminate\\Http\\Request), Object(Illuminate\\Routing\\Route))
#53 C:\\xampp\\htdocs\\insure_daily\\vendor\\laravel\\framework\\src\\Illuminate\\Routing\\Router.php(651): Illuminate\\Routing\\Router->dispatchToRoute(Object(Illuminate\\Http\\Request))
#54 C:\\xampp\\htdocs\\insure_daily\\vendor\\laravel\\framework\\src\\Illuminate\\Foundation\\Http\\Kernel.php(167): Illuminate\\Routing\\Router->dispatch(Object(Illuminate\\Http\\Request))
#55 C:\\xampp\\htdocs\\insure_daily\\vendor\\laravel\\framework\\src\\Illuminate\\Pipeline\\Pipeline.php(128): Illuminate\\Foundation\\Http\\Kernel->Illuminate\\Foundation\\Http\\{closure}(Object(Illuminate\\Http\\Request))
#56 C:\\xampp\\htdocs\\insure_daily\\vendor\\laravel\\framework\\src\\Illuminate\\Foundation\\Http\\Middleware\\TransformsRequest.php(21): Illuminate\\Pipeline\\Pipeline->Illuminate\\Pipeline\\{closure}(Object(Illuminate\\Http\\Request))
#57 C:\\xampp\\htdocs\\insure_daily\\vendor\\laravel\\framework\\src\\Illuminate\\Foundation\\Http\\Middleware\\ConvertEmptyStringsToNull.php(31): Illuminate\\Foundation\\Http\\Middleware\\TransformsRequest->handle(Object(Illuminate\\Http\\Request), Object(Closure))
#58 C:\\xampp\\htdocs\\insure_daily\\vendor\\laravel\\framework\\src\\Illuminate\\Pipeline\\Pipeline.php(167): Illuminate\\Foundation\\Http\\Middleware\\ConvertEmptyStringsToNull->handle(Object(Illuminate\\Http\\Request), Object(Closure))
#59 C:\\xampp\\htdocs\\insure_daily\\vendor\\laravel\\framework\\src\\Illuminate\\Foundation\\Http\\Middleware\\TransformsRequest.php(21): Illuminate\\Pipeline\\Pipeline->Illuminate\\Pipeline\\{closure}(Object(Illuminate\\Http\\Request))
#60 C:\\xampp\\htdocs\\insure_daily\\vendor\\laravel\\framework\\src\\Illuminate\\Foundation\\Http\\Middleware\\TrimStrings.php(40): Illuminate\\Foundation\\Http\\Middleware\\TransformsRequest->handle(Object(Illuminate\\Http\\Request), Object(Closure))
#61 C:\\xampp\\htdocs\\insure_daily\\vendor\\laravel\\framework\\src\\Illuminate\\Pipeline\\Pipeline.php(167): Illuminate\\Foundation\\Http\\Middleware\\TrimStrings->handle(Object(Illuminate\\Http\\Request), Object(Closure))
#62 C:\\xampp\\htdocs\\insure_daily\\vendor\\laravel\\framework\\src\\Illuminate\\Foundation\\Http\\Middleware\\ValidatePostSize.php(27): Illuminate\\Pipeline\\Pipeline->Illuminate\\Pipeline\\{closure}(Object(Illuminate\\Http\\Request))
#63 C:\\xampp\\htdocs\\insure_daily\\vendor\\laravel\\framework\\src\\Illuminate\\Pipeline\\Pipeline.php(167): Illuminate\\Foundation\\Http\\Middleware\\ValidatePostSize->handle(Object(Illuminate\\Http\\Request), Object(Closure))
#64 C:\\xampp\\htdocs\\insure_daily\\vendor\\laravel\\framework\\src\\Illuminate\\Foundation\\Http\\Middleware\\PreventRequestsDuringMaintenance.php(86): Illuminate\\Pipeline\\Pipeline->Illuminate\\Pipeline\\{closure}(Object(Illuminate\\Http\\Request))
#65 C:\\xampp\\htdocs\\insure_daily\\vendor\\laravel\\framework\\src\\Illuminate\\Pipeline\\Pipeline.php(167): Illuminate\\Foundation\\Http\\Middleware\\PreventRequestsDuringMaintenance->handle(Object(Illuminate\\Http\\Request), Object(Closure))
#66 C:\\xampp\\htdocs\\insure_daily\\vendor\\fruitcake\\laravel-cors\\src\\HandleCors.php(38): Illuminate\\Pipeline\\Pipeline->Illuminate\\Pipeline\\{closure}(Object(Illuminate\\Http\\Request))
#67 C:\\xampp\\htdocs\\insure_daily\\vendor\\laravel\\framework\\src\\Illuminate\\Pipeline\\Pipeline.php(167): Fruitcake\\Cors\\HandleCors->handle(Object(Illuminate\\Http\\Request), Object(Closure))
#68 C:\\xampp\\htdocs\\insure_daily\\vendor\\laravel\\framework\\src\\Illuminate\\Http\\Middleware\\TrustProxies.php(39): Illuminate\\Pipeline\\Pipeline->Illuminate\\Pipeline\\{closure}(Object(Illuminate\\Http\\Request))
#69 C:\\xampp\\htdocs\\insure_daily\\vendor\\laravel\\framework\\src\\Illuminate\\Pipeline\\Pipeline.php(167): Illuminate\\Http\\Middleware\\TrustProxies->handle(Object(Illuminate\\Http\\Request), Object(Closure))
#70 C:\\xampp\\htdocs\\insure_daily\\vendor\\laravel\\framework\\src\\Illuminate\\Pipeline\\Pipeline.php(103): Illuminate\\Pipeline\\Pipeline->Illuminate\\Pipeline\\{closure}(Object(Illuminate\\Http\\Request))
#71 C:\\xampp\\htdocs\\insure_daily\\vendor\\laravel\\framework\\src\\Illuminate\\Foundation\\Http\\Kernel.php(142): Illuminate\\Pipeline\\Pipeline->then(Object(Closure))
#72 C:\\xampp\\htdocs\\insure_daily\\vendor\\laravel\\framework\\src\\Illuminate\\Foundation\\Http\\Kernel.php(111): Illuminate\\Foundation\\Http\\Kernel->sendRequestThroughRouter(Object(Illuminate\\Http\\Request))
#73 C:\\xampp\\htdocs\\insure_daily\\public\\index.php(51): Illuminate\\Foundation\\Http\\Kernel->handle(Object(Illuminate\\Http\\Request))
#74 C:\\xampp\\htdocs\\insure_daily\\index.php(21): require_once('C:\\\\xampp\\\\htdocs...')
#75 {main}
"} 
[2025-04-11 06:50:43] local.ERROR: SQLSTATE[HY000] [1049] Unknown database 'new' (SQL: select * from `f_a_q_s` order by `created_at` desc) {"exception":"[object] (Illuminate\\Database\\QueryException(code: 1049): SQLSTATE[HY000] [1049] Unknown database 'new' (SQL: select * from `f_a_q_s` order by `created_at` desc) at C:\\xampp\\htdocs\\insure_daily\\vendor\\laravel\\framework\\src\\Illuminate\\Database\\Connection.php:712)
[stacktrace]
#0 C:\\xampp\\htdocs\\insure_daily\\vendor\\laravel\\framework\\src\\Illuminate\\Database\\Connection.php(672): Illuminate\\Database\\Connection->runQueryCallback('select * from `...', Array, Object(Closure))
#1 C:\\xampp\\htdocs\\insure_daily\\vendor\\laravel\\framework\\src\\Illuminate\\Database\\Connection.php(376): Illuminate\\Database\\Connection->run('select * from `...', Array, Object(Closure))
#2 C:\\xampp\\htdocs\\insure_daily\\vendor\\laravel\\framework\\src\\Illuminate\\Database\\Query\\Builder.php(2414): Illuminate\\Database\\Connection->select('select * from `...', Array, true)
#3 C:\\xampp\\htdocs\\insure_daily\\vendor\\laravel\\framework\\src\\Illuminate\\Database\\Query\\Builder.php(2402): Illuminate\\Database\\Query\\Builder->runSelect()
#4 C:\\xampp\\htdocs\\insure_daily\\vendor\\laravel\\framework\\src\\Illuminate\\Database\\Query\\Builder.php(2936): Illuminate\\Database\\Query\\Builder->Illuminate\\Database\\Query\\{closure}()
#5 C:\\xampp\\htdocs\\insure_daily\\vendor\\laravel\\framework\\src\\Illuminate\\Database\\Query\\Builder.php(2403): Illuminate\\Database\\Query\\Builder->onceWithColumns(Array, Object(Closure))
#6 C:\\xampp\\htdocs\\insure_daily\\vendor\\laravel\\framework\\src\\Illuminate\\Database\\Eloquent\\Builder.php(625): Illuminate\\Database\\Query\\Builder->get(Array)
#7 C:\\xampp\\htdocs\\insure_daily\\vendor\\laravel\\framework\\src\\Illuminate\\Database\\Eloquent\\Builder.php(609): Illuminate\\Database\\Eloquent\\Builder->getModels(Array)
#8 C:\\xampp\\htdocs\\insure_daily\\app\\Http\\Controllers\\Web\\WebsiteController.php(14): Illuminate\\Database\\Eloquent\\Builder->get()
#9 C:\\xampp\\htdocs\\insure_daily\\vendor\\laravel\\framework\\src\\Illuminate\\Routing\\Controller.php(54): App\\Http\\Controllers\\Web\\WebsiteController->webIndex()
#10 C:\\xampp\\htdocs\\insure_daily\\vendor\\laravel\\framework\\src\\Illuminate\\Routing\\ControllerDispatcher.php(45): Illuminate\\Routing\\Controller->callAction('webIndex', Array)
#11 C:\\xampp\\htdocs\\insure_daily\\vendor\\laravel\\framework\\src\\Illuminate\\Routing\\Route.php(262): Illuminate\\Routing\\ControllerDispatcher->dispatch(Object(Illuminate\\Routing\\Route), Object(App\\Http\\Controllers\\Web\\WebsiteController), 'webIndex')
#12 C:\\xampp\\htdocs\\insure_daily\\vendor\\laravel\\framework\\src\\Illuminate\\Routing\\Route.php(205): Illuminate\\Routing\\Route->runController()
#13 C:\\xampp\\htdocs\\insure_daily\\vendor\\laravel\\framework\\src\\Illuminate\\Routing\\Router.php(721): Illuminate\\Routing\\Route->run()
#14 C:\\xampp\\htdocs\\insure_daily\\vendor\\laravel\\framework\\src\\Illuminate\\Pipeline\\Pipeline.php(128): Illuminate\\Routing\\Router->Illuminate\\Routing\\{closure}(Object(Illuminate\\Http\\Request))
#15 C:\\xampp\\htdocs\\insure_daily\\vendor\\laravel\\framework\\src\\Illuminate\\Routing\\Middleware\\SubstituteBindings.php(50): Illuminate\\Pipeline\\Pipeline->Illuminate\\Pipeline\\{closure}(Object(Illuminate\\Http\\Request))
#16 C:\\xampp\\htdocs\\insure_daily\\vendor\\laravel\\framework\\src\\Illuminate\\Pipeline\\Pipeline.php(167): Illuminate\\Routing\\Middleware\\SubstituteBindings->handle(Object(Illuminate\\Http\\Request), Object(Closure))
#17 C:\\xampp\\htdocs\\insure_daily\\vendor\\laravel\\framework\\src\\Illuminate\\Foundation\\Http\\Middleware\\VerifyCsrfToken.php(78): Illuminate\\Pipeline\\Pipeline->Illuminate\\Pipeline\\{closure}(Object(Illuminate\\Http\\Request))
#18 C:\\xampp\\htdocs\\insure_daily\\vendor\\laravel\\framework\\src\\Illuminate\\Pipeline\\Pipeline.php(167): Illuminate\\Foundation\\Http\\Middleware\\VerifyCsrfToken->handle(Object(Illuminate\\Http\\Request), Object(Closure))
#19 C:\\xampp\\htdocs\\insure_daily\\vendor\\laravel\\framework\\src\\Illuminate\\View\\Middleware\\ShareErrorsFromSession.php(49): Illuminate\\Pipeline\\Pipeline->Illuminate\\Pipeline\\{closure}(Object(Illuminate\\Http\\Request))
#20 C:\\xampp\\htdocs\\insure_daily\\vendor\\laravel\\framework\\src\\Illuminate\\Pipeline\\Pipeline.php(167): Illuminate\\View\\Middleware\\ShareErrorsFromSession->handle(Object(Illuminate\\Http\\Request), Object(Closure))
#21 C:\\xampp\\htdocs\\insure_daily\\vendor\\laravel\\framework\\src\\Illuminate\\Session\\Middleware\\StartSession.php(121): Illuminate\\Pipeline\\Pipeline->Illuminate\\Pipeline\\{closure}(Object(Illuminate\\Http\\Request))
#22 C:\\xampp\\htdocs\\insure_daily\\vendor\\laravel\\framework\\src\\Illuminate\\Session\\Middleware\\StartSession.php(64): Illuminate\\Session\\Middleware\\StartSession->handleStatefulRequest(Object(Illuminate\\Http\\Request), Object(Illuminate\\Session\\Store), Object(Closure))
#23 C:\\xampp\\htdocs\\insure_daily\\vendor\\laravel\\framework\\src\\Illuminate\\Pipeline\\Pipeline.php(167): Illuminate\\Session\\Middleware\\StartSession->handle(Object(Illuminate\\Http\\Request), Object(Closure))
#24 C:\\xampp\\htdocs\\insure_daily\\vendor\\laravel\\framework\\src\\Illuminate\\Cookie\\Middleware\\AddQueuedCookiesToResponse.php(37): Illuminate\\Pipeline\\Pipeline->Illuminate\\Pipeline\\{closure}(Object(Illuminate\\Http\\Request))
#25 C:\\xampp\\htdocs\\insure_daily\\vendor\\laravel\\framework\\src\\Illuminate\\Pipeline\\Pipeline.php(167): Illuminate\\Cookie\\Middleware\\AddQueuedCookiesToResponse->handle(Object(Illuminate\\Http\\Request), Object(Closure))
#26 C:\\xampp\\htdocs\\insure_daily\\vendor\\laravel\\framework\\src\\Illuminate\\Cookie\\Middleware\\EncryptCookies.php(67): Illuminate\\Pipeline\\Pipeline->Illuminate\\Pipeline\\{closure}(Object(Illuminate\\Http\\Request))
#27 C:\\xampp\\htdocs\\insure_daily\\vendor\\laravel\\framework\\src\\Illuminate\\Pipeline\\Pipeline.php(167): Illuminate\\Cookie\\Middleware\\EncryptCookies->handle(Object(Illuminate\\Http\\Request), Object(Closure))
#28 C:\\xampp\\htdocs\\insure_daily\\vendor\\laravel\\framework\\src\\Illuminate\\Pipeline\\Pipeline.php(103): Illuminate\\Pipeline\\Pipeline->Illuminate\\Pipeline\\{closure}(Object(Illuminate\\Http\\Request))
#29 C:\\xampp\\htdocs\\insure_daily\\vendor\\laravel\\framework\\src\\Illuminate\\Routing\\Router.php(723): Illuminate\\Pipeline\\Pipeline->then(Object(Closure))
#30 C:\\xampp\\htdocs\\insure_daily\\vendor\\laravel\\framework\\src\\Illuminate\\Routing\\Router.php(698): Illuminate\\Routing\\Router->runRouteWithinStack(Object(Illuminate\\Routing\\Route), Object(Illuminate\\Http\\Request))
#31 C:\\xampp\\htdocs\\insure_daily\\vendor\\laravel\\framework\\src\\Illuminate\\Routing\\Router.php(662): Illuminate\\Routing\\Router->runRoute(Object(Illuminate\\Http\\Request), Object(Illuminate\\Routing\\Route))
#32 C:\\xampp\\htdocs\\insure_daily\\vendor\\laravel\\framework\\src\\Illuminate\\Routing\\Router.php(651): Illuminate\\Routing\\Router->dispatchToRoute(Object(Illuminate\\Http\\Request))
#33 C:\\xampp\\htdocs\\insure_daily\\vendor\\laravel\\framework\\src\\Illuminate\\Foundation\\Http\\Kernel.php(167): Illuminate\\Routing\\Router->dispatch(Object(Illuminate\\Http\\Request))
#34 C:\\xampp\\htdocs\\insure_daily\\vendor\\laravel\\framework\\src\\Illuminate\\Pipeline\\Pipeline.php(128): Illuminate\\Foundation\\Http\\Kernel->Illuminate\\Foundation\\Http\\{closure}(Object(Illuminate\\Http\\Request))
#35 C:\\xampp\\htdocs\\insure_daily\\vendor\\laravel\\framework\\src\\Illuminate\\Foundation\\Http\\Middleware\\TransformsRequest.php(21): Illuminate\\Pipeline\\Pipeline->Illuminate\\Pipeline\\{closure}(Object(Illuminate\\Http\\Request))
#36 C:\\xampp\\htdocs\\insure_daily\\vendor\\laravel\\framework\\src\\Illuminate\\Foundation\\Http\\Middleware\\ConvertEmptyStringsToNull.php(31): Illuminate\\Foundation\\Http\\Middleware\\TransformsRequest->handle(Object(Illuminate\\Http\\Request), Object(Closure))
#37 C:\\xampp\\htdocs\\insure_daily\\vendor\\laravel\\framework\\src\\Illuminate\\Pipeline\\Pipeline.php(167): Illuminate\\Foundation\\Http\\Middleware\\ConvertEmptyStringsToNull->handle(Object(Illuminate\\Http\\Request), Object(Closure))
#38 C:\\xampp\\htdocs\\insure_daily\\vendor\\laravel\\framework\\src\\Illuminate\\Foundation\\Http\\Middleware\\TransformsRequest.php(21): Illuminate\\Pipeline\\Pipeline->Illuminate\\Pipeline\\{closure}(Object(Illuminate\\Http\\Request))
#39 C:\\xampp\\htdocs\\insure_daily\\vendor\\laravel\\framework\\src\\Illuminate\\Foundation\\Http\\Middleware\\TrimStrings.php(40): Illuminate\\Foundation\\Http\\Middleware\\TransformsRequest->handle(Object(Illuminate\\Http\\Request), Object(Closure))
#40 C:\\xampp\\htdocs\\insure_daily\\vendor\\laravel\\framework\\src\\Illuminate\\Pipeline\\Pipeline.php(167): Illuminate\\Foundation\\Http\\Middleware\\TrimStrings->handle(Object(Illuminate\\Http\\Request), Object(Closure))
#41 C:\\xampp\\htdocs\\insure_daily\\vendor\\laravel\\framework\\src\\Illuminate\\Foundation\\Http\\Middleware\\ValidatePostSize.php(27): Illuminate\\Pipeline\\Pipeline->Illuminate\\Pipeline\\{closure}(Object(Illuminate\\Http\\Request))
#42 C:\\xampp\\htdocs\\insure_daily\\vendor\\laravel\\framework\\src\\Illuminate\\Pipeline\\Pipeline.php(167): Illuminate\\Foundation\\Http\\Middleware\\ValidatePostSize->handle(Object(Illuminate\\Http\\Request), Object(Closure))
#43 C:\\xampp\\htdocs\\insure_daily\\vendor\\laravel\\framework\\src\\Illuminate\\Foundation\\Http\\Middleware\\PreventRequestsDuringMaintenance.php(86): Illuminate\\Pipeline\\Pipeline->Illuminate\\Pipeline\\{closure}(Object(Illuminate\\Http\\Request))
#44 C:\\xampp\\htdocs\\insure_daily\\vendor\\laravel\\framework\\src\\Illuminate\\Pipeline\\Pipeline.php(167): Illuminate\\Foundation\\Http\\Middleware\\PreventRequestsDuringMaintenance->handle(Object(Illuminate\\Http\\Request), Object(Closure))
#45 C:\\xampp\\htdocs\\insure_daily\\vendor\\fruitcake\\laravel-cors\\src\\HandleCors.php(38): Illuminate\\Pipeline\\Pipeline->Illuminate\\Pipeline\\{closure}(Object(Illuminate\\Http\\Request))
#46 C:\\xampp\\htdocs\\insure_daily\\vendor\\laravel\\framework\\src\\Illuminate\\Pipeline\\Pipeline.php(167): Fruitcake\\Cors\\HandleCors->handle(Object(Illuminate\\Http\\Request), Object(Closure))
#47 C:\\xampp\\htdocs\\insure_daily\\vendor\\laravel\\framework\\src\\Illuminate\\Http\\Middleware\\TrustProxies.php(39): Illuminate\\Pipeline\\Pipeline->Illuminate\\Pipeline\\{closure}(Object(Illuminate\\Http\\Request))
#48 C:\\xampp\\htdocs\\insure_daily\\vendor\\laravel\\framework\\src\\Illuminate\\Pipeline\\Pipeline.php(167): Illuminate\\Http\\Middleware\\TrustProxies->handle(Object(Illuminate\\Http\\Request), Object(Closure))
#49 C:\\xampp\\htdocs\\insure_daily\\vendor\\laravel\\framework\\src\\Illuminate\\Pipeline\\Pipeline.php(103): Illuminate\\Pipeline\\Pipeline->Illuminate\\Pipeline\\{closure}(Object(Illuminate\\Http\\Request))
#50 C:\\xampp\\htdocs\\insure_daily\\vendor\\laravel\\framework\\src\\Illuminate\\Foundation\\Http\\Kernel.php(142): Illuminate\\Pipeline\\Pipeline->then(Object(Closure))
#51 C:\\xampp\\htdocs\\insure_daily\\vendor\\laravel\\framework\\src\\Illuminate\\Foundation\\Http\\Kernel.php(111): Illuminate\\Foundation\\Http\\Kernel->sendRequestThroughRouter(Object(Illuminate\\Http\\Request))
#52 C:\\xampp\\htdocs\\insure_daily\\public\\index.php(52): Illuminate\\Foundation\\Http\\Kernel->handle(Object(Illuminate\\Http\\Request))
#53 C:\\xampp\\htdocs\\insure_daily\\index.php(21): require_once('C:\\\\xampp\\\\htdocs...')
#54 {main}

[previous exception] [object] (PDOException(code: 1049): SQLSTATE[HY000] [1049] Unknown database 'new' at C:\\xampp\\htdocs\\insure_daily\\vendor\\laravel\\framework\\src\\Illuminate\\Database\\Connectors\\Connector.php:70)
[stacktrace]
#0 C:\\xampp\\htdocs\\insure_daily\\vendor\\laravel\\framework\\src\\Illuminate\\Database\\Connectors\\Connector.php(70): PDO->__construct('mysql:host=127....', 'root', '', Array)
#1 C:\\xampp\\htdocs\\insure_daily\\vendor\\laravel\\framework\\src\\Illuminate\\Database\\Connectors\\Connector.php(46): Illuminate\\Database\\Connectors\\Connector->createPdoConnection('mysql:host=127....', 'root', '', Array)
#2 C:\\xampp\\htdocs\\insure_daily\\vendor\\laravel\\framework\\src\\Illuminate\\Database\\Connectors\\MySqlConnector.php(24): Illuminate\\Database\\Connectors\\Connector->createConnection('mysql:host=127....', Array, Array)
#3 C:\\xampp\\htdocs\\insure_daily\\vendor\\laravel\\framework\\src\\Illuminate\\Database\\Connectors\\ConnectionFactory.php(184): Illuminate\\Database\\Connectors\\MySqlConnector->connect(Array)
#4 [internal function]: Illuminate\\Database\\Connectors\\ConnectionFactory->Illuminate\\Database\\Connectors\\{closure}()
#5 C:\\xampp\\htdocs\\insure_daily\\vendor\\laravel\\framework\\src\\Illuminate\\Database\\Connection.php(1064): call_user_func(Object(Closure))
#6 C:\\xampp\\htdocs\\insure_daily\\vendor\\laravel\\framework\\src\\Illuminate\\Database\\Connection.php(1100): Illuminate\\Database\\Connection->getPdo()
#7 C:\\xampp\\htdocs\\insure_daily\\vendor\\laravel\\framework\\src\\Illuminate\\Database\\Connection.php(442): Illuminate\\Database\\Connection->getReadPdo()
#8 C:\\xampp\\htdocs\\insure_daily\\vendor\\laravel\\framework\\src\\Illuminate\\Database\\Connection.php(368): Illuminate\\Database\\Connection->getPdoForSelect(true)
#9 C:\\xampp\\htdocs\\insure_daily\\vendor\\laravel\\framework\\src\\Illuminate\\Database\\Connection.php(705): Illuminate\\Database\\Connection->Illuminate\\Database\\{closure}('select * from `...', Array)
#10 C:\\xampp\\htdocs\\insure_daily\\vendor\\laravel\\framework\\src\\Illuminate\\Database\\Connection.php(672): Illuminate\\Database\\Connection->runQueryCallback('select * from `...', Array, Object(Closure))
#11 C:\\xampp\\htdocs\\insure_daily\\vendor\\laravel\\framework\\src\\Illuminate\\Database\\Connection.php(376): Illuminate\\Database\\Connection->run('select * from `...', Array, Object(Closure))
#12 C:\\xampp\\htdocs\\insure_daily\\vendor\\laravel\\framework\\src\\Illuminate\\Database\\Query\\Builder.php(2414): Illuminate\\Database\\Connection->select('select * from `...', Array, true)
#13 C:\\xampp\\htdocs\\insure_daily\\vendor\\laravel\\framework\\src\\Illuminate\\Database\\Query\\Builder.php(2402): Illuminate\\Database\\Query\\Builder->runSelect()
#14 C:\\xampp\\htdocs\\insure_daily\\vendor\\laravel\\framework\\src\\Illuminate\\Database\\Query\\Builder.php(2936): Illuminate\\Database\\Query\\Builder->Illuminate\\Database\\Query\\{closure}()
#15 C:\\xampp\\htdocs\\insure_daily\\vendor\\laravel\\framework\\src\\Illuminate\\Database\\Query\\Builder.php(2403): Illuminate\\Database\\Query\\Builder->onceWithColumns(Array, Object(Closure))
#16 C:\\xampp\\htdocs\\insure_daily\\vendor\\laravel\\framework\\src\\Illuminate\\Database\\Eloquent\\Builder.php(625): Illuminate\\Database\\Query\\Builder->get(Array)
#17 C:\\xampp\\htdocs\\insure_daily\\vendor\\laravel\\framework\\src\\Illuminate\\Database\\Eloquent\\Builder.php(609): Illuminate\\Database\\Eloquent\\Builder->getModels(Array)
#18 C:\\xampp\\htdocs\\insure_daily\\app\\Http\\Controllers\\Web\\WebsiteController.php(14): Illuminate\\Database\\Eloquent\\Builder->get()
#19 C:\\xampp\\htdocs\\insure_daily\\vendor\\laravel\\framework\\src\\Illuminate\\Routing\\Controller.php(54): App\\Http\\Controllers\\Web\\WebsiteController->webIndex()
#20 C:\\xampp\\htdocs\\insure_daily\\vendor\\laravel\\framework\\src\\Illuminate\\Routing\\ControllerDispatcher.php(45): Illuminate\\Routing\\Controller->callAction('webIndex', Array)
#21 C:\\xampp\\htdocs\\insure_daily\\vendor\\laravel\\framework\\src\\Illuminate\\Routing\\Route.php(262): Illuminate\\Routing\\ControllerDispatcher->dispatch(Object(Illuminate\\Routing\\Route), Object(App\\Http\\Controllers\\Web\\WebsiteController), 'webIndex')
#22 C:\\xampp\\htdocs\\insure_daily\\vendor\\laravel\\framework\\src\\Illuminate\\Routing\\Route.php(205): Illuminate\\Routing\\Route->runController()
#23 C:\\xampp\\htdocs\\insure_daily\\vendor\\laravel\\framework\\src\\Illuminate\\Routing\\Router.php(721): Illuminate\\Routing\\Route->run()
#24 C:\\xampp\\htdocs\\insure_daily\\vendor\\laravel\\framework\\src\\Illuminate\\Pipeline\\Pipeline.php(128): Illuminate\\Routing\\Router->Illuminate\\Routing\\{closure}(Object(Illuminate\\Http\\Request))
#25 C:\\xampp\\htdocs\\insure_daily\\vendor\\laravel\\framework\\src\\Illuminate\\Routing\\Middleware\\SubstituteBindings.php(50): Illuminate\\Pipeline\\Pipeline->Illuminate\\Pipeline\\{closure}(Object(Illuminate\\Http\\Request))
#26 C:\\xampp\\htdocs\\insure_daily\\vendor\\laravel\\framework\\src\\Illuminate\\Pipeline\\Pipeline.php(167): Illuminate\\Routing\\Middleware\\SubstituteBindings->handle(Object(Illuminate\\Http\\Request), Object(Closure))
#27 C:\\xampp\\htdocs\\insure_daily\\vendor\\laravel\\framework\\src\\Illuminate\\Foundation\\Http\\Middleware\\VerifyCsrfToken.php(78): Illuminate\\Pipeline\\Pipeline->Illuminate\\Pipeline\\{closure}(Object(Illuminate\\Http\\Request))
#28 C:\\xampp\\htdocs\\insure_daily\\vendor\\laravel\\framework\\src\\Illuminate\\Pipeline\\Pipeline.php(167): Illuminate\\Foundation\\Http\\Middleware\\VerifyCsrfToken->handle(Object(Illuminate\\Http\\Request), Object(Closure))
#29 C:\\xampp\\htdocs\\insure_daily\\vendor\\laravel\\framework\\src\\Illuminate\\View\\Middleware\\ShareErrorsFromSession.php(49): Illuminate\\Pipeline\\Pipeline->Illuminate\\Pipeline\\{closure}(Object(Illuminate\\Http\\Request))
#30 C:\\xampp\\htdocs\\insure_daily\\vendor\\laravel\\framework\\src\\Illuminate\\Pipeline\\Pipeline.php(167): Illuminate\\View\\Middleware\\ShareErrorsFromSession->handle(Object(Illuminate\\Http\\Request), Object(Closure))
#31 C:\\xampp\\htdocs\\insure_daily\\vendor\\laravel\\framework\\src\\Illuminate\\Session\\Middleware\\StartSession.php(121): Illuminate\\Pipeline\\Pipeline->Illuminate\\Pipeline\\{closure}(Object(Illuminate\\Http\\Request))
#32 C:\\xampp\\htdocs\\insure_daily\\vendor\\laravel\\framework\\src\\Illuminate\\Session\\Middleware\\StartSession.php(64): Illuminate\\Session\\Middleware\\StartSession->handleStatefulRequest(Object(Illuminate\\Http\\Request), Object(Illuminate\\Session\\Store), Object(Closure))
#33 C:\\xampp\\htdocs\\insure_daily\\vendor\\laravel\\framework\\src\\Illuminate\\Pipeline\\Pipeline.php(167): Illuminate\\Session\\Middleware\\StartSession->handle(Object(Illuminate\\Http\\Request), Object(Closure))
#34 C:\\xampp\\htdocs\\insure_daily\\vendor\\laravel\\framework\\src\\Illuminate\\Cookie\\Middleware\\AddQueuedCookiesToResponse.php(37): Illuminate\\Pipeline\\Pipeline->Illuminate\\Pipeline\\{closure}(Object(Illuminate\\Http\\Request))
#35 C:\\xampp\\htdocs\\insure_daily\\vendor\\laravel\\framework\\src\\Illuminate\\Pipeline\\Pipeline.php(167): Illuminate\\Cookie\\Middleware\\AddQueuedCookiesToResponse->handle(Object(Illuminate\\Http\\Request), Object(Closure))
#36 C:\\xampp\\htdocs\\insure_daily\\vendor\\laravel\\framework\\src\\Illuminate\\Cookie\\Middleware\\EncryptCookies.php(67): Illuminate\\Pipeline\\Pipeline->Illuminate\\Pipeline\\{closure}(Object(Illuminate\\Http\\Request))
#37 C:\\xampp\\htdocs\\insure_daily\\vendor\\laravel\\framework\\src\\Illuminate\\Pipeline\\Pipeline.php(167): Illuminate\\Cookie\\Middleware\\EncryptCookies->handle(Object(Illuminate\\Http\\Request), Object(Closure))
#38 C:\\xampp\\htdocs\\insure_daily\\vendor\\laravel\\framework\\src\\Illuminate\\Pipeline\\Pipeline.php(103): Illuminate\\Pipeline\\Pipeline->Illuminate\\Pipeline\\{closure}(Object(Illuminate\\Http\\Request))
#39 C:\\xampp\\htdocs\\insure_daily\\vendor\\laravel\\framework\\src\\Illuminate\\Routing\\Router.php(723): Illuminate\\Pipeline\\Pipeline->then(Object(Closure))
#40 C:\\xampp\\htdocs\\insure_daily\\vendor\\laravel\\framework\\src\\Illuminate\\Routing\\Router.php(698): Illuminate\\Routing\\Router->runRouteWithinStack(Object(Illuminate\\Routing\\Route), Object(Illuminate\\Http\\Request))
#41 C:\\xampp\\htdocs\\insure_daily\\vendor\\laravel\\framework\\src\\Illuminate\\Routing\\Router.php(662): Illuminate\\Routing\\Router->runRoute(Object(Illuminate\\Http\\Request), Object(Illuminate\\Routing\\Route))
#42 C:\\xampp\\htdocs\\insure_daily\\vendor\\laravel\\framework\\src\\Illuminate\\Routing\\Router.php(651): Illuminate\\Routing\\Router->dispatchToRoute(Object(Illuminate\\Http\\Request))
#43 C:\\xampp\\htdocs\\insure_daily\\vendor\\laravel\\framework\\src\\Illuminate\\Foundation\\Http\\Kernel.php(167): Illuminate\\Routing\\Router->dispatch(Object(Illuminate\\Http\\Request))
#44 C:\\xampp\\htdocs\\insure_daily\\vendor\\laravel\\framework\\src\\Illuminate\\Pipeline\\Pipeline.php(128): Illuminate\\Foundation\\Http\\Kernel->Illuminate\\Foundation\\Http\\{closure}(Object(Illuminate\\Http\\Request))
#45 C:\\xampp\\htdocs\\insure_daily\\vendor\\laravel\\framework\\src\\Illuminate\\Foundation\\Http\\Middleware\\TransformsRequest.php(21): Illuminate\\Pipeline\\Pipeline->Illuminate\\Pipeline\\{closure}(Object(Illuminate\\Http\\Request))
#46 C:\\xampp\\htdocs\\insure_daily\\vendor\\laravel\\framework\\src\\Illuminate\\Foundation\\Http\\Middleware\\ConvertEmptyStringsToNull.php(31): Illuminate\\Foundation\\Http\\Middleware\\TransformsRequest->handle(Object(Illuminate\\Http\\Request), Object(Closure))
#47 C:\\xampp\\htdocs\\insure_daily\\vendor\\laravel\\framework\\src\\Illuminate\\Pipeline\\Pipeline.php(167): Illuminate\\Foundation\\Http\\Middleware\\ConvertEmptyStringsToNull->handle(Object(Illuminate\\Http\\Request), Object(Closure))
#48 C:\\xampp\\htdocs\\insure_daily\\vendor\\laravel\\framework\\src\\Illuminate\\Foundation\\Http\\Middleware\\TransformsRequest.php(21): Illuminate\\Pipeline\\Pipeline->Illuminate\\Pipeline\\{closure}(Object(Illuminate\\Http\\Request))
#49 C:\\xampp\\htdocs\\insure_daily\\vendor\\laravel\\framework\\src\\Illuminate\\Foundation\\Http\\Middleware\\TrimStrings.php(40): Illuminate\\Foundation\\Http\\Middleware\\TransformsRequest->handle(Object(Illuminate\\Http\\Request), Object(Closure))
#50 C:\\xampp\\htdocs\\insure_daily\\vendor\\laravel\\framework\\src\\Illuminate\\Pipeline\\Pipeline.php(167): Illuminate\\Foundation\\Http\\Middleware\\TrimStrings->handle(Object(Illuminate\\Http\\Request), Object(Closure))
#51 C:\\xampp\\htdocs\\insure_daily\\vendor\\laravel\\framework\\src\\Illuminate\\Foundation\\Http\\Middleware\\ValidatePostSize.php(27): Illuminate\\Pipeline\\Pipeline->Illuminate\\Pipeline\\{closure}(Object(Illuminate\\Http\\Request))
#52 C:\\xampp\\htdocs\\insure_daily\\vendor\\laravel\\framework\\src\\Illuminate\\Pipeline\\Pipeline.php(167): Illuminate\\Foundation\\Http\\Middleware\\ValidatePostSize->handle(Object(Illuminate\\Http\\Request), Object(Closure))
#53 C:\\xampp\\htdocs\\insure_daily\\vendor\\laravel\\framework\\src\\Illuminate\\Foundation\\Http\\Middleware\\PreventRequestsDuringMaintenance.php(86): Illuminate\\Pipeline\\Pipeline->Illuminate\\Pipeline\\{closure}(Object(Illuminate\\Http\\Request))
#54 C:\\xampp\\htdocs\\insure_daily\\vendor\\laravel\\framework\\src\\Illuminate\\Pipeline\\Pipeline.php(167): Illuminate\\Foundation\\Http\\Middleware\\PreventRequestsDuringMaintenance->handle(Object(Illuminate\\Http\\Request), Object(Closure))
#55 C:\\xampp\\htdocs\\insure_daily\\vendor\\fruitcake\\laravel-cors\\src\\HandleCors.php(38): Illuminate\\Pipeline\\Pipeline->Illuminate\\Pipeline\\{closure}(Object(Illuminate\\Http\\Request))
#56 C:\\xampp\\htdocs\\insure_daily\\vendor\\laravel\\framework\\src\\Illuminate\\Pipeline\\Pipeline.php(167): Fruitcake\\Cors\\HandleCors->handle(Object(Illuminate\\Http\\Request), Object(Closure))
#57 C:\\xampp\\htdocs\\insure_daily\\vendor\\laravel\\framework\\src\\Illuminate\\Http\\Middleware\\TrustProxies.php(39): Illuminate\\Pipeline\\Pipeline->Illuminate\\Pipeline\\{closure}(Object(Illuminate\\Http\\Request))
#58 C:\\xampp\\htdocs\\insure_daily\\vendor\\laravel\\framework\\src\\Illuminate\\Pipeline\\Pipeline.php(167): Illuminate\\Http\\Middleware\\TrustProxies->handle(Object(Illuminate\\Http\\Request), Object(Closure))
#59 C:\\xampp\\htdocs\\insure_daily\\vendor\\laravel\\framework\\src\\Illuminate\\Pipeline\\Pipeline.php(103): Illuminate\\Pipeline\\Pipeline->Illuminate\\Pipeline\\{closure}(Object(Illuminate\\Http\\Request))
#60 C:\\xampp\\htdocs\\insure_daily\\vendor\\laravel\\framework\\src\\Illuminate\\Foundation\\Http\\Kernel.php(142): Illuminate\\Pipeline\\Pipeline->then(Object(Closure))
#61 C:\\xampp\\htdocs\\insure_daily\\vendor\\laravel\\framework\\src\\Illuminate\\Foundation\\Http\\Kernel.php(111): Illuminate\\Foundation\\Http\\Kernel->sendRequestThroughRouter(Object(Illuminate\\Http\\Request))
#62 C:\\xampp\\htdocs\\insure_daily\\public\\index.php(52): Illuminate\\Foundation\\Http\\Kernel->handle(Object(Illuminate\\Http\\Request))
#63 C:\\xampp\\htdocs\\insure_daily\\index.php(21): require_once('C:\\\\xampp\\\\htdocs...')
#64 {main}
"} 
[2025-04-16 12:49:52] production.ERROR: No application encryption key has been specified. {"exception":"[object] (Illuminate\\Encryption\\MissingAppKeyException(code: 0): No application encryption key has been specified. at C:\\xampp\\htdocs\\nimble_fins\\vendor\\laravel\\framework\\src\\Illuminate\\Encryption\\EncryptionServiceProvider.php:101)
[stacktrace]
#0 C:\\xampp\\htdocs\\nimble_fins\\vendor\\laravel\\framework\\src\\Illuminate\\Support\\helpers.php(263): Illuminate\\Encryption\\EncryptionServiceProvider->Illuminate\\Encryption\\{closure}(NULL)
#1 C:\\xampp\\htdocs\\nimble_fins\\vendor\\laravel\\framework\\src\\Illuminate\\Encryption\\EncryptionServiceProvider.php(103): tap(NULL, Object(Closure))
#2 C:\\xampp\\htdocs\\nimble_fins\\vendor\\laravel\\framework\\src\\Illuminate\\Encryption\\EncryptionServiceProvider.php(82): Illuminate\\Encryption\\EncryptionServiceProvider->key(Array)
#3 C:\\xampp\\htdocs\\nimble_fins\\vendor\\laravel\\framework\\src\\Illuminate\\Encryption\\EncryptionServiceProvider.php(34): Illuminate\\Encryption\\EncryptionServiceProvider->parseKey(Array)
#4 C:\\xampp\\htdocs\\nimble_fins\\vendor\\laravel\\framework\\src\\Illuminate\\Container\\Container.php(873): Illuminate\\Encryption\\EncryptionServiceProvider->Illuminate\\Encryption\\{closure}(Object(Illuminate\\Foundation\\Application), Array)
#5 C:\\xampp\\htdocs\\nimble_fins\\vendor\\laravel\\framework\\src\\Illuminate\\Container\\Container.php(758): Illuminate\\Container\\Container->build(Object(Closure))
#6 C:\\xampp\\htdocs\\nimble_fins\\vendor\\laravel\\framework\\src\\Illuminate\\Foundation\\Application.php(853): Illuminate\\Container\\Container->resolve('encrypter', Array, true)
#7 C:\\xampp\\htdocs\\nimble_fins\\vendor\\laravel\\framework\\src\\Illuminate\\Container\\Container.php(694): Illuminate\\Foundation\\Application->resolve('encrypter', Array)
#8 C:\\xampp\\htdocs\\nimble_fins\\vendor\\laravel\\framework\\src\\Illuminate\\Foundation\\Application.php(838): Illuminate\\Container\\Container->make('encrypter', Array)
#9 C:\\xampp\\htdocs\\nimble_fins\\vendor\\laravel\\framework\\src\\Illuminate\\Container\\Container.php(1027): Illuminate\\Foundation\\Application->make('encrypter')
#10 C:\\xampp\\htdocs\\nimble_fins\\vendor\\laravel\\framework\\src\\Illuminate\\Container\\Container.php(947): Illuminate\\Container\\Container->resolveClass(Object(ReflectionParameter))
#11 C:\\xampp\\htdocs\\nimble_fins\\vendor\\laravel\\framework\\src\\Illuminate\\Container\\Container.php(908): Illuminate\\Container\\Container->resolveDependencies(Array)
#12 C:\\xampp\\htdocs\\nimble_fins\\vendor\\laravel\\framework\\src\\Illuminate\\Container\\Container.php(758): Illuminate\\Container\\Container->build('App\\\\Http\\\\Middle...')
#13 C:\\xampp\\htdocs\\nimble_fins\\vendor\\laravel\\framework\\src\\Illuminate\\Foundation\\Application.php(853): Illuminate\\Container\\Container->resolve('App\\\\Http\\\\Middle...', Array, true)
#14 C:\\xampp\\htdocs\\nimble_fins\\vendor\\laravel\\framework\\src\\Illuminate\\Container\\Container.php(694): Illuminate\\Foundation\\Application->resolve('App\\\\Http\\\\Middle...', Array)
#15 C:\\xampp\\htdocs\\nimble_fins\\vendor\\laravel\\framework\\src\\Illuminate\\Foundation\\Application.php(838): Illuminate\\Container\\Container->make('App\\\\Http\\\\Middle...', Array)
#16 C:\\xampp\\htdocs\\nimble_fins\\vendor\\laravel\\framework\\src\\Illuminate\\Pipeline\\Pipeline.php(156): Illuminate\\Foundation\\Application->make('App\\\\Http\\\\Middle...')
#17 C:\\xampp\\htdocs\\nimble_fins\\vendor\\laravel\\framework\\src\\Illuminate\\Pipeline\\Pipeline.php(103): Illuminate\\Pipeline\\Pipeline->Illuminate\\Pipeline\\{closure}(Object(Illuminate\\Http\\Request))
#18 C:\\xampp\\htdocs\\nimble_fins\\vendor\\laravel\\framework\\src\\Illuminate\\Routing\\Router.php(723): Illuminate\\Pipeline\\Pipeline->then(Object(Closure))
#19 C:\\xampp\\htdocs\\nimble_fins\\vendor\\laravel\\framework\\src\\Illuminate\\Routing\\Router.php(698): Illuminate\\Routing\\Router->runRouteWithinStack(Object(Illuminate\\Routing\\Route), Object(Illuminate\\Http\\Request))
#20 C:\\xampp\\htdocs\\nimble_fins\\vendor\\laravel\\framework\\src\\Illuminate\\Routing\\Router.php(662): Illuminate\\Routing\\Router->runRoute(Object(Illuminate\\Http\\Request), Object(Illuminate\\Routing\\Route))
#21 C:\\xampp\\htdocs\\nimble_fins\\vendor\\laravel\\framework\\src\\Illuminate\\Routing\\Router.php(651): Illuminate\\Routing\\Router->dispatchToRoute(Object(Illuminate\\Http\\Request))
#22 C:\\xampp\\htdocs\\nimble_fins\\vendor\\laravel\\framework\\src\\Illuminate\\Foundation\\Http\\Kernel.php(167): Illuminate\\Routing\\Router->dispatch(Object(Illuminate\\Http\\Request))
#23 C:\\xampp\\htdocs\\nimble_fins\\vendor\\laravel\\framework\\src\\Illuminate\\Pipeline\\Pipeline.php(128): Illuminate\\Foundation\\Http\\Kernel->Illuminate\\Foundation\\Http\\{closure}(Object(Illuminate\\Http\\Request))
#24 C:\\xampp\\htdocs\\nimble_fins\\vendor\\laravel\\framework\\src\\Illuminate\\Foundation\\Http\\Middleware\\TransformsRequest.php(21): Illuminate\\Pipeline\\Pipeline->Illuminate\\Pipeline\\{closure}(Object(Illuminate\\Http\\Request))
#25 C:\\xampp\\htdocs\\nimble_fins\\vendor\\laravel\\framework\\src\\Illuminate\\Foundation\\Http\\Middleware\\ConvertEmptyStringsToNull.php(31): Illuminate\\Foundation\\Http\\Middleware\\TransformsRequest->handle(Object(Illuminate\\Http\\Request), Object(Closure))
#26 C:\\xampp\\htdocs\\nimble_fins\\vendor\\laravel\\framework\\src\\Illuminate\\Pipeline\\Pipeline.php(167): Illuminate\\Foundation\\Http\\Middleware\\ConvertEmptyStringsToNull->handle(Object(Illuminate\\Http\\Request), Object(Closure))
#27 C:\\xampp\\htdocs\\nimble_fins\\vendor\\laravel\\framework\\src\\Illuminate\\Foundation\\Http\\Middleware\\TransformsRequest.php(21): Illuminate\\Pipeline\\Pipeline->Illuminate\\Pipeline\\{closure}(Object(Illuminate\\Http\\Request))
#28 C:\\xampp\\htdocs\\nimble_fins\\vendor\\laravel\\framework\\src\\Illuminate\\Foundation\\Http\\Middleware\\TrimStrings.php(40): Illuminate\\Foundation\\Http\\Middleware\\TransformsRequest->handle(Object(Illuminate\\Http\\Request), Object(Closure))
#29 C:\\xampp\\htdocs\\nimble_fins\\vendor\\laravel\\framework\\src\\Illuminate\\Pipeline\\Pipeline.php(167): Illuminate\\Foundation\\Http\\Middleware\\TrimStrings->handle(Object(Illuminate\\Http\\Request), Object(Closure))
#30 C:\\xampp\\htdocs\\nimble_fins\\vendor\\laravel\\framework\\src\\Illuminate\\Foundation\\Http\\Middleware\\ValidatePostSize.php(27): Illuminate\\Pipeline\\Pipeline->Illuminate\\Pipeline\\{closure}(Object(Illuminate\\Http\\Request))
#31 C:\\xampp\\htdocs\\nimble_fins\\vendor\\laravel\\framework\\src\\Illuminate\\Pipeline\\Pipeline.php(167): Illuminate\\Foundation\\Http\\Middleware\\ValidatePostSize->handle(Object(Illuminate\\Http\\Request), Object(Closure))
#32 C:\\xampp\\htdocs\\nimble_fins\\vendor\\laravel\\framework\\src\\Illuminate\\Foundation\\Http\\Middleware\\PreventRequestsDuringMaintenance.php(86): Illuminate\\Pipeline\\Pipeline->Illuminate\\Pipeline\\{closure}(Object(Illuminate\\Http\\Request))
#33 C:\\xampp\\htdocs\\nimble_fins\\vendor\\laravel\\framework\\src\\Illuminate\\Pipeline\\Pipeline.php(167): Illuminate\\Foundation\\Http\\Middleware\\PreventRequestsDuringMaintenance->handle(Object(Illuminate\\Http\\Request), Object(Closure))
#34 C:\\xampp\\htdocs\\nimble_fins\\vendor\\fruitcake\\laravel-cors\\src\\HandleCors.php(38): Illuminate\\Pipeline\\Pipeline->Illuminate\\Pipeline\\{closure}(Object(Illuminate\\Http\\Request))
#35 C:\\xampp\\htdocs\\nimble_fins\\vendor\\laravel\\framework\\src\\Illuminate\\Pipeline\\Pipeline.php(167): Fruitcake\\Cors\\HandleCors->handle(Object(Illuminate\\Http\\Request), Object(Closure))
#36 C:\\xampp\\htdocs\\nimble_fins\\vendor\\laravel\\framework\\src\\Illuminate\\Http\\Middleware\\TrustProxies.php(39): Illuminate\\Pipeline\\Pipeline->Illuminate\\Pipeline\\{closure}(Object(Illuminate\\Http\\Request))
#37 C:\\xampp\\htdocs\\nimble_fins\\vendor\\laravel\\framework\\src\\Illuminate\\Pipeline\\Pipeline.php(167): Illuminate\\Http\\Middleware\\TrustProxies->handle(Object(Illuminate\\Http\\Request), Object(Closure))
#38 C:\\xampp\\htdocs\\nimble_fins\\vendor\\laravel\\framework\\src\\Illuminate\\Pipeline\\Pipeline.php(103): Illuminate\\Pipeline\\Pipeline->Illuminate\\Pipeline\\{closure}(Object(Illuminate\\Http\\Request))
#39 C:\\xampp\\htdocs\\nimble_fins\\vendor\\laravel\\framework\\src\\Illuminate\\Foundation\\Http\\Kernel.php(142): Illuminate\\Pipeline\\Pipeline->then(Object(Closure))
#40 C:\\xampp\\htdocs\\nimble_fins\\vendor\\laravel\\framework\\src\\Illuminate\\Foundation\\Http\\Kernel.php(111): Illuminate\\Foundation\\Http\\Kernel->sendRequestThroughRouter(Object(Illuminate\\Http\\Request))
#41 C:\\xampp\\htdocs\\nimble_fins\\public\\index.php(52): Illuminate\\Foundation\\Http\\Kernel->handle(Object(Illuminate\\Http\\Request))
#42 C:\\xampp\\htdocs\\nimble_fins\\index.php(21): require_once('C:\\\\xampp\\\\htdocs...')
#43 {main}
"} 
[2025-04-16 12:49:52] production.ERROR: No application encryption key has been specified. {"exception":"[object] (Illuminate\\Encryption\\MissingAppKeyException(code: 0): No application encryption key has been specified. at C:\\xampp\\htdocs\\nimble_fins\\vendor\\laravel\\framework\\src\\Illuminate\\Encryption\\EncryptionServiceProvider.php:101)
[stacktrace]
#0 C:\\xampp\\htdocs\\nimble_fins\\vendor\\laravel\\framework\\src\\Illuminate\\Support\\helpers.php(263): Illuminate\\Encryption\\EncryptionServiceProvider->Illuminate\\Encryption\\{closure}(NULL)
#1 C:\\xampp\\htdocs\\nimble_fins\\vendor\\laravel\\framework\\src\\Illuminate\\Encryption\\EncryptionServiceProvider.php(103): tap(NULL, Object(Closure))
#2 C:\\xampp\\htdocs\\nimble_fins\\vendor\\laravel\\framework\\src\\Illuminate\\Encryption\\EncryptionServiceProvider.php(82): Illuminate\\Encryption\\EncryptionServiceProvider->key(Array)
#3 C:\\xampp\\htdocs\\nimble_fins\\vendor\\laravel\\framework\\src\\Illuminate\\Encryption\\EncryptionServiceProvider.php(34): Illuminate\\Encryption\\EncryptionServiceProvider->parseKey(Array)
#4 C:\\xampp\\htdocs\\nimble_fins\\vendor\\laravel\\framework\\src\\Illuminate\\Container\\Container.php(873): Illuminate\\Encryption\\EncryptionServiceProvider->Illuminate\\Encryption\\{closure}(Object(Illuminate\\Foundation\\Application), Array)
#5 C:\\xampp\\htdocs\\nimble_fins\\vendor\\laravel\\framework\\src\\Illuminate\\Container\\Container.php(758): Illuminate\\Container\\Container->build(Object(Closure))
#6 C:\\xampp\\htdocs\\nimble_fins\\vendor\\laravel\\framework\\src\\Illuminate\\Foundation\\Application.php(853): Illuminate\\Container\\Container->resolve('encrypter', Array, true)
#7 C:\\xampp\\htdocs\\nimble_fins\\vendor\\laravel\\framework\\src\\Illuminate\\Container\\Container.php(694): Illuminate\\Foundation\\Application->resolve('encrypter', Array)
#8 C:\\xampp\\htdocs\\nimble_fins\\vendor\\laravel\\framework\\src\\Illuminate\\Foundation\\Application.php(838): Illuminate\\Container\\Container->make('encrypter', Array)
#9 C:\\xampp\\htdocs\\nimble_fins\\vendor\\laravel\\framework\\src\\Illuminate\\Container\\Container.php(1027): Illuminate\\Foundation\\Application->make('encrypter')
#10 C:\\xampp\\htdocs\\nimble_fins\\vendor\\laravel\\framework\\src\\Illuminate\\Container\\Container.php(947): Illuminate\\Container\\Container->resolveClass(Object(ReflectionParameter))
#11 C:\\xampp\\htdocs\\nimble_fins\\vendor\\laravel\\framework\\src\\Illuminate\\Container\\Container.php(908): Illuminate\\Container\\Container->resolveDependencies(Array)
#12 C:\\xampp\\htdocs\\nimble_fins\\vendor\\laravel\\framework\\src\\Illuminate\\Container\\Container.php(758): Illuminate\\Container\\Container->build('App\\\\Http\\\\Middle...')
#13 C:\\xampp\\htdocs\\nimble_fins\\vendor\\laravel\\framework\\src\\Illuminate\\Foundation\\Application.php(853): Illuminate\\Container\\Container->resolve('App\\\\Http\\\\Middle...', Array, true)
#14 C:\\xampp\\htdocs\\nimble_fins\\vendor\\laravel\\framework\\src\\Illuminate\\Container\\Container.php(694): Illuminate\\Foundation\\Application->resolve('App\\\\Http\\\\Middle...', Array)
#15 C:\\xampp\\htdocs\\nimble_fins\\vendor\\laravel\\framework\\src\\Illuminate\\Foundation\\Application.php(838): Illuminate\\Container\\Container->make('App\\\\Http\\\\Middle...', Array)
#16 C:\\xampp\\htdocs\\nimble_fins\\vendor\\laravel\\framework\\src\\Illuminate\\Foundation\\Http\\Kernel.php(206): Illuminate\\Foundation\\Application->make('App\\\\Http\\\\Middle...')
#17 C:\\xampp\\htdocs\\nimble_fins\\vendor\\laravel\\framework\\src\\Illuminate\\Foundation\\Http\\Kernel.php(180): Illuminate\\Foundation\\Http\\Kernel->terminateMiddleware(Object(Illuminate\\Http\\Request), Object(Illuminate\\Http\\Response))
#18 C:\\xampp\\htdocs\\nimble_fins\\public\\index.php(55): Illuminate\\Foundation\\Http\\Kernel->terminate(Object(Illuminate\\Http\\Request), Object(Illuminate\\Http\\Response))
#19 C:\\xampp\\htdocs\\nimble_fins\\index.php(21): require_once('C:\\\\xampp\\\\htdocs...')
#20 {main}
"} 
